Num,x1,x2,x3,x4,x5,x1Name,x2Name,x3Name,x4Name,x5Name,account,subArea,Population(K),GNI(M$)
1,jp,1,,,,Japan,Hokkaido,,,,,,5045,
2,jp,1,1002,,,Japan,Hokkaido,Sapporo City,,,,,1956,
3,jp,1,2025,,,Japan,Hokkaido,Hakodate City,,,,,237,
4,jp,1,2033,,,Japan,Hokkaido,Otaru City,,,,,104,
5,jp,1,2041,,,Japan,Hokkaido,Asahikawa City,,,,,316,
6,jp,1,2050,,,Japan,Hokkaido,Muroran City,,,,,75,
7,jp,1,2068,,,Japan,Hokkaido,Kushiro City,,,,,154,
8,jp,1,2076,,,Japan,Hokkaido,Obihiro City,,,,,161,
9,jp,1,2084,,,Japan,Hokkaido,Kitami City,,,,,110,
10,jp,1,2092,,,Japan,Hokkaido,Yuubari City,,,,,6,
11,jp,1,2106,,,Japan,Hokkaido,Iwamizawa City,,,,,74,
12,jp,1,2114,,,Japan,Hokkaido,Abashiri City,,,,,32,
13,jp,1,2122,,,Japan,Hokkaido,Rumoi City,,,,,18,
14,jp,1,2131,,,Japan,Hokkaido,Tomakomai City,,,,,166,
15,jp,1,2149,,,Japan,Hokkaido,Wakkanai City,,,,,30,
16,jp,1,2157,,,Japan,Hokkaido,Bibai City,,,,,18,
17,jp,1,2165,,,Japan,Hokkaido,Ashibetsu City,,,,,11,
18,jp,1,2173,,,Japan,Hokkaido,Ebetsu City,,,,,118,
19,jp,1,2181,,,Japan,Hokkaido,Akabira City,,,,,8,
20,jp,1,2190,,,Japan,Hokkaido,Monbetsu City,,,,,20,
21,jp,1,2203,,,Japan,Hokkaido,Shibetsu City,,,,,16,
22,jp,1,2211,,,Japan,Hokkaido,Nayoro City,,,,,25,
23,jp,1,2220,,,Japan,Hokkaido,Mikasa City,,,,,7,
24,jp,1,2238,,,Japan,Hokkaido,Nemuro City,,,,,22,
25,jp,1,2246,,,Japan,Hokkaido,Chitose City,,,,,97,
26,jp,1,2254,,,Japan,Hokkaido,Takikawa City,,,,,37,
27,jp,1,2262,,,Japan,Hokkaido,Sunagawa City,,,,,15,
28,jp,1,2271,,,Japan,Hokkaido,Utashinai City,,,,,3,
29,jp,1,2289,,,Japan,Hokkaido,Fukagawa City,,,,,18,
30,jp,1,2297,,,Japan,Hokkaido,Furano City,,,,,20,
31,jp,1,2301,,,Japan,Hokkaido,Noboribetsu City,,,,,44,
32,jp,1,2319,,,Japan,Hokkaido,Eniwa City,,,,,70,
33,jp,1,2335,,,Japan,Hokkaido,Date City,,,,,31,
34,jp,1,2343,,,Japan,Hokkaido,Kitahiroshima City,,,,,56,
35,jp,1,2351,,,Japan,Hokkaido,Ishikari City,,,,,57,
36,jp,1,2360,,,Japan,Hokkaido,Hokuto City,,,,,43,
37,jp,1,3030,,,Japan,Hokkaido,Toubetsu Town,,,,,15,
38,jp,1,3048,,,Japan,Hokkaido,Shinshinotsu Village,,,,,3,
39,jp,1,3315,,,Japan,Hokkaido,Matsumae Town,,,,,6,
40,jp,1,3323,,,Japan,Hokkaido,Fukushima Town,,,,,3,
41,jp,1,3331,,,Japan,Hokkaido,Shiriuchi Town,,,,,4,
42,jp,1,3340,,,Japan,Hokkaido,Kikonai Town,,,,,4,
43,jp,1,3374,,,Japan,Hokkaido,Nanae Town,,,,,27,
44,jp,1,3439,,,Japan,Hokkaido,Shikabe Town,,,,,4,
45,jp,1,3455,,,Japan,Hokkaido,Mori Town,,,,,14,
46,jp,1,3463,,,Japan,Hokkaido,Yakumo Town,,,,,15,
47,jp,1,3471,,,Japan,Hokkaido,Oshamanbe Town,,,,,5,
48,jp,1,3617,,,Japan,Hokkaido,Hiyama Esashi Town,,,,,7,
49,jp,1,3625,,,Japan,Hokkaido,Kaminokuni Town,,,,,4,
50,jp,1,3633,,,Japan,Hokkaido,Assabu Town,,,,,3,
51,jp,1,3641,,,Japan,Hokkaido,Otobe Town,,,,,3,
52,jp,1,3676,,,Japan,Hokkaido,Okushiri Town,,,,,2,
53,jp,1,3706,,,Japan,Hokkaido,Imakane Town,,,,,4,
54,jp,1,3714,,,Japan,Hokkaido,Setana Town,,,,,7,
55,jp,1,3919,,,Japan,Hokkaido,Shimamaki Village,,,,,1,
56,jp,1,3927,,,Japan,Hokkaido,Suttsu Town,,,,,3,
57,jp,1,3935,,,Japan,Hokkaido,Kuromatsunai Town,,,,,2,
58,jp,1,3943,,,Japan,Hokkaido,Rankoshi Town,,,,,5,
59,jp,1,3951,,,Japan,Hokkaido,Niseko Town,,,,,6,
60,jp,1,3960,,,Japan,Hokkaido,Makkari Village,,,,,2,
61,jp,1,3978,,,Japan,Hokkaido,Rusutsu Village,,,,,2,
62,jp,1,3986,,,Japan,Hokkaido,Kimobetsu Town,,,,,2,
63,jp,1,3994,,,Japan,Hokkaido,Kyougoku Town,,,,,3,
64,jp,1,4001,,,Japan,Hokkaido,Kutchan Town,,,,,17,
65,jp,1,4010,,,Japan,Hokkaido,Kyouwa Town,,,,,5,
66,jp,1,4028,,,Japan,Hokkaido,Iwanai Town,,,,,11,
67,jp,1,4036,,,Japan,Hokkaido,Tomari Village,,,,,1,
68,jp,1,4044,,,Japan,Hokkaido,Kamoenai Village,,,,,1,
69,jp,1,4052,,,Japan,Hokkaido,Shakotan Town,,,,,2,
70,jp,1,4061,,,Japan,Hokkaido,Furubira Town,,,,,3,
71,jp,1,4079,,,Japan,Hokkaido,Niki Town,,,,,3,
72,jp,1,4087,,,Japan,Hokkaido,Yoichi Town,,,,,17,
73,jp,1,4095,,,Japan,Hokkaido,Akaigawa Village,,,,,1,
74,jp,1,4231,,,Japan,Hokkaido,Nanporo Town,,,,,8,
75,jp,1,4249,,,Japan,Hokkaido,Naie Town,,,,,5,
76,jp,1,4257,,,Japan,Hokkaido,Kamisunagawa Town,,,,,2,
77,jp,1,4273,,,Japan,Hokkaido,Yuni Town,,,,,5,
78,jp,1,4281,,,Japan,Hokkaido,Naganuma Town,,,,,10,
79,jp,1,4290,,,Japan,Hokkaido,Kuriyama Town,,,,,11,
80,jp,1,4303,,,Japan,Hokkaido,Tsukigata Town,,,,,3,
81,jp,1,4311,,,Japan,Hokkaido,Urausu Town,,,,,2,
82,jp,1,4320,,,Japan,Hokkaido,Shintotsukawa Town,,,,,6,
83,jp,1,4338,,,Japan,Hokkaido,Moseushi Town,,,,,3,
84,jp,1,4346,,,Japan,Hokkaido,Chippubetsu Town,,,,,2,
85,jp,1,4362,,,Japan,Hokkaido,Uryuu Town,,,,,2,
86,jp,1,4371,,,Japan,Hokkaido,Hokuryuu Town,,,,,2,
87,jp,1,4389,,,Japan,Hokkaido,Numata Town,,,,,3,
88,jp,1,4524,,,Japan,Hokkaido,Takasu Town,,,,,6,
89,jp,1,4532,,,Japan,Hokkaido,Higashikagura Town,,,,,10,
90,jp,1,4541,,,Japan,Hokkaido,Touma Town,,,,,6,
91,jp,1,4559,,,Japan,Hokkaido,Pippu Town,,,,,3,
92,jp,1,4567,,,Japan,Hokkaido,Aibetsu Town,,,,,2,
93,jp,1,4575,,,Japan,Hokkaido,Kamikawa Town,,,,,3,
94,jp,1,4583,,,Japan,Hokkaido,Higashikawa Town,,,,,9,
95,jp,1,4591,,,Japan,Hokkaido,Biei Town,,,,,9,
96,jp,1,4605,,,Japan,Hokkaido,Kamifurano Town,,,,,10,
97,jp,1,4613,,,Japan,Hokkaido,Nakafurano Town,,,,,4,
98,jp,1,4621,,,Japan,Hokkaido,Minamifurano Town,,,,,2,
99,jp,1,4630,,,Japan,Hokkaido,Shimukappu Village,,,,,2,
100,jp,1,4648,,,Japan,Hokkaido,Wassamu Town,,,,,3,
101,jp,1,4656,,,Japan,Hokkaido,Kenbuchi Town,,,,,3,
102,jp,1,4681,,,Japan,Hokkaido,Shimokawa Town,,,,,3,
103,jp,1,4699,,,Japan,Hokkaido,Bifuka Town,,,,,4,
104,jp,1,4702,,,Japan,Hokkaido,Otoineppu Village,,,,,1,
105,jp,1,4711,,,Japan,Hokkaido,Nakagawa Town,,,,,1,
106,jp,1,4729,,,Japan,Hokkaido,Horokanai Town,,,,,1,
107,jp,1,4818,,,Japan,Hokkaido,Mashike Town,,,,,4,
108,jp,1,4826,,,Japan,Hokkaido,Obira Town,,,,,3,
109,jp,1,4834,,,Japan,Hokkaido,Tomamae Town,,,,,3,
110,jp,1,4842,,,Japan,Hokkaido,Haboro Town,,,,,6,
111,jp,1,4851,,,Japan,Hokkaido,Shosanbetsu Village,,,,,1,
112,jp,1,4869,,,Japan,Hokkaido,Enbetsu Town,,,,,2,
113,jp,1,4877,,,Japan,Hokkaido,Teshio Town,,,,,3,
114,jp,1,5113,,,Japan,Hokkaido,Sarufutsu Village,,,,,3,
115,jp,1,5121,,,Japan,Hokkaido,Hamatonbetsu Town,,,,,3,
116,jp,1,5130,,,Japan,Hokkaido,Nakatonbetsu Town,,,,,1,
117,jp,1,5148,,,Japan,Hokkaido,Kitami Esashi Town,,,,,7,
118,jp,1,5164,,,Japan,Hokkaido,Toyotomi Town,,,,,4,
119,jp,1,5172,,,Japan,Hokkaido,Rebun Town,,,,,2,
120,jp,1,5181,,,Japan,Hokkaido,Rishiri Town,,,,,2,
121,jp,1,5199,,,Japan,Hokkaido,Rishirifuji Town,,,,,2,
122,jp,1,5202,,,Japan,Hokkaido,Horonobe Town,,,,,2,
123,jp,1,5431,,,Japan,Hokkaido,Bihoro Town,,,,,17,
124,jp,1,5440,,,Japan,Hokkaido,Tsubetsu Town,,,,,4,
125,jp,1,5458,,,Japan,Hokkaido,Shari Town,,,,,11,
126,jp,1,5466,,,Japan,Hokkaido,Kiyosato Town,,,,,4,
127,jp,1,5474,,,Japan,Hokkaido,Koshimizu Town,,,,,4,
128,jp,1,5491,,,Japan,Hokkaido,Kunneppu Town,,,,,4,
129,jp,1,5504,,,Japan,Hokkaido,Oketo Town,,,,,3,
130,jp,1,5521,,,Japan,Hokkaido,Saroma Town,,,,,5,
131,jp,1,5555,,,Japan,Hokkaido,Engaru Town,,,,,18,
132,jp,1,5598,,,Japan,Hokkaido,Yuubetsu Town,,,,,8,
133,jp,1,5601,,,Japan,Hokkaido,Takinoue Town,,,,,2,
134,jp,1,5610,,,Japan,Hokkaido,Okoppe Town,,,,,3,
135,jp,1,5628,,,Japan,Hokkaido,Nishiokoppe Village,,,,,1,
136,jp,1,5636,,,Japan,Hokkaido,Oumu Town,,,,,4,
137,jp,1,5644,,,Japan,Hokkaido,Oozora Town,,,,,6,
138,jp,1,5717,,,Japan,Hokkaido,Toyoura Town,,,,,3,
139,jp,1,5750,,,Japan,Hokkaido,Soubetsu Town,,,,,2,
140,jp,1,5784,,,Japan,Hokkaido,Shiraoi Town,,,,,15,
141,jp,1,5814,,,Japan,Hokkaido,Atsuma Town,,,,,4,
142,jp,1,5849,,,Japan,Hokkaido,Touyako Town,,,,,8,
143,jp,1,5857,,,Japan,Hokkaido,Abira Town,,,,,7,
144,jp,1,5865,,,Japan,Hokkaido,Mukawa Town,,,,,7,
145,jp,1,6012,,,Japan,Hokkaido,Hidaka Town,,,,,11,
146,jp,1,6021,,,Japan,Hokkaido,Biratori Town,,,,,4,
147,jp,1,6047,,,Japan,Hokkaido,Niikappu Town,,,,,5,
148,jp,1,6071,,,Japan,Hokkaido,Urakawa Town,,,,,11,
149,jp,1,6080,,,Japan,Hokkaido,Samani Town,,,,,4,
150,jp,1,6098,,,Japan,Hokkaido,Erimo Town,,,,,4,
151,jp,1,6101,,,Japan,Hokkaido,Shinhidaka Town,,,,,20,
152,jp,1,6314,,,Japan,Hokkaido,Otofuke Town,,,,,43,
153,jp,1,6322,,,Japan,Hokkaido,Shihoro Town,,,,,6,
154,jp,1,6331,,,Japan,Hokkaido,Kamishihoro Town,,,,,5,
155,jp,1,6349,,,Japan,Hokkaido,Shikaoi Town,,,,,5,
156,jp,1,6357,,,Japan,Hokkaido,Shintoku Town,,,,,6,
157,jp,1,6365,,,Japan,Hokkaido,Shimizu Town,,,,,9,
158,jp,1,6373,,,Japan,Hokkaido,Memuro Town,,,,,18,
159,jp,1,6381,,,Japan,Hokkaido,Nakasatsunai Village,,,,,4,
160,jp,1,6390,,,Japan,Hokkaido,Sarabetsu Village,,,,,3,
161,jp,1,6411,,,Japan,Hokkaido,Taiki Town,,,,,5,
162,jp,1,6420,,,Japan,Hokkaido,Hiroo Town,,,,,6,
163,jp,1,6438,,,Japan,Hokkaido,Makubetsu Town,,,,,25,
164,jp,1,6446,,,Japan,Hokkaido,Ikeda Town,,,,,6,
165,jp,1,6454,,,Japan,Hokkaido,Toyokoro Town,,,,,3,
166,jp,1,6462,,,Japan,Hokkaido,Honbetsu Town,,,,,6,
167,jp,1,6471,,,Japan,Hokkaido,Ashoro Town,,,,,6,
168,jp,1,6489,,,Japan,Hokkaido,Rikubetsu Town,,,,,2,
169,jp,1,6497,,,Japan,Hokkaido,Urahoro Town,,,,,4,
170,jp,1,6616,,,Japan,Hokkaido,Kushiro Town,,,,,18,
171,jp,1,6624,,,Japan,Hokkaido,Akkeshi Town,,,,,8,
172,jp,1,6632,,,Japan,Hokkaido,Hamanaka Town,,,,,5,
173,jp,1,6641,,,Japan,Hokkaido,Shibecha Town,,,,,7,
174,jp,1,6659,,,Japan,Hokkaido,Teshikaga Town,,,,,6,
175,jp,1,6675,,,Japan,Hokkaido,Tsurui Village,,,,,2,
176,jp,1,6683,,,Japan,Hokkaido,Shiranuka Town,,,,,7,
177,jp,1,6918,,,Japan,Hokkaido,Betsukai Town,,,,,14,
178,jp,1,6926,,,Japan,Hokkaido,Nakashibetsu Town,,,,,22,
179,jp,1,6934,,,Japan,Hokkaido,Shibetsu Town,,,,,5,
180,jp,1,6942,,,Japan,Hokkaido,Rausu Town,,,,,4,
181,jp,1,6951,,,Japan,Hokkaido,Shikotan Village,,,,,0,
182,jp,1,6969,,,Japan,Hokkaido,Tomari Village,,,,,0,
183,jp,1,6977,,,Japan,Hokkaido,Ruyabetsu Village,,,,,0,
184,jp,1,6985,,,Japan,Hokkaido,Rubetsu Village,,,,,0,
185,jp,1,6993,,,Japan,Hokkaido,Shana Village,,,,,0,
186,jp,1,7001,,,Japan,Hokkaido,Shibetoro Village,,,,,0,
187,jp,2,,,,Japan,Aomori,,,,,,1186,
188,jp,2,2012,,,Japan,Aomori,Aomori City,,,,,264,
189,jp,2,2021,,,Japan,Aomori,Hirosaki City,,,,,159,
190,jp,2,2039,,,Japan,Aomori,Hachinohe City,,,,,215,
191,jp,2,2047,,,Japan,Aomori,Kuroishi City,,,,,30,
192,jp,2,2055,,,Japan,Aomori,Goshogawara City,,,,,50,
193,jp,2,2063,,,Japan,Aomori,Towada City,,,,,57,
194,jp,2,2071,,,Japan,Aomori,Misawa City,,,,,37,
195,jp,2,2080,,,Japan,Aomori,Mutsu City,,,,,52,
196,jp,2,2098,,,Japan,Aomori,Tsugaru City,,,,,29,
197,jp,2,2101,,,Japan,Aomori,Hirakawa City,,,,,29,
198,jp,2,3019,,,Japan,Aomori,Hiranai Town,,,,,10,
199,jp,2,3035,,,Japan,Aomori,Imabetsu Town,,,,,2,
200,jp,2,3043,,,Japan,Aomori,Yomogita Village,,,,,2,
201,jp,2,3078,,,Japan,Aomori,Sotogahama Town,,,,,5,
202,jp,2,3213,,,Japan,Aomori,Ajigasawa Town,,,,,9,
203,jp,2,3230,,,Japan,Aomori,Fukaura Town,,,,,7,
204,jp,2,3434,,,Japan,Aomori,Nishimeya Village,,,,,1,
205,jp,2,3612,,,Japan,Aomori,Fujisaki Town,,,,,14,
206,jp,2,3621,,,Japan,Aomori,Oowani Town,,,,,8,
207,jp,2,3671,,,Japan,Aomori,Inakadate Village,,,,,7,
208,jp,2,3817,,,Japan,Aomori,Itayanagi Town,,,,,12,
209,jp,2,3841,,,Japan,Aomori,Tsuruta Town,,,,,12,
210,jp,2,3876,,,Japan,Aomori,Nakadomari Town,,,,,9,
211,jp,2,4015,,,Japan,Aomori,Noheji Town,,,,,12,
212,jp,2,4023,,,Japan,Aomori,Shichinohe Town,,,,,14,
213,jp,2,4058,,,Japan,Aomori,Rokunohe Town,,,,,11,
214,jp,2,4066,,,Japan,Aomori,Yokohama Town,,,,,4,
215,jp,2,4082,,,Japan,Aomori,Touhoku Town,,,,,16,
216,jp,2,4112,,,Japan,Aomori,Rokkasho Village,,,,,10,
217,jp,2,4121,,,Japan,Aomori,Oirase Town,,,,,25,
218,jp,2,4236,,,Japan,Aomori,Ooma Town,,,,,5,
219,jp,2,4244,,,Japan,Aomori,Higashidoori Village,,,,,6,
220,jp,2,4252,,,Japan,Aomori,Kazamaura Village,,,,,2,
221,jp,2,4261,,,Japan,Aomori,Sai Village,,,,,2,
222,jp,2,4414,,,Japan,Aomori,Sannohe Town,,,,,9,
223,jp,2,4422,,,Japan,Aomori,Gonohe Town,,,,,15,
224,jp,2,4431,,,Japan,Aomori,Takko Town,,,,,5,
225,jp,2,4457,,,Japan,Aomori,Nanbu Town,,,,,16,
226,jp,2,4465,,,Japan,Aomori,Hashikami Town,,,,,13,
227,jp,2,4503,,,Japan,Aomori,Shingou Village,,,,,2,
228,jp,3,,,,Japan,Iwate,,,,,,1154,
229,jp,3,2018,,,Japan,Iwate,Morioka City,,,,,277,
230,jp,3,2026,,,Japan,Iwate,Miyako City,,,,,46,
231,jp,3,2034,,,Japan,Iwate,Oofunato City,,,,,32,
232,jp,3,2051,,,Japan,Iwate,Hanamaki City,,,,,90,
233,jp,3,2069,,,Japan,Iwate,Kitakami City,,,,,91,
234,jp,3,2077,,,Japan,Iwate,Kuji City,,,,,31,
235,jp,3,2085,,,Japan,Iwate,Toono City,,,,,24,
236,jp,3,2093,,,Japan,Iwate,Ichinoseki City,,,,,106,
237,jp,3,2107,,,Japan,Iwate,Rikuzentakata City,,,,,17,
238,jp,3,2115,,,Japan,Iwate,Kamaishi City,,,,,29,
239,jp,3,2131,,,Japan,Iwate,Ninohe City,,,,,24,
240,jp,3,2140,,,Japan,Iwate,Hachimantai City,,,,,23,
241,jp,3,2158,,,Japan,Iwate,Oushuu City,,,,,108,
242,jp,3,2166,,,Japan,Iwate,Takizawa City,,,,,54,
243,jp,3,3014,,,Japan,Iwate,Shizukuishi Town,,,,,15,
244,jp,3,3022,,,Japan,Iwate,Kuzumaki Town,,,,,5,
245,jp,3,3031,,,Japan,Iwate,Iwate Town,,,,,12,
246,jp,3,3219,,,Japan,Iwate,Shiwa Town,,,,,33,
247,jp,3,3227,,,Japan,Iwate,Yahaba Town,,,,,26,
248,jp,3,3669,,,Japan,Iwate,Nishiwaga Town,,,,,5,
249,jp,3,3812,,,Japan,Iwate,Kanegasaki Town,,,,,15,
250,jp,3,4029,,,Japan,Iwate,Hiraizumi Town,,,,,7,
251,jp,3,4410,,,Japan,Iwate,Sumita Town,,,,,5,
252,jp,3,4614,,,Japan,Iwate,Ootsuchi Town,,,,,10,
253,jp,3,4827,,,Japan,Iwate,Yamada Town,,,,,14,
254,jp,3,4835,,,Japan,Iwate,Iwaizumi Town,,,,,8,
255,jp,3,4843,,,Japan,Iwate,Tanohata Village,,,,,3,
256,jp,3,4851,,,Japan,Iwate,Fudai Village,,,,,2,
257,jp,3,5017,,,Japan,Iwate,Karumai Town,,,,,8,
258,jp,3,5033,,,Japan,Iwate,Noda Village,,,,,4,
259,jp,3,5068,,,Japan,Iwate,Kunohe Village,,,,,5,
260,jp,3,5076,,,Japan,Iwate,Hirono Town,,,,,15,
261,jp,3,5246,,,Japan,Iwate,Ichinohe Town,,,,,11,
262,jp,4,,,,Japan,Miyagi,,,,,,2225,
263,jp,4,1009,,,Japan,Miyagi,Sendai City,,,,,1064,
264,jp,4,2021,,,Japan,Miyagi,Ishinomaki City,,,,,132,
265,jp,4,2030,,,Japan,Miyagi,Shiogama City,,,,,52,
266,jp,4,2056,,,Japan,Miyagi,Kesennuma City,,,,,56,
267,jp,4,2064,,,Japan,Miyagi,Shiroishi City,,,,,31,
268,jp,4,2072,,,Japan,Miyagi,Natori City,,,,,80,
269,jp,4,2081,,,Japan,Miyagi,Kakuda City,,,,,26,
270,jp,4,2099,,,Japan,Miyagi,Tagajou City,,,,,62,
271,jp,4,2111,,,Japan,Miyagi,Iwanuma City,,,,,43,
272,jp,4,2129,,,Japan,Miyagi,Tome City,,,,,72,
273,jp,4,2137,,,Japan,Miyagi,Kurihara City,,,,,61,
274,jp,4,2145,,,Japan,Miyagi,Higashimatsushima City,,,,,38,
275,jp,4,2153,,,Japan,Miyagi,Oosaki City,,,,,122,
276,jp,4,2161,,,Japan,Miyagi,Tomiya City,,,,,52,
277,jp,4,3010,,,Japan,Miyagi,Zaou Town,,,,,11,
278,jp,4,3028,,,Japan,Miyagi,Shichikashuku Town,,,,,1,
279,jp,4,3214,,,Japan,Miyagi,Oogawara Town,,,,,23,
280,jp,4,3222,,,Japan,Miyagi,Murata Town,,,,,10,
281,jp,4,3231,,,Japan,Miyagi,Shibata Town,,,,,36,
282,jp,4,3249,,,Japan,Miyagi,Kawasaki Town,,,,,8,
283,jp,4,3419,,,Japan,Miyagi,Marumori Town,,,,,12,
284,jp,4,3613,,,Japan,Miyagi,Watari Town,,,,,33,
285,jp,4,3621,,,Japan,Miyagi,Yamamoto Town,,,,,11,
286,jp,4,4016,,,Japan,Miyagi,Matsushima Town,,,,,13,
287,jp,4,4041,,,Japan,Miyagi,Shichigahama Town,,,,,18,
288,jp,4,4067,,,Japan,Miyagi,Rifu Town,,,,,36,
289,jp,4,4211,,,Japan,Miyagi,Taiwa Town,,,,,28,
290,jp,4,4229,,,Japan,Miyagi,Oosato Town,,,,,7,
291,jp,4,4245,,,Japan,Miyagi,Oohira Village,,,,,6,
292,jp,4,4440,,,Japan,Miyagi,Shikama Town,,,,,6,
293,jp,4,4458,,,Japan,Miyagi,Kami Town,,,,,21,
294,jp,4,5012,,,Japan,Miyagi,Wakuya Town,,,,,14,
295,jp,4,5055,,,Japan,Miyagi,Misato Town,,,,,23,
296,jp,4,5811,,,Japan,Miyagi,Onagawa Town,,,,,6,
297,jp,4,6060,,,Japan,Miyagi,Minamisanriku Town,,,,,11,
298,jp,5,,,,Japan,Akita,,,,,,908,
299,jp,5,2019,,,Japan,Akita,Akita City,,,,,294,
300,jp,5,2027,,,Japan,Akita,Noshiro City,,,,,47,
301,jp,5,2035,,,Japan,Akita,Yokote City,,,,,81,
302,jp,5,2043,,,Japan,Akita,Oodate City,,,,,65,
303,jp,5,2060,,,Japan,Akita,Oga City,,,,,23,
304,jp,5,2078,,,Japan,Akita,Yuzawa City,,,,,39,
305,jp,5,2094,,,Japan,Akita,Kazuno City,,,,,27,
306,jp,5,2108,,,Japan,Akita,Yurihonjou City,,,,,70,
307,jp,5,2116,,,Japan,Akita,Katagami City,,,,,31,
308,jp,5,2124,,,Japan,Akita,Daisen City,,,,,74,
309,jp,5,2132,,,Japan,Akita,Kitaakita City,,,,,28,
310,jp,5,2141,,,Japan,Akita,Nikaho City,,,,,22,
311,jp,5,2159,,,Japan,Akita,Senboku City,,,,,23,
312,jp,5,3031,,,Japan,Akita,Kosaka Town,,,,,4,
313,jp,5,3279,,,Japan,Akita,Kamikoani Village,,,,,2,
314,jp,5,3465,,,Japan,Akita,Fujisato Town,,,,,3,
315,jp,5,3481,,,Japan,Akita,Mitane Town,,,,,14,
316,jp,5,3490,,,Japan,Akita,Happou Town,,,,,6,
317,jp,5,3619,,,Japan,Akita,Gojoume Town,,,,,8,
318,jp,5,3635,,,Japan,Akita,Hachirougata Town,,,,,5,
319,jp,5,3660,,,Japan,Akita,Ikawa Town,,,,,4,
320,jp,5,3686,,,Japan,Akita,Oogata Village,,,,,3,
321,jp,5,4348,,,Japan,Akita,Misato Town,,,,,17,
322,jp,5,4631,,,Japan,Akita,Ugo Town,,,,,13,
323,jp,5,4640,,,Japan,Akita,Higashinaruse Village,,,,,2,
324,jp,6,,,,Japan,Yamagata,,,,,,1012,
325,jp,6,2014,,,Japan,Yamagata,Yamagata City,,,,,236,
326,jp,6,2022,,,Japan,Yamagata,Yonezawa City,,,,,75,
327,jp,6,2031,,,Japan,Yamagata,Tsuruoka City,,,,,117,
328,jp,6,2049,,,Japan,Yamagata,Sakata City,,,,,94,
329,jp,6,2057,,,Japan,Yamagata,Shinjou City,,,,,32,
330,jp,6,2065,,,Japan,Yamagata,Sagae City,,,,,39,
331,jp,6,2073,,,Japan,Yamagata,Kaminoyama City,,,,,28,
332,jp,6,2081,,,Japan,Yamagata,Murayama City,,,,,21,
333,jp,6,2090,,,Japan,Yamagata,Nagai City,,,,,24,
334,jp,6,2103,,,Japan,Yamagata,Tendou City,,,,,60,
335,jp,6,2111,,,Japan,Yamagata,Higashine City,,,,,48,
336,jp,6,2120,,,Japan,Yamagata,Obanazawa City,,,,,14,
337,jp,6,2138,,,Japan,Yamagata,Nanyou City,,,,,29,
338,jp,6,3011,,,Japan,Yamagata,Yamanobe Town,,,,,13,
339,jp,6,3029,,,Japan,Yamagata,Nakayama Town,,,,,10,
340,jp,6,3215,,,Japan,Yamagata,Kahoku Town,,,,,17,
341,jp,6,3223,,,Japan,Yamagata,Nishikawa Town,,,,,5,
342,jp,6,3231,,,Japan,Yamagata,Asahi Town,,,,,6,
343,jp,6,3240,,,Japan,Yamagata,Ooe Town,,,,,7,
344,jp,6,3410,,,Japan,Yamagata,Ooishida Town,,,,,6,
345,jp,6,3614,,,Japan,Yamagata,Kaneyama Town,,,,,5,
346,jp,6,3622,,,Japan,Yamagata,Mogami Town,,,,,7,
347,jp,6,3631,,,Japan,Yamagata,Funagata Town,,,,,5,
348,jp,6,3649,,,Japan,Yamagata,Mamurogawa Town,,,,,6,
349,jp,6,3657,,,Japan,Yamagata,Ookura Village,,,,,3,
350,jp,6,3665,,,Japan,Yamagata,Sakegawa Village,,,,,4,
351,jp,6,3673,,,Japan,Yamagata,Tozawa Village,,,,,4,
352,jp,6,3819,,,Japan,Yamagata,Takahata Town,,,,,21,
353,jp,6,3827,,,Japan,Yamagata,Kawanishi Town,,,,,13,
354,jp,6,4017,,,Japan,Yamagata,Oguni Town,,,,,7,
355,jp,6,4025,,,Japan,Yamagata,Shirataka Town,,,,,12,
356,jp,6,4033,,,Japan,Yamagata,Iide Town,,,,,6,
357,jp,6,4262,,,Japan,Yamagata,Mikawa Town,,,,,7,
358,jp,6,4289,,,Japan,Yamagata,Shiyounai Town,,,,,19,
359,jp,6,4611,,,Japan,Yamagata,Yuza Town,,,,,12,
360,jp,7,,,,Japan,Fukushima,,,,,,1771,
361,jp,7,2010,,,Japan,Fukushima,Fukushima City,,,,,265,
362,jp,7,2028,,,Japan,Fukushima,Aizuwakamatsu City,,,,,111,
363,jp,7,2036,,,Japan,Fukushima,Kooriyama City,,,,,312,
364,jp,7,2044,,,Japan,Fukushima,Iwaki City,,,,,303,
365,jp,7,2052,,,Japan,Fukushima,Shirakawa City,,,,,57,
366,jp,7,2079,,,Japan,Fukushima,Sukagawa City,,,,,73,
367,jp,7,2087,,,Japan,Fukushima,Kitakata City,,,,,44,
368,jp,7,2095,,,Japan,Fukushima,Souma City,,,,,32,
369,jp,7,2109,,,Japan,Fukushima,Nihonmatsu City,,,,,50,
370,jp,7,2117,,,Japan,Fukushima,Tamura City,,,,,33,
371,jp,7,2125,,,Japan,Fukushima,Minamisouma City,,,,,56,
372,jp,7,2133,,,Japan,Fukushima,Date City,,,,,56,
373,jp,7,2141,,,Japan,Fukushima,Motomiya City,,,,,30,
374,jp,7,3016,,,Japan,Fukushima,Koori Town,,,,,11,
375,jp,7,3032,,,Japan,Fukushima,Kunimi Town,,,,,8,
376,jp,7,3083,,,Japan,Fukushima,Kawamata Town,,,,,11,
377,jp,7,3229,,,Japan,Fukushima,Ootama Village,,,,,9,
378,jp,7,3423,,,Japan,Fukushima,Kagamiishi Town,,,,,12,
379,jp,7,3440,,,Japan,Fukushima,Tenei Village,,,,,5,
380,jp,7,3628,,,Japan,Fukushima,Shimogou Town,,,,,5,
381,jp,7,3644,,,Japan,Fukushima,Hinoemata Village,,,,,0,
382,jp,7,3679,,,Japan,Fukushima,Tadami Town,,,,,4,
383,jp,7,3687,,,Japan,Fukushima,Minamiaizu Town,,,,,13,
384,jp,7,4021,,,Japan,Fukushima,Kitashiobara Village,,,,,2,
385,jp,7,4055,,,Japan,Fukushima,Nishiaizu Town,,,,,5,
386,jp,7,4071,,,Japan,Fukushima,Bandai Town,,,,,3,
387,jp,7,4080,,,Japan,Fukushima,Inawashiro Town,,,,,13,
388,jp,7,4217,,,Japan,Fukushima,Aizubange Town,,,,,14,
389,jp,7,4225,,,Japan,Fukushima,Yugawa Village,,,,,3,
390,jp,7,4233,,,Japan,Fukushima,Yanaizu Town,,,,,3,
391,jp,7,4446,,,Japan,Fukushima,Mishima Town,,,,,1,
392,jp,7,4454,,,Japan,Fukushima,Kaneyama Town,,,,,2,
393,jp,7,4462,,,Japan,Fukushima,Shouwa Village,,,,,1,
394,jp,7,4471,,,Japan,Fukushima,Aizumisato Town,,,,,18,
395,jp,7,4616,,,Japan,Fukushima,Nishigou Village,,,,,21,
396,jp,7,4641,,,Japan,Fukushima,Izumizaki Village,,,,,6,
397,jp,7,4659,,,Japan,Fukushima,Nakajima Village,,,,,5,
398,jp,7,4667,,,Japan,Fukushima,Yabuki Town,,,,,17,
399,jp,7,4811,,,Japan,Fukushima,Tanagura Town,,,,,13,
400,jp,7,4829,,,Japan,Fukushima,Yamatsuri Town,,,,,5,
401,jp,7,4837,,,Japan,Fukushima,Hanawa Town,,,,,8,
402,jp,7,4845,,,Japan,Fukushima,Samegawa Village,,,,,3,
403,jp,7,5019,,,Japan,Fukushima,Ishikawa Town,,,,,14,
404,jp,7,5027,,,Japan,Fukushima,Tamakawa Village,,,,,6,
405,jp,7,5035,,,Japan,Fukushima,Hirata Village,,,,,5,
406,jp,7,5043,,,Japan,Fukushima,Asakawa Town,,,,,6,
407,jp,7,5051,,,Japan,Fukushima,Furudono Town,,,,,5,
408,jp,7,5213,,,Japan,Fukushima,Miharu Town,,,,,16,
409,jp,7,5221,,,Japan,Fukushima,Ono Town,,,,,9,
410,jp,7,5418,,,Japan,Fukushima,Hirono Town,,,,,5,
411,jp,7,5426,,,Japan,Fukushima,Naraha Town,,,,,6,
412,jp,7,5434,,,Japan,Fukushima,Tomioka Town,,,,,11,
413,jp,7,5442,,,Japan,Fukushima,Kawauchi Village,,,,,2,
414,jp,7,5451,,,Japan,Fukushima,Ookuma Town,,,,,10,
415,jp,7,5469,,,Japan,Fukushima,Futaba Town,,,,,5,
416,jp,7,5477,,,Japan,Fukushima,Namie Town,,,,,15,
417,jp,7,5485,,,Japan,Fukushima,Katsurao Village,,,,,1,
418,jp,7,5612,,,Japan,Fukushima,Shinchi Town,,,,,7,
419,jp,7,5647,,,Japan,Fukushima,Iitate Village,,,,,5,
420,jp,8,,,,Japan,Ibaraki,,,,,,2849,
421,jp,8,2015,,,Japan,Ibaraki,Mito City,,,,,267,
422,jp,8,2023,,,Japan,Ibaraki,Hitachi City,,,,,164,
423,jp,8,2031,,,Japan,Ibaraki,Tsuchiura City,,,,,142,
424,jp,8,2040,,,Japan,Ibaraki,Koga City,,,,,140,
425,jp,8,2058,,,Japan,Ibaraki,Ishioka City,,,,,70,
426,jp,8,2074,,,Japan,Ibaraki,Yuuki City,,,,,50,
427,jp,8,2082,,,Japan,Ibaraki,Ryuugasaki City,,,,,75,
428,jp,8,2104,,,Japan,Ibaraki,Shimotsuma City,,,,,42,
429,jp,8,2112,,,Japan,Ibaraki,Jousou City,,,,,61,
430,jp,8,2121,,,Japan,Ibaraki,Hitachioota City,,,,,46,
431,jp,8,2147,,,Japan,Ibaraki,Takahagi City,,,,,26,
432,jp,8,2155,,,Japan,Ibaraki,Kitaibaraki City,,,,,40,
433,jp,8,2163,,,Japan,Ibaraki,Kasama City,,,,,73,
434,jp,8,2171,,,Japan,Ibaraki,Toride City,,,,,106,
435,jp,8,2198,,,Japan,Ibaraki,Ushiku City,,,,,84,
436,jp,8,2201,,,Japan,Ibaraki,Tsukuba City,,,,,259,
437,jp,8,2210,,,Japan,Ibaraki,Hitachinaka City,,,,,155,
438,jp,8,2228,,,Japan,Ibaraki,Kashima City,,,,,65,
439,jp,8,2236,,,Japan,Ibaraki,Itako City,,,,,26,
440,jp,8,2244,,,Japan,Ibaraki,Moriya City,,,,,71,
441,jp,8,2252,,,Japan,Ibaraki,Hitachioomiya City,,,,,38,
442,jp,8,2261,,,Japan,Ibaraki,Naka City,,,,,53,
443,jp,8,2279,,,Japan,Ibaraki,Chikusei City,,,,,100,
444,jp,8,2287,,,Japan,Ibaraki,Bandou City,,,,,52,
445,jp,8,2295,,,Japan,Ibaraki,Inashiki City,,,,,37,
446,jp,8,2309,,,Japan,Ibaraki,Kasumigaura City,,,,,40,
447,jp,8,2317,,,Japan,Ibaraki,Sakuragawa City,,,,,38,
448,jp,8,2325,,,Japan,Ibaraki,Kamisu City,,,,,94,
449,jp,8,2333,,,Japan,Ibaraki,Namegata City,,,,,32,
450,jp,8,2341,,,Japan,Ibaraki,Hokota City,,,,,47,
451,jp,8,2350,,,Japan,Ibaraki,Tsukubamirai City,,,,,54,
452,jp,8,2368,,,Japan,Ibaraki,Omitama City,,,,,48,
453,jp,8,3020,,,Japan,Ibaraki,Ibaraki Town,,,,,31,
454,jp,8,3097,,,Japan,Ibaraki,Ooarai Town,,,,,15,
455,jp,8,3101,,,Japan,Ibaraki,Shirosato Town,,,,,18,
456,jp,8,3411,,,Japan,Ibaraki,Toukai Village,,,,,38,
457,jp,8,3640,,,Japan,Ibaraki,Daigo Town,,,,,15,
458,jp,8,4425,,,Japan,Ibaraki,Miho Village,,,,,14,
459,jp,8,4433,,,Japan,Ibaraki,Ami Town,,,,,50,
460,jp,8,4476,,,Japan,Ibaraki,Kawachi Town,,,,,8,
461,jp,8,5219,,,Japan,Ibaraki,Yachiyo Town,,,,,21,
462,jp,8,5421,,,Japan,Ibaraki,Goka Town,,,,,8,
463,jp,8,5464,,,Japan,Ibaraki,Sakai Town,,,,,25,
464,jp,8,5642,,,Japan,Ibaraki,Tone Town,,,,,15,
465,jp,9,,,,Japan,Tochigi,,,,,,1904,
466,jp,9,2011,,,Japan,Tochigi,Utsunomiya City,,,,,515,
467,jp,9,2029,,,Japan,Tochigi,Ashikaga City,,,,,140,
468,jp,9,2037,,,Japan,Tochigi,Tochigi City,,,,,153,
469,jp,9,2045,,,Japan,Tochigi,Sano City,,,,,113,
470,jp,9,2053,,,Japan,Tochigi,Kanuma City,,,,,93,
471,jp,9,2061,,,Japan,Tochigi,Nikkou City,,,,,75,
472,jp,9,2088,,,Japan,Tochigi,Oyama City,,,,,167,
473,jp,9,2096,,,Japan,Tochigi,Mooka City,,,,,78,
474,jp,9,2100,,,Japan,Tochigi,Ootawara City,,,,,68,
475,jp,9,2118,,,Japan,Tochigi,Yaita City,,,,,30,
476,jp,9,2134,,,Japan,Tochigi,Nasushiobara City,,,,,116,
477,jp,9,2142,,,Japan,Tochigi,Sakura City,,,,,44,
478,jp,9,2151,,,Japan,Tochigi,Nasukarasuyama City,,,,,23,
479,jp,9,2169,,,Japan,Tochigi,Shimotsuke City,,,,,60,
480,jp,9,3017,,,Japan,Tochigi,Kaminokawa Town,,,,,31,
481,jp,9,3424,,,Japan,Tochigi,Mashiko Town,,,,,21,
482,jp,9,3432,,,Japan,Tochigi,Motegi Town,,,,,11,
483,jp,9,3441,,,Japan,Tochigi,Ichikai Town,,,,,11,
484,jp,9,3459,,,Japan,Tochigi,Haga Town,,,,,15,
485,jp,9,3611,,,Japan,Tochigi,Mibu Town,,,,,38,
486,jp,9,3645,,,Japan,Tochigi,Nogi Town,,,,,25,
487,jp,9,3840,,,Japan,Tochigi,Shioya Town,,,,,10,
488,jp,9,3866,,,Japan,Tochigi,Takanezawa Town,,,,,29,
489,jp,9,4072,,,Japan,Tochigi,Nasu Town,,,,,24,
490,jp,9,4111,,,Japan,Tochigi,Nakagawa Town,,,,,14,
491,jp,10,,,,Japan,Gunma,,,,,,1908,
492,jp,10,2016,,,Japan,Gunma,Maebashi City,,,,,329,
493,jp,10,2024,,,Japan,Gunma,Takasaki City,,,,,366,
494,jp,10,2032,,,Japan,Gunma,Kiryuu City,,,,,101,
495,jp,10,2041,,,Japan,Gunma,Isesaki City,,,,,212,
496,jp,10,2059,,,Japan,Gunma,Oota City,,,,,223,
497,jp,10,2067,,,Japan,Gunma,Numata City,,,,,44,
498,jp,10,2075,,,Japan,Gunma,Tatebayashi City,,,,,74,
499,jp,10,2083,,,Japan,Gunma,Shibukawa City,,,,,72,
500,jp,10,2091,,,Japan,Gunma,Fujioka City,,,,,62,
501,jp,10,2105,,,Japan,Gunma,Tomioka City,,,,,45,
502,jp,10,2113,,,Japan,Gunma,Annaka City,,,,,54,
503,jp,10,2121,,,Japan,Gunma,Midori City,,,,,48,
504,jp,10,3446,,,Japan,Gunma,Shintou Village,,,,,15,
505,jp,10,3454,,,Japan,Gunma,Yoshioka Town,,,,,23,
506,jp,10,3667,,,Japan,Gunma,Ueno Village,,,,,1,
507,jp,10,3675,,,Japan,Gunma,Kanna Town,,,,,2,
508,jp,10,3829,,,Japan,Gunma,Shimonita Town,,,,,6,
509,jp,10,3837,,,Japan,Gunma,Nanmoku Village,,,,,1,
510,jp,10,3845,,,Japan,Gunma,Kanra Town,,,,,12,
511,jp,10,4213,,,Japan,Gunma,Nakanojiyou Town,,,,,14,
512,jp,10,4248,,,Japan,Gunma,Naganohara Town,,,,,5,
513,jp,10,4256,,,Japan,Gunma,Tsumagoi Village,,,,,9,
514,jp,10,4264,,,Japan,Gunma,Kusatsu Town,,,,,6,
515,jp,10,4281,,,Japan,Gunma,Takayama Village,,,,,3,
516,jp,10,4299,,,Japan,Gunma,Higashiagatsuma Town,,,,,12,
517,jp,10,4434,,,Japan,Gunma,Katashina Village,,,,,4,
518,jp,10,4442,,,Japan,Gunma,Kawaba Village,,,,,3,
519,jp,10,4485,,,Japan,Gunma,Shouwa Village,,,,,7,
520,jp,10,4493,,,Japan,Gunma,Minakami Town,,,,,17,
521,jp,10,4647,,,Japan,Gunma,Tamamura Town,,,,,36,
522,jp,10,5210,,,Japan,Gunma,Itakura Town,,,,,13,
523,jp,10,5228,,,Japan,Gunma,Meiwa Town,,,,,11,
524,jp,10,5236,,,Japan,Gunma,Chiyoda Town,,,,,11,
525,jp,10,5244,,,Japan,Gunma,Ooizumi Town,,,,,42,
526,jp,10,5252,,,Japan,Gunma,Oura Town,,,,,26,
527,jp,11,,,,Japan,Saitama,,,,,,7374,
528,jp,11,1007,,,Japan,Saitama,Saitama City,,,,,1351,
529,jp,11,2011,,,Japan,Saitama,Kawagoe City,,,,,353,
530,jp,11,2020,,,Japan,Saitama,Kumagaya City,,,,,191,
531,jp,11,2038,,,Japan,Saitama,Kawaguchi City,,,,,607,
532,jp,11,2062,,,Japan,Saitama,Giyouda City,,,,,78,
533,jp,11,2071,,,Japan,Saitama,Chichibu City,,,,,57,
534,jp,11,2089,,,Japan,Saitama,Tokorozawa City,,,,,343,
535,jp,11,2097,,,Japan,Saitama,Hannou City,,,,,78,
536,jp,11,2101,,,Japan,Saitama,Kazo City,,,,,112,
537,jp,11,2119,,,Japan,Saitama,Honjiyou City,,,,,77,
538,jp,11,2127,,,Japan,Saitama,Higashimatsuyama City,,,,,91,
539,jp,11,2143,,,Japan,Saitama,Kasukabe City,,,,,230,
540,jp,11,2151,,,Japan,Saitama,Sayama City,,,,,148,
541,jp,11,2160,,,Japan,Saitama,Haniyuu City,,,,,54,
542,jp,11,2178,,,Japan,Saitama,Kounosu City,,,,,118,
543,jp,11,2186,,,Japan,Saitama,Fukaya City,,,,,141,
544,jp,11,2194,,,Japan,Saitama,Ageo City,,,,,230,
545,jp,11,2216,,,Japan,Saitama,Souka City,,,,,252,
546,jp,11,2224,,,Japan,Saitama,Koshigaya City,,,,,342,
547,jp,11,2232,,,Japan,Saitama,Warabi City,,,,,76,
548,jp,11,2241,,,Japan,Saitama,Toda City,,,,,142,
549,jp,11,2259,,,Japan,Saitama,Iruma City,,,,,143,
550,jp,11,2275,,,Japan,Saitama,Asaka City,,,,,146,
551,jp,11,2283,,,Japan,Saitama,Shiki City,,,,,76,
552,jp,11,2291,,,Japan,Saitama,Wakou City,,,,,85,
553,jp,11,2305,,,Japan,Saitama,Niiza City,,,,,166,
554,jp,11,2313,,,Japan,Saitama,Okegawa City,,,,,74,
555,jp,11,2321,,,Japan,Saitama,Kuki City,,,,,151,
556,jp,11,2330,,,Japan,Saitama,Kitamoto City,,,,,65,
557,jp,11,2348,,,Japan,Saitama,Yashio City,,,,,94,
558,jp,11,2356,,,Japan,Saitama,Fujimi City,,,,,113,
559,jp,11,2372,,,Japan,Saitama,Misato City,,,,,142,
560,jp,11,2381,,,Japan,Saitama,Hasuda City,,,,,61,
561,jp,11,2399,,,Japan,Saitama,Sakado City,,,,,100,
562,jp,11,2402,,,Japan,Saitama,Satte City,,,,,49,
563,jp,11,2411,,,Japan,Saitama,Tsurugashima City,,,,,70,
564,jp,11,2429,,,Japan,Saitama,Hidaka City,,,,,54,
565,jp,11,2437,,,Japan,Saitama,Yoshikawa City,,,,,72,
566,jp,11,2453,,,Japan,Saitama,Fujimino City,,,,,115,
567,jp,11,2461,,,Japan,Saitama,Shiraoka City,,,,,52,
568,jp,11,3018,,,Japan,Saitama,Ina Town,,,,,45,
569,jp,11,3247,,,Japan,Saitama,Miyoshi Town,,,,,37,
570,jp,11,3263,,,Japan,Saitama,Moroyama Town,,,,,32,
571,jp,11,3271,,,Japan,Saitama,Ogose Town,,,,,11,
572,jp,11,3417,,,Japan,Saitama,Namegawa Town,,,,,20,
573,jp,11,3425,,,Japan,Saitama,Ranzan Town,,,,,17,
574,jp,11,3433,,,Japan,Saitama,Ogawa Town,,,,,27,
575,jp,11,3468,,,Japan,Saitama,Kawajima Town,,,,,19,
576,jp,11,3476,,,Japan,Saitama,Yoshimi Town,,,,,18,
577,jp,11,3484,,,Japan,Saitama,Hatoyama Town,,,,,13,
578,jp,11,3492,,,Japan,Saitama,Tokigawa Town,,,,,10,
579,jp,11,3611,,,Japan,Saitama,Yokoze Town,,,,,8,
580,jp,11,3620,,,Japan,Saitama,Minano Town,,,,,9,
581,jp,11,3638,,,Japan,Saitama,Nagatoro Town,,,,,6,
582,jp,11,3654,,,Japan,Saitama,Ogano Town,,,,,10,
583,jp,11,3697,,,Japan,Saitama,Higashichichibu Village,,,,,2,
584,jp,11,3816,,,Japan,Saitama,Misato Town,,,,,11,
585,jp,11,3832,,,Japan,Saitama,Kamikawa Town,,,,,13,
586,jp,11,3859,,,Japan,Saitama,Kamisato Town,,,,,31,
587,jp,11,4081,,,Japan,Saitama,Yorii Town,,,,,32,
588,jp,11,4421,,,Japan,Saitama,Miyashiro Town,,,,,33,
589,jp,11,4642,,,Japan,Saitama,Sugito Town,,,,,44,
590,jp,11,4651,,,Japan,Saitama,Matsubushi Town,,,,,28,
591,jp,12,,,,Japan,Chiba,,,,,,6312,
592,jp,12,1002,,,Japan,Chiba,Chiba City,,,,,984,
593,jp,12,2025,,,Japan,Chiba,Choushi City,,,,,54,
594,jp,12,2033,,,Japan,Chiba,Ichikawa City,,,,,495,
595,jp,12,2041,,,Japan,Chiba,Funabashi City,,,,,649,
596,jp,12,2050,,,Japan,Chiba,Tateyama City,,,,,44,
597,jp,12,2068,,,Japan,Chiba,Kisarazu City,,,,,137,
598,jp,12,2076,,,Japan,Chiba,Matsudo City,,,,,500,
599,jp,12,2084,,,Japan,Chiba,Noda City,,,,,154,
600,jp,12,2106,,,Japan,Chiba,Mobara City,,,,,86,
601,jp,12,2114,,,Japan,Chiba,Narita City,,,,,133,
602,jp,12,2122,,,Japan,Chiba,Sakura City,,,,,170,
603,jp,12,2131,,,Japan,Chiba,Tougane City,,,,,57,
604,jp,12,2157,,,Japan,Chiba,Asahi City,,,,,62,
605,jp,12,2165,,,Japan,Chiba,Narashino City,,,,,175,
606,jp,12,2173,,,Japan,Chiba,Kashiwa City,,,,,438,
607,jp,12,2181,,,Japan,Chiba,Katsuura City,,,,,15,
608,jp,12,2190,,,Japan,Chiba,Ichihara City,,,,,267,
609,jp,12,2203,,,Japan,Chiba,Nagareyama City,,,,,213,
610,jp,12,2211,,,Japan,Chiba,Yachiyo City,,,,,207,
611,jp,12,2220,,,Japan,Chiba,Abiko City,,,,,131,
612,jp,12,2238,,,Japan,Chiba,Kamogawa City,,,,,30,
613,jp,12,2246,,,Japan,Chiba,Kamagaya City,,,,,110,
614,jp,12,2254,,,Japan,Chiba,Kimitsu City,,,,,80,
615,jp,12,2262,,,Japan,Chiba,Futtsu City,,,,,40,
616,jp,12,2271,,,Japan,Chiba,Urayasu City,,,,,171,
617,jp,12,2289,,,Japan,Chiba,Yotsukaidou City,,,,,96,
618,jp,12,2297,,,Japan,Chiba,Sodegaura City,,,,,66,
619,jp,12,2301,,,Japan,Chiba,Yachimata City,,,,,67,
620,jp,12,2319,,,Japan,Chiba,Inzai City,,,,,112,
621,jp,12,2327,,,Japan,Chiba,Shiroi City,,,,,62,
622,jp,12,2335,,,Japan,Chiba,Tomisato City,,,,,50,
623,jp,12,2343,,,Japan,Chiba,Minamibousou City,,,,,34,
624,jp,12,2351,,,Japan,Chiba,Sousa City,,,,,33,
625,jp,12,2360,,,Japan,Chiba,Katori City,,,,,70,
626,jp,12,2378,,,Japan,Chiba,Sanmu City,,,,,48,
627,jp,12,2386,,,Japan,Chiba,Isumi City,,,,,35,
628,jp,12,2394,,,Japan,Chiba,Ooamishirasato City,,,,,48,
629,jp,12,3226,,,Japan,Chiba,Shisui Town,,,,,20,
630,jp,12,3293,,,Japan,Chiba,Sakae Town,,,,,20,
631,jp,12,3421,,,Japan,Chiba,Kouzaki Town,,,,,6,
632,jp,12,3471,,,Japan,Chiba,Tako Town,,,,,13,
633,jp,12,3498,,,Japan,Chiba,Tounoshou Town,,,,,13,
634,jp,12,4036,,,Japan,Chiba,Kujiyuukuri Town,,,,,14,
635,jp,12,4095,,,Japan,Chiba,Shibayama Town,,,,,7,
636,jp,12,4109,,,Japan,Chiba,Yokoshibahikari Town,,,,,22,
637,jp,12,4214,,,Japan,Chiba,Ichinomiya Town,,,,,12,
638,jp,12,4222,,,Japan,Chiba,Mutsuzawa Town,,,,,7,
639,jp,12,4231,,,Japan,Chiba,Chousei Village,,,,,13,
640,jp,12,4249,,,Japan,Chiba,Shirako Town,,,,,10,
641,jp,12,4265,,,Japan,Chiba,Nagara Town,,,,,6,
642,jp,12,4273,,,Japan,Chiba,Chounan Town,,,,,7,
643,jp,12,4419,,,Japan,Chiba,Ootaki Town,,,,,8,
644,jp,12,4435,,,Japan,Chiba,Onjiyuku Town,,,,,7,
645,jp,12,4630,,,Japan,Chiba,Kiyonan Town,,,,,7,
646,jp,13,,,,Japan,Tokyo,,,,,,14003,
647,jp,13,1016,,,Japan,Tokyo,Chiyoda Ward,,,,,69,
648,jp,13,1024,,,Japan,Tokyo,Chuuou Ward,,,,,187,
649,jp,13,1032,,,Japan,Tokyo,Minato Ward,,,,,268,
650,jp,13,1041,,,Japan,Tokyo,Shinjuku Ward,,,,,353,
651,jp,13,1059,,,Japan,Tokyo,Bunkyou Ward,,,,,235,
652,jp,13,1067,,,Japan,Tokyo,Taitou Ward,,,,,216,
653,jp,13,1075,,,Japan,Tokyo,Sumida Ward,,,,,287,
654,jp,13,1083,,,Japan,Tokyo,Koutou Ward,,,,,542,
655,jp,13,1091,,,Japan,Tokyo,Shinagawa Ward,,,,,413,
656,jp,13,1105,,,Japan,Tokyo,Meguro Ward,,,,,281,
657,jp,13,1113,,,Japan,Tokyo,Oota Ward,,,,,741,
658,jp,13,1121,,,Japan,Tokyo,Setagaya Ward,,,,,923,
659,jp,13,1130,,,Japan,Tokyo,Shibuya Ward,,,,,231,
660,jp,13,1148,,,Japan,Tokyo,Nakano Ward,,,,,341,
661,jp,13,1156,,,Japan,Tokyo,Suginami Ward,,,,,577,
662,jp,13,1164,,,Japan,Tokyo,Toshima Ward,,,,,295,
663,jp,13,1172,,,Japan,Tokyo,Kita Ward,,,,,362,
664,jp,13,1181,,,Japan,Tokyo,Arakawa Ward,,,,,222,
665,jp,13,1199,,,Japan,Tokyo,Itabashi Ward,,,,,579,
666,jp,13,1202,,,Japan,Tokyo,Nerima Ward,,,,,746,
667,jp,13,1211,,,Japan,Tokyo,Adachi Ward,,,,,698,
668,jp,13,1229,,,Japan,Tokyo,Katsushika Ward,,,,,470,
669,jp,13,1237,,,Japan,Tokyo,Edogawa Ward,,,,,694,
670,jp,13,2012,,,Japan,Tokyo,Hachiouji City,,,,,559,
671,jp,13,2021,,,Japan,Tokyo,Tachikawa City,,,,,186,
672,jp,13,2039,,,Japan,Tokyo,Musashino City,,,,,148,
673,jp,13,2047,,,Japan,Tokyo,Mitaka City,,,,,190,
674,jp,13,2055,,,Japan,Tokyo,Oume City,,,,,129,
675,jp,13,2063,,,Japan,Tokyo,Fuchuu City,,,,,261,
676,jp,13,2071,,,Japan,Tokyo,Akishima City,,,,,116,
677,jp,13,2080,,,Japan,Tokyo,Choufu City,,,,,239,
678,jp,13,2098,,,Japan,Tokyo,Machida City,,,,,430,
679,jp,13,2101,,,Japan,Tokyo,Koganei City,,,,,125,
680,jp,13,2110,,,Japan,Tokyo,Kodaira City,,,,,197,
681,jp,13,2128,,,Japan,Tokyo,Hino City,,,,,188,
682,jp,13,2136,,,Japan,Tokyo,Higashimurayama City,,,,,152,
683,jp,13,2144,,,Japan,Tokyo,Kokubunji City,,,,,130,
684,jp,13,2152,,,Japan,Tokyo,Kunitachi City,,,,,76,
685,jp,13,2187,,,Japan,Tokyo,Fussa City,,,,,57,
686,jp,13,2195,,,Japan,Tokyo,Komae City,,,,,82,
687,jp,13,2209,,,Japan,Tokyo,Higashiyamato City,,,,,85,
688,jp,13,2217,,,Japan,Tokyo,Kiyose City,,,,,75,
689,jp,13,2225,,,Japan,Tokyo,Higashikurume City,,,,,116,
690,jp,13,2233,,,Japan,Tokyo,Musashimurayama City,,,,,71,
691,jp,13,2241,,,Japan,Tokyo,Tama City,,,,,148,
692,jp,13,2250,,,Japan,Tokyo,Inagi City,,,,,94,
693,jp,13,2276,,,Japan,Tokyo,Hamura City,,,,,54,
694,jp,13,2284,,,Japan,Tokyo,Akiruno City,,,,,79,
695,jp,13,2292,,,Japan,Tokyo,Nishitoukyou City,,,,,206,
696,jp,13,3035,,,Japan,Tokyo,Mizuho Town,,,,,32,
697,jp,13,3051,,,Japan,Tokyo,Hinode Town,,,,,16,
698,jp,13,3078,,,Japan,Tokyo,Hinohara Village,,,,,2,
699,jp,13,3086,,,Japan,Tokyo,Okutama Town,,,,,4,
700,jp,13,3612,,,Japan,Tokyo,Ooshima Town,,,,,7,
701,jp,13,3621,,,Japan,Tokyo,Toshima Village,,,,,0,
702,jp,13,3639,,,Japan,Tokyo,Niijima Village,,,,,2,
703,jp,13,3647,,,Japan,Tokyo,Kouzushima Village,,,,,2,
704,jp,13,3817,,,Japan,Tokyo,Miyake Village,,,,,2,
705,jp,13,3825,,,Japan,Tokyo,Mikurajima Village,,,,,0,
706,jp,13,4015,,,Japan,Tokyo,Hachijou Town,,,,,7,
707,jp,13,4023,,,Japan,Tokyo,Aogashima Village,,,,,0,
708,jp,13,4210,,,Japan,Tokyo,Ogasawara Village,,,,,2,
709,jp,14,,,,Japan,Kanagawa,,,,,,9203,
710,jp,14,1003,,,Japan,Kanagawa,Yokohama City,,,,,3753,
711,jp,14,1305,,,Japan,Kanagawa,Kawasaki City,,,,,1535,
712,jp,14,1500,,,Japan,Kanagawa,Sagamihara City,,,,,716,
713,jp,14,2018,,,Japan,Kanagawa,Yokosuka City,,,,,379,
714,jp,14,2034,,,Japan,Kanagawa,Hiratsuka City,,,,,257,
715,jp,14,2042,,,Japan,Kanagawa,Kamakura City,,,,,175,
716,jp,14,2051,,,Japan,Kanagawa,Fujisawa City,,,,,445,
717,jp,14,2069,,,Japan,Kanagawa,Odawara City,,,,,186,
718,jp,14,2077,,,Japan,Kanagawa,Chigasaki City,,,,,247,
719,jp,14,2085,,,Japan,Kanagawa,Zushi City,,,,,58,
720,jp,14,2107,,,Japan,Kanagawa,Miura City,,,,,40,
721,jp,14,2115,,,Japan,Kanagawa,Hadano City,,,,,159,
722,jp,14,2123,,,Japan,Kanagawa,Atsugi City,,,,,223,
723,jp,14,2131,,,Japan,Kanagawa,Yamato City,,,,,246,
724,jp,14,2140,,,Japan,Kanagawa,Isehara City,,,,,100,
725,jp,14,2158,,,Japan,Kanagawa,Ebina City,,,,,141,
726,jp,14,2166,,,Japan,Kanagawa,Zama City,,,,,131,
727,jp,14,2174,,,Japan,Kanagawa,Minamiashigara City,,,,,40,
728,jp,14,2182,,,Japan,Kanagawa,Ayase City,,,,,84,
729,jp,14,3014,,,Japan,Kanagawa,Hayama Town,,,,,32,
730,jp,14,3219,,,Japan,Kanagawa,Samukawa Town,,,,,49,
731,jp,14,3413,,,Japan,Kanagawa,Ooiso Town,,,,,32,
732,jp,14,3421,,,Japan,Kanagawa,Ninomiya Town,,,,,27,
733,jp,14,3618,,,Japan,Kanagawa,Nakai Town,,,,,9,
734,jp,14,3626,,,Japan,Kanagawa,Ooi Town,,,,,17,
735,jp,14,3634,,,Japan,Kanagawa,Matsuda Town,,,,,10,
736,jp,14,3642,,,Japan,Kanagawa,Yamakita Town,,,,,9,
737,jp,14,3669,,,Japan,Kanagawa,Kaisei Town,,,,,19,
738,jp,14,3821,,,Japan,Kanagawa,Hakone Town,,,,,11,
739,jp,14,3839,,,Japan,Kanagawa,Manazuru Town,,,,,7,
740,jp,14,3847,,,Japan,Kanagawa,Yugawara Town,,,,,23,
741,jp,14,4011,,,Japan,Kanagawa,Aikawa Town,,,,,39,
742,jp,14,4029,,,Japan,Kanagawa,Kiyokawa Village,,,,,3,
743,jp,15,,,,Japan,Niigata,,,,,,2111,
744,jp,15,1009,,,Japan,Niigata,Niigata City,,,,,762,
745,jp,15,2021,,,Japan,Niigata,Nagaoka City,,,,,255,
746,jp,15,2048,,,Japan,Niigata,Sanjou City,,,,,91,
747,jp,15,2056,,,Japan,Niigata,Kashiwazaki City,,,,,76,
748,jp,15,2064,,,Japan,Niigata,Shibata City,,,,,92,
749,jp,15,2081,,,Japan,Niigata,Ojiya City,,,,,33,
750,jp,15,2099,,,Japan,Niigata,Kamo City,,,,,24,
751,jp,15,2102,,,Japan,Niigata,Tookamachi City,,,,,47,
752,jp,15,2111,,,Japan,Niigata,Mitsuke City,,,,,38,
753,jp,15,2129,,,Japan,Niigata,Murakami City,,,,,53,
754,jp,15,2137,,,Japan,Niigata,Tsubame City,,,,,76,
755,jp,15,2161,,,Japan,Niigata,Itoigawa City,,,,,38,
756,jp,15,2170,,,Japan,Niigata,Myoukou City,,,,,30,
757,jp,15,2188,,,Japan,Niigata,Gosen City,,,,,46,
758,jp,15,2226,,,Japan,Niigata,Jouetsu City,,,,,180,
759,jp,15,2234,,,Japan,Niigata,Agano City,,,,,39,
760,jp,15,2242,,,Japan,Niigata,Sado City,,,,,48,
761,jp,15,2251,,,Japan,Niigata,Uonuma City,,,,,33,
762,jp,15,2269,,,Japan,Niigata,Minamiuonuma City,,,,,52,
763,jp,15,2277,,,Japan,Niigata,Tainai City,,,,,27,
764,jp,15,3079,,,Japan,Niigata,Seirou Town,,,,,14,
765,jp,15,3427,,,Japan,Niigata,Yahiko Village,,,,,8,
766,jp,15,3613,,,Japan,Niigata,Tagami Town,,,,,11,
767,jp,15,3851,,,Japan,Niigata,Aga Town,,,,,9,
768,jp,15,4059,,,Japan,Niigata,Izumozaki Town,,,,,4,
769,jp,15,4610,,,Japan,Niigata,Yuzawa Town,,,,,8,
770,jp,15,4822,,,Japan,Niigata,Tsunan Town,,,,,8,
771,jp,15,5047,,,Japan,Niigata,Kariwa Village,,,,,4,
772,jp,15,5811,,,Japan,Niigata,Sekikawa Village,,,,,5,
773,jp,15,5861,,,Japan,Niigata,Awashimaura Village,,,,,0,
774,jp,16,,,,Japan,Toyama,,,,,,1009,
775,jp,16,2019,,,Japan,Toyama,Toyama City,,,,,404,
776,jp,16,2027,,,Japan,Toyama,Takaoka City,,,,,163,
777,jp,16,2043,,,Japan,Toyama,Uozu City,,,,,39,
778,jp,16,2051,,,Japan,Toyama,Himi City,,,,,42,
779,jp,16,2060,,,Japan,Toyama,Namerikawa City,,,,,32,
780,jp,16,2078,,,Japan,Toyama,Kurobe City,,,,,39,
781,jp,16,2086,,,Japan,Toyama,Tonami City,,,,,47,
782,jp,16,2094,,,Japan,Toyama,Oyabe City,,,,,28,
783,jp,16,2108,,,Japan,Toyama,Nanto City,,,,,46,
784,jp,16,2116,,,Japan,Toyama,Imizu City,,,,,90,
785,jp,16,3210,,,Japan,Toyama,Funahashi Village,,,,,3,
786,jp,16,3228,,,Japan,Toyama,Kamiichi Town,,,,,19,
787,jp,16,3236,,,Japan,Toyama,Tateyama Town,,,,,24,
788,jp,16,3422,,,Japan,Toyama,Nyuuzen Town,,,,,22,
789,jp,16,3431,,,Japan,Toyama,Asahi Town,,,,,10,
790,jp,17,,,,Japan,Ishikawa,,,,,,1098,
791,jp,17,2014,,,Japan,Ishikawa,Kanazawa City,,,,,443,
792,jp,17,2022,,,Japan,Ishikawa,Nanao City,,,,,47,
793,jp,17,2031,,,Japan,Ishikawa,Komatsu City,,,,,105,
794,jp,17,2049,,,Japan,Ishikawa,Wajima City,,,,,21,
795,jp,17,2057,,,Japan,Ishikawa,Suzu City,,,,,11,
796,jp,17,2065,,,Japan,Ishikawa,Kaga City,,,,,62,
797,jp,17,2073,,,Japan,Ishikawa,Hakui City,,,,,20,
798,jp,17,2090,,,Japan,Ishikawa,Kahoku City,,,,,36,
799,jp,17,2103,,,Japan,Ishikawa,Hakusan City,,,,,113,
800,jp,17,2111,,,Japan,Ishikawa,Nomi City,,,,,50,
801,jp,17,2120,,,Japan,Ishikawa,Nonoichi City,,,,,55,
802,jp,17,3240,,,Japan,Ishikawa,Kawakita Town,,,,,6,
803,jp,17,3614,,,Japan,Ishikawa,Tsubata Town,,,,,38,
804,jp,17,3657,,,Japan,Ishikawa,Uchinada Town,,,,,26,
805,jp,17,3843,,,Japan,Ishikawa,Shika Town,,,,,18,
806,jp,17,3860,,,Japan,Ishikawa,Houdatsushimizu Town,,,,,12,
807,jp,17,4076,,,Japan,Ishikawa,Nakanoto Town,,,,,17,
808,jp,17,4611,,,Japan,Ishikawa,Anamizu Town,,,,,7,
809,jp,17,4637,,,Japan,Ishikawa,Noto Town,,,,,14,
810,jp,18,,,,Japan,Fukui,,,,,,747,
811,jp,18,2010,,,Japan,Fukui,Fukui City,,,,,254,
812,jp,18,2028,,,Japan,Fukui,Tsuruga City,,,,,62,
813,jp,18,2044,,,Japan,Fukui,Obama City,,,,,28,
814,jp,18,2052,,,Japan,Fukui,Oono City,,,,,30,
815,jp,18,2061,,,Japan,Fukui,Katsuyama City,,,,,21,
816,jp,18,2079,,,Japan,Fukui,Sabae City,,,,,68,
817,jp,18,2087,,,Japan,Fukui,Awara City,,,,,26,
818,jp,18,2095,,,Japan,Fukui,Echizen City,,,,,80,
819,jp,18,2109,,,Japan,Fukui,Sakai City,,,,,88,
820,jp,18,3229,,,Japan,Fukui,Eiheiji Town,,,,,18,
821,jp,18,3822,,,Japan,Fukui,Ikeda Town,,,,,2,
822,jp,18,4047,,,Japan,Fukui,Minamiechizen Town,,,,,9,
823,jp,18,4233,,,Japan,Fukui,Echizen Town,,,,,20,
824,jp,18,4420,,,Japan,Fukui,Mihama Town,,,,,9,
825,jp,18,4811,,,Japan,Fukui,Takahama Town,,,,,10,
826,jp,18,4837,,,Japan,Fukui,Ooi Town,,,,,8,
827,jp,18,5019,,,Japan,Fukui,Wakasa Town,,,,,13,
828,jp,19,,,,Japan,Yamanashi,,,,,,801,
829,jp,19,2015,,,Japan,Yamanashi,Koufu City,,,,,184,
830,jp,19,2023,,,Japan,Yamanashi,Fujiyoshida City,,,,,46,
831,jp,19,2040,,,Japan,Yamanashi,Tsuru City,,,,,29,
832,jp,19,2058,,,Japan,Yamanashi,Yamanashi City,,,,,33,
833,jp,19,2066,,,Japan,Yamanashi,Ootsuki City,,,,,21,
834,jp,19,2074,,,Japan,Yamanashi,Nirasaki City,,,,,28,
835,jp,19,2082,,,Japan,Yamanashi,Minamiarupusu City,,,,,72,
836,jp,19,2091,,,Japan,Yamanashi,Hokuto City,,,,,45,
837,jp,19,2104,,,Japan,Yamanashi,Kai City,,,,,76,
838,jp,19,2112,,,Japan,Yamanashi,Fuefuki City,,,,,67,
839,jp,19,2121,,,Japan,Yamanashi,Uenohara City,,,,,21,
840,jp,19,2139,,,Japan,Yamanashi,Koushuu City,,,,,29,
841,jp,19,2147,,,Japan,Yamanashi,Chuuou City,,,,,31,
842,jp,19,3461,,,Japan,Yamanashi,Ichikawamisato Town,,,,,14,
843,jp,19,3640,,,Japan,Yamanashi,Hayakawa Town,,,,,1,
844,jp,19,3658,,,Japan,Yamanashi,Minobu Town,,,,,10,
845,jp,19,3666,,,Japan,Yamanashi,Nanbu Town,,,,,7,
846,jp,19,3682,,,Japan,Yamanashi,Fujikawa Town,,,,,14,
847,jp,19,3844,,,Japan,Yamanashi,Shouwa Town,,,,,21,
848,jp,19,4221,,,Japan,Yamanashi,Doushi Village,,,,,2,
849,jp,19,4239,,,Japan,Yamanashi,Nishikatsura Town,,,,,4,
850,jp,19,4247,,,Japan,Yamanashi,Oshino Village,,,,,10,
851,jp,19,4255,,,Japan,Yamanashi,Yamanakako Village,,,,,6,
852,jp,19,4298,,,Japan,Yamanashi,Narusawa Village,,,,,3,
853,jp,19,4301,,,Japan,Yamanashi,Fujikawaguchiko Town,,,,,27,
854,jp,19,4425,,,Japan,Yamanashi,Kosuge Village,,,,,1,
855,jp,19,4433,,,Japan,Yamanashi,Tabayama Village,,,,,1,
856,jp,20,,,,Japan,Nagano,,,,,,2012,
857,jp,20,2011,,,Japan,Nagano,Nagano City,,,,,363,
858,jp,20,2029,,,Japan,Nagano,Matsumoto City,,,,,234,
859,jp,20,2037,,,Japan,Nagano,Ueda City,,,,,152,
860,jp,20,2045,,,Japan,Nagano,Okaya City,,,,,46,
861,jp,20,2053,,,Japan,Nagano,Iida City,,,,,95,
862,jp,20,2061,,,Japan,Nagano,Suwa City,,,,,48,
863,jp,20,2070,,,Japan,Nagano,Suzaka City,,,,,49,
864,jp,20,2088,,,Japan,Nagano,Komoro City,,,,,41,
865,jp,20,2096,,,Japan,Nagano,Ina City,,,,,65,
866,jp,20,2100,,,Japan,Nagano,Komagane City,,,,,31,
867,jp,20,2118,,,Japan,Nagano,Nakano City,,,,,42,
868,jp,20,2126,,,Japan,Nagano,Oomachi City,,,,,25,
869,jp,20,2134,,,Japan,Nagano,Iiyama City,,,,,19,
870,jp,20,2142,,,Japan,Nagano,Chino City,,,,,54,
871,jp,20,2151,,,Japan,Nagano,Shiojiri City,,,,,65,
872,jp,20,2177,,,Japan,Nagano,Saku City,,,,,97,
873,jp,20,2185,,,Japan,Nagano,Chikuma City,,,,,59,
874,jp,20,2193,,,Japan,Nagano,Toumi City,,,,,29,
875,jp,20,2207,,,Japan,Nagano,Azumino City,,,,,96,
876,jp,20,3033,,,Japan,Nagano,Koumi Town,,,,,4,
877,jp,20,3041,,,Japan,Nagano,Kawakami Village,,,,,4,
878,jp,20,3050,,,Japan,Nagano,Minamimaki Village,,,,,3,
879,jp,20,3068,,,Japan,Nagano,Minamiaiki Village,,,,,1,
880,jp,20,3076,,,Japan,Nagano,Kitaaiki Village,,,,,1,
881,jp,20,3092,,,Japan,Nagano,Sakuho Town,,,,,10,
882,jp,20,3211,,,Japan,Nagano,Karuizawa Town,,,,,22,
883,jp,20,3238,,,Japan,Nagano,Miyota Town,,,,,17,
884,jp,20,3246,,,Japan,Nagano,Tateshina Town,,,,,7,
885,jp,20,3491,,,Japan,Nagano,Aoki Village,,,,,4,
886,jp,20,3505,,,Japan,Nagano,Nagawa Town,,,,,6,
887,jp,20,3611,,,Japan,Nagano,Shimosuwa Town,,,,,18,
888,jp,20,3629,,,Japan,Nagano,Fujimi Town,,,,,14,
889,jp,20,3637,,,Japan,Nagano,Hara Village,,,,,8,
890,jp,20,3823,,,Japan,Nagano,Tatsuno Town,,,,,18,
891,jp,20,3831,,,Japan,Nagano,Minowa Town,,,,,24,
892,jp,20,3840,,,Japan,Nagano,Iijima Town,,,,,9,
893,jp,20,3858,,,Japan,Nagano,Minamiminowa Village,,,,,16,
894,jp,20,3866,,,Japan,Nagano,Nakagawa Village,,,,,5,
895,jp,20,3882,,,Japan,Nagano,Miyada Village,,,,,9,
896,jp,20,4021,,,Japan,Nagano,Matsukawa Town,,,,,12,
897,jp,20,4030,,,Japan,Nagano,Takamori Town,,,,,13,
898,jp,20,4048,,,Japan,Nagano,Anan Town,,,,,4,
899,jp,20,4072,,,Japan,Nagano,Achi Village,,,,,6,
900,jp,20,4099,,,Japan,Nagano,Hiraya Village,,,,,0,
901,jp,20,4102,,,Japan,Nagano,Neba Village,,,,,1,
902,jp,20,4111,,,Japan,Nagano,Shimojou Village,,,,,3,
903,jp,20,4129,,,Japan,Nagano,Urugi Village,,,,,0,
904,jp,20,4137,,,Japan,Nagano,Tenryuu Village,,,,,1,
905,jp,20,4145,,,Japan,Nagano,Yasuoka Village,,,,,1,
906,jp,20,4153,,,Japan,Nagano,Takagi Village,,,,,6,
907,jp,20,4161,,,Japan,Nagano,Toyooka Village,,,,,7,
908,jp,20,4170,,,Japan,Nagano,Ooshika Village,,,,,1,
909,jp,20,4226,,,Japan,Nagano,Agematsu Town,,,,,4,
910,jp,20,4234,,,Japan,Nagano,Nagiso Town,,,,,4,
911,jp,20,4251,,,Japan,Nagano,Kiso Village,,,,,3,
912,jp,20,4293,,,Japan,Nagano,Outaki Village,,,,,1,
913,jp,20,4307,,,Japan,Nagano,Ookuwa Village,,,,,3,
914,jp,20,4323,,,Japan,Nagano,Kiso Town,,,,,10,
915,jp,20,4463,,,Japan,Nagano,Omi Village,,,,,2,
916,jp,20,4480,,,Japan,Nagano,Ikusaka Village,,,,,2,
917,jp,20,4501,,,Japan,Nagano,Yamagata Village,,,,,8,
918,jp,20,4510,,,Japan,Nagano,Asahi Village,,,,,4,
919,jp,20,4528,,,Japan,Nagano,Chikuhoku Village,,,,,4,
920,jp,20,4811,,,Japan,Nagano,Ikeda Town,,,,,9,
921,jp,20,4820,,,Japan,Nagano,Matsukawa Village,,,,,10,
922,jp,20,4854,,,Japan,Nagano,Hakuba Village,,,,,10,
923,jp,20,4862,,,Japan,Nagano,Otari Village,,,,,3,
924,jp,20,5214,,,Japan,Nagano,Sakaki Town,,,,,14,
925,jp,20,5419,,,Japan,Nagano,Obuse Town,,,,,11,
926,jp,20,5435,,,Japan,Nagano,Takayama Village,,,,,6,
927,jp,20,5613,,,Japan,Nagano,Yamanouchi Town,,,,,11,
928,jp,20,5621,,,Japan,Nagano,Kijimadaira Village,,,,,4,
929,jp,20,5630,,,Japan,Nagano,Nozawaonsen Village,,,,,4,
930,jp,20,5834,,,Japan,Nagano,Shinano Town,,,,,8,
931,jp,20,5885,,,Japan,Nagano,Ogawa Village,,,,,2,
932,jp,20,5907,,,Japan,Nagano,Iizuna Town,,,,,10,
933,jp,20,6024,,,Japan,Nagano,Sakae Village,,,,,2,
934,jp,21,,,,Japan,Gifu,,,,,,1951,
935,jp,21,2016,,,Japan,Gifu,Gifu City,,,,,399,
936,jp,21,2024,,,Japan,Gifu,Oogaki City,,,,,157,
937,jp,21,2032,,,Japan,Gifu,Takayama City,,,,,82,
938,jp,21,2041,,,Japan,Gifu,Tajimi City,,,,,105,
939,jp,21,2059,,,Japan,Gifu,Seki City,,,,,84,
940,jp,21,2067,,,Japan,Gifu,Nakatsugawa City,,,,,74,
941,jp,21,2075,,,Japan,Gifu,Mino City,,,,,19,
942,jp,21,2083,,,Japan,Gifu,Mizunami City,,,,,35,
943,jp,21,2091,,,Japan,Gifu,Hashima City,,,,,67,
944,jp,21,2105,,,Japan,Gifu,Ena City,,,,,46,
945,jp,21,2113,,,Japan,Gifu,Minokamo City,,,,,58,
946,jp,21,2121,,,Japan,Gifu,Toki City,,,,,54,
947,jp,21,2130,,,Japan,Gifu,Kakamigahara City,,,,,144,
948,jp,21,2148,,,Japan,Gifu,Kani City,,,,,100,
949,jp,21,2156,,,Japan,Gifu,Yamagata City,,,,,25,
950,jp,21,2164,,,Japan,Gifu,Mizuho City,,,,,56,
951,jp,21,2172,,,Japan,Gifu,Hida City,,,,,22,
952,jp,21,2181,,,Japan,Gifu,Motosu City,,,,,33,
953,jp,21,2199,,,Japan,Gifu,Gujou City,,,,,38,
954,jp,21,2202,,,Japan,Gifu,Gero City,,,,,29,
955,jp,21,2211,,,Japan,Gifu,Kaizu City,,,,,32,
956,jp,21,3021,,,Japan,Gifu,Ginan Town,,,,,26,
957,jp,21,3039,,,Japan,Gifu,Kasamatsu Town,,,,,22,
958,jp,21,3411,,,Japan,Gifu,Yourou Town,,,,,26,
959,jp,21,3616,,,Japan,Gifu,Tarui Town,,,,,26,
960,jp,21,3624,,,Japan,Gifu,Sekigahara Town,,,,,6,
961,jp,21,3811,,,Japan,Gifu,Goudo Town,,,,,18,
962,jp,21,3829,,,Japan,Gifu,Wanouchi Town,,,,,9,
963,jp,21,3837,,,Japan,Gifu,Anpachi Town,,,,,14,
964,jp,21,4019,,,Japan,Gifu,Ibigawa Town,,,,,19,
965,jp,21,4035,,,Japan,Gifu,Oono Town,,,,,21,
966,jp,21,4043,,,Japan,Gifu,Ikeda Town,,,,,22,
967,jp,21,4213,,,Japan,Gifu,Kitagata Town,,,,,19,
968,jp,21,5015,,,Japan,Gifu,Sakahogi Town,,,,,8,
969,jp,21,5023,,,Japan,Gifu,Tomika Town,,,,,6,
970,jp,21,5031,,,Japan,Gifu,Kawabe Town,,,,,10,
971,jp,21,5040,,,Japan,Gifu,Hichisou Town,,,,,3,
972,jp,21,5058,,,Japan,Gifu,Yaotsu Town,,,,,10,
973,jp,21,5066,,,Japan,Gifu,Shirakawa Town,,,,,7,
974,jp,21,5074,,,Japan,Gifu,Higashishirakawa Village,,,,,2,
975,jp,21,5210,,,Japan,Gifu,Mitake Town,,,,,18,
976,jp,21,6046,,,Japan,Gifu,Shirakawa Village,,,,,1,
977,jp,22,,,,Japan,Shizuoka,,,,,,3576,
978,jp,22,1007,,,Japan,Shizuoka,Shizuoka City,,,,,673,
979,jp,22,1309,,,Japan,Shizuoka,Hamamatsu City,,,,,784,
980,jp,22,2038,,,Japan,Shizuoka,Numazu City,,,,,186,
981,jp,22,2054,,,Japan,Shizuoka,Atami City,,,,,33,
982,jp,22,2062,,,Japan,Shizuoka,Mishima City,,,,,105,
983,jp,22,2071,,,Japan,Shizuoka,Fujinomiya City,,,,,127,
984,jp,22,2089,,,Japan,Shizuoka,Itou City,,,,,64,
985,jp,22,2097,,,Japan,Shizuoka,Shimada City,,,,,95,
986,jp,22,2101,,,Japan,Shizuoka,Fuji City,,,,,246,
987,jp,22,2119,,,Japan,Shizuoka,Iwata City,,,,,165,
988,jp,22,2127,,,Japan,Shizuoka,Yaizu City,,,,,135,
989,jp,22,2135,,,Japan,Shizuoka,Kakegawa City,,,,,115,
990,jp,22,2143,,,Japan,Shizuoka,Fujieda City,,,,,140,
991,jp,22,2151,,,Japan,Shizuoka,Gotenba City,,,,,83,
992,jp,22,2160,,,Japan,Shizuoka,Fukuroi City,,,,,88,
993,jp,22,2194,,,Japan,Shizuoka,Shimoda City,,,,,19,
994,jp,22,2208,,,Japan,Shizuoka,Susono City,,,,,49,
995,jp,22,2216,,,Japan,Shizuoka,Kosai City,,,,,57,
996,jp,22,2224,,,Japan,Shizuoka,Izu City,,,,,28,
997,jp,22,2232,,,Japan,Shizuoka,Omaezaki City,,,,,30,
998,jp,22,2241,,,Japan,Shizuoka,Kikugawa City,,,,,47,
999,jp,22,2259,,,Japan,Shizuoka,Izunokuni City,,,,,46,
1000,jp,22,2267,,,Japan,Shizuoka,Makinohara City,,,,,42,
1001,jp,22,3018,,,Japan,Shizuoka,Higashiizu Town,,,,,11,
1002,jp,22,3026,,,Japan,Shizuoka,Kawazu Town,,,,,6,
1003,jp,22,3042,,,Japan,Shizuoka,Minamiizu Town,,,,,7,
1004,jp,22,3051,,,Japan,Shizuoka,Matsuzaki Town,,,,,6,
1005,jp,22,3069,,,Japan,Shizuoka,Nishiizu Town,,,,,7,
1006,jp,22,3255,,,Japan,Shizuoka,Kannami Town,,,,,36,
1007,jp,22,3417,,,Japan,Shizuoka,Shimizu Town,,,,,32,
1008,jp,22,3425,,,Japan,Shizuoka,Nagaizumi Town,,,,,44,
1009,jp,22,3441,,,Japan,Shizuoka,Oyama Town,,,,,17,
1010,jp,22,4243,,,Japan,Shizuoka,Yoshida Town,,,,,29,
1011,jp,22,4294,,,Japan,Shizuoka,Kawanehon Town,,,,,6,
1012,jp,22,4618,,,Japan,Shizuoka,Mori Town,,,,,17,
1013,jp,23,,,,Japan,Aichi,,,,,,7484,
1014,jp,23,1002,,,Japan,Aichi,Nagoya City,,,,,2303,
1015,jp,23,2017,,,Japan,Aichi,Toyohashi City,,,,,366,
1016,jp,23,2025,,,Japan,Aichi,Okazaki City,,,,,383,
1017,jp,23,2033,,,Japan,Aichi,Ichinomiya City,,,,,377,
1018,jp,23,2041,,,Japan,Aichi,Seto City,,,,,126,
1019,jp,23,2050,,,Japan,Aichi,Handa City,,,,,116,
1020,jp,23,2068,,,Japan,Aichi,Kasugai City,,,,,306,
1021,jp,23,2076,,,Japan,Aichi,Toyokawa City,,,,,186,
1022,jp,23,2084,,,Japan,Aichi,Tsushima City,,,,,60,
1023,jp,23,2092,,,Japan,Aichi,Hekinan City,,,,,72,
1024,jp,23,2106,,,Japan,Aichi,Kariya City,,,,,153,
1025,jp,23,2114,,,Japan,Aichi,Toyota City,,,,,415,
1026,jp,23,2122,,,Japan,Aichi,Anjou City,,,,,188,
1027,jp,23,2131,,,Japan,Aichi,Nishio City,,,,,170,
1028,jp,23,2149,,,Japan,Aichi,Gamagoori City,,,,,78,
1029,jp,23,2157,,,Japan,Aichi,Inuyama City,,,,,71,
1030,jp,23,2165,,,Japan,Aichi,Tokoname City,,,,,59,
1031,jp,23,2173,,,Japan,Aichi,Kounan City,,,,,98,
1032,jp,23,2190,,,Japan,Aichi,Komaki City,,,,,149,
1033,jp,23,2203,,,Japan,Aichi,Inazawa City,,,,,133,
1034,jp,23,2211,,,Japan,Aichi,Shinshiro City,,,,,42,
1035,jp,23,2220,,,Japan,Aichi,Toukai City,,,,,113,
1036,jp,23,2238,,,Japan,Aichi,Oobu City,,,,,93,
1037,jp,23,2246,,,Japan,Aichi,Chita City,,,,,83,
1038,jp,23,2254,,,Japan,Aichi,Chiryuu City,,,,,73,
1039,jp,23,2262,,,Japan,Aichi,Owariasahi City,,,,,84,
1040,jp,23,2271,,,Japan,Aichi,Takahama City,,,,,49,
1041,jp,23,2289,,,Japan,Aichi,Iwakura City,,,,,48,
1042,jp,23,2297,,,Japan,Aichi,Toyoake City,,,,,68,
1043,jp,23,2301,,,Japan,Aichi,Nisshin City,,,,,94,
1044,jp,23,2319,,,Japan,Aichi,Tahara City,,,,,58,
1045,jp,23,2327,,,Japan,Aichi,Aisai City,,,,,60,
1046,jp,23,2335,,,Japan,Aichi,Kiyosu City,,,,,69,
1047,jp,23,2343,,,Japan,Aichi,Kitanagoya City,,,,,86,
1048,jp,23,2351,,,Japan,Aichi,Yatomi City,,,,,44,
1049,jp,23,2360,,,Japan,Aichi,Miyoshi City,,,,,61,
1050,jp,23,2378,,,Japan,Aichi,Ama City,,,,,88,
1051,jp,23,2386,,,Japan,Aichi,Nagakute City,,,,,62,
1052,jp,23,3021,,,Japan,Aichi,Tougou Town,,,,,44,
1053,jp,23,3421,,,Japan,Aichi,Toyoyama Town,,,,,16,
1054,jp,23,3617,,,Japan,Aichi,Ooguchi Town,,,,,24,
1055,jp,23,3625,,,Japan,Aichi,Fusou Town,,,,,35,
1056,jp,23,4249,,,Japan,Aichi,Ooharu Town,,,,,34,
1057,jp,23,4257,,,Japan,Aichi,Kanie Town,,,,,37,
1058,jp,23,4273,,,Japan,Aichi,Tobishima Village,,,,,5,
1059,jp,23,4419,,,Japan,Aichi,Agui Town,,,,,28,
1060,jp,23,4427,,,Japan,Aichi,Higashiura Town,,,,,50,
1061,jp,23,4451,,,Japan,Aichi,Minamichita Town,,,,,16,
1062,jp,23,4460,,,Japan,Aichi,Mihama Town,,,,,21,
1063,jp,23,4478,,,Japan,Aichi,Taketoyo Town,,,,,43,
1064,jp,23,5016,,,Japan,Aichi,Kouta Town,,,,,42,
1065,jp,23,5610,,,Japan,Aichi,Shitara Town,,,,,4,
1066,jp,23,5628,,,Japan,Aichi,Touei Town,,,,,3,
1067,jp,23,5636,,,Japan,Aichi,Toyone Village,,,,,1,
1068,jp,24,,,,Japan,Mie,,,,,,1741,
1069,jp,24,2012,,,Japan,Mie,Tsu City,,,,,268,
1070,jp,24,2021,,,Japan,Mie,Yokkaichi City,,,,,306,
1071,jp,24,2039,,,Japan,Mie,Ise City,,,,,119,
1072,jp,24,2047,,,Japan,Mie,Matsusaka City,,,,,156,
1073,jp,24,2055,,,Japan,Mie,Kuwana City,,,,,138,
1074,jp,24,2071,,,Japan,Mie,Suzuka City,,,,,194,
1075,jp,24,2080,,,Japan,Mie,Nabari City,,,,,74,
1076,jp,24,2098,,,Japan,Mie,Owase City,,,,,16,
1077,jp,24,2101,,,Japan,Mie,Kameyama City,,,,,49,
1078,jp,24,2110,,,Japan,Mie,Toba City,,,,,16,
1079,jp,24,2128,,,Japan,Mie,Kumano City,,,,,15,
1080,jp,24,2144,,,Japan,Mie,Inabe City,,,,,45,
1081,jp,24,2152,,,Japan,Mie,Shima City,,,,,44,
1082,jp,24,2161,,,Japan,Mie,Iga City,,,,,85,
1083,jp,24,3035,,,Japan,Mie,Kisosaki Town,,,,,6,
1084,jp,24,3248,,,Japan,Mie,Touin Town,,,,,26,
1085,jp,24,3418,,,Japan,Mie,Komono Town,,,,,41,
1086,jp,24,3434,,,Japan,Mie,Asahi Town,,,,,11,
1087,jp,24,3442,,,Japan,Mie,Kawagoe Town,,,,,16,
1088,jp,24,4414,,,Japan,Mie,Taki Town,,,,,14,
1089,jp,24,4422,,,Japan,Mie,Meiwa Town,,,,,23,
1090,jp,24,4431,,,Japan,Mie,Oodai Town,,,,,8,
1091,jp,24,4619,,,Japan,Mie,Tamaki Town,,,,,15,
1092,jp,24,4708,,,Japan,Mie,Watarai Town,,,,,8,
1093,jp,24,4716,,,Japan,Mie,Taiki Town,,,,,7,
1094,jp,24,4724,,,Japan,Mie,Minamiise Town,,,,,10,
1095,jp,24,5437,,,Japan,Mie,Kihoku Town,,,,,14,
1096,jp,24,5615,,,Japan,Mie,Mihama Town,,,,,8,
1097,jp,24,5623,,,Japan,Mie,Kihou Town,,,,,10,
1098,jp,25,,,,Japan,Shiga,,,,,,1405,
1099,jp,25,2018,,,Japan,Shiga,Ootsu City,,,,,344,
1100,jp,25,2026,,,Japan,Shiga,Hikone City,,,,,111,
1101,jp,25,2034,,,Japan,Shiga,Nagahama City,,,,,112,
1102,jp,25,2042,,,Japan,Shiga,Oumihachiman City,,,,,82,
1103,jp,25,2069,,,Japan,Shiga,Kusatsu City,,,,,141,
1104,jp,25,2077,,,Japan,Shiga,Moriyama City,,,,,86,
1105,jp,25,2085,,,Japan,Shiga,Rittou City,,,,,70,
1106,jp,25,2093,,,Japan,Shiga,Kouka City,,,,,88,
1107,jp,25,2107,,,Japan,Shiga,Yasu City,,,,,51,
1108,jp,25,2115,,,Japan,Shiga,Konan City,,,,,54,
1109,jp,25,2123,,,Japan,Shiga,Takashima City,,,,,45,
1110,jp,25,2131,,,Japan,Shiga,Higashioumi City,,,,,111,
1111,jp,25,2140,,,Japan,Shiga,Maibara City,,,,,37,
1112,jp,25,3839,,,Japan,Shiga,Hino Town,,,,,21,
1113,jp,25,3847,,,Japan,Shiga,Riyuuou Town,,,,,11,
1114,jp,25,4258,,,Japan,Shiga,Aishou Town,,,,,21,
1115,jp,25,4410,,,Japan,Shiga,Toyosato Town,,,,,7,
1116,jp,25,4428,,,Japan,Shiga,Koura Town,,,,,6,
1117,jp,25,4436,,,Japan,Shiga,Taga Town,,,,,7,
1118,jp,26,,,,Japan,Kyoto,,,,,,2472,
1119,jp,26,1009,,,Japan,Kyoto,Kyouto City,,,,,1374,
1120,jp,26,2013,,,Japan,Kyoto,Fukuchiyama City,,,,,75,
1121,jp,26,2021,,,Japan,Kyoto,Maizuru City,,,,,75,
1122,jp,26,2030,,,Japan,Kyoto,Ayabe City,,,,,31,
1123,jp,26,2048,,,Japan,Kyoto,Uji City,,,,,180,
1124,jp,26,2056,,,Japan,Kyoto,Miyazu City,,,,,16,
1125,jp,26,2064,,,Japan,Kyoto,Kameoka City,,,,,86,
1126,jp,26,2072,,,Japan,Kyoto,Jouyou City,,,,,73,
1127,jp,26,2081,,,Japan,Kyoto,Mukou City,,,,,56,
1128,jp,26,2099,,,Japan,Kyoto,Nagaokakyou City,,,,,82,
1129,jp,26,2102,,,Japan,Kyoto,Yawata City,,,,,69,
1130,jp,26,2111,,,Japan,Kyoto,Kyoutanabe City,,,,,72,
1131,jp,26,2129,,,Japan,Kyoto,Kyoutango City,,,,,50,
1132,jp,26,2137,,,Japan,Kyoto,Nantan City,,,,,30,
1133,jp,26,2145,,,Japan,Kyoto,Kizugawa City,,,,,79,
1134,jp,26,3036,,,Japan,Kyoto,Ooyamazaki Town,,,,,17,
1135,jp,26,3222,,,Japan,Kyoto,Kumiyama Town,,,,,15,
1136,jp,26,3435,,,Japan,Kyoto,Ide Town,,,,,7,
1137,jp,26,3443,,,Japan,Kyoto,Ujitawara Town,,,,,9,
1138,jp,26,3648,,,Japan,Kyoto,Kasagi Town,,,,,1,
1139,jp,26,3656,,,Japan,Kyoto,Wazuka Town,,,,,3,
1140,jp,26,3664,,,Japan,Kyoto,Seika Town,,,,,36,
1141,jp,26,3672,,,Japan,Kyoto,Minamiyamashiro Village,,,,,2,
1142,jp,26,4075,,,Japan,Kyoto,Kyoutanba Town,,,,,12,
1143,jp,26,4636,,,Japan,Kyoto,Ine Town,,,,,2,
1144,jp,26,4652,,,Japan,Kyoto,Yosano Town,,,,,19,
1145,jp,27,,,,Japan,Osaka,,,,,,8772,
1146,jp,27,1004,,,Japan,Osaka,Oosaka City,,,,,2779,
1147,jp,27,1403,,,Japan,Osaka,Sakai City,,,,,812,
1148,jp,27,2027,,,Japan,Osaka,Kishiwada City,,,,,187,
1149,jp,27,2035,,,Japan,Osaka,Toyonaka City,,,,,406,
1150,jp,27,2043,,,Japan,Osaka,Ikeda City,,,,,103,
1151,jp,27,2051,,,Japan,Osaka,Suita City,,,,,385,
1152,jp,27,2060,,,Japan,Osaka,Izumiootsu City,,,,,73,
1153,jp,27,2078,,,Japan,Osaka,Takatsuki City,,,,,346,
1154,jp,27,2086,,,Japan,Osaka,Kaizuka City,,,,,81,
1155,jp,27,2094,,,Japan,Osaka,Moriguchi City,,,,,141,
1156,jp,27,2108,,,Japan,Osaka,Hirakata City,,,,,392,
1157,jp,27,2116,,,Japan,Osaka,Ibaraki City,,,,,286,
1158,jp,27,2124,,,Japan,Osaka,Yao City,,,,,259,
1159,jp,27,2132,,,Japan,Osaka,Izumisano City,,,,,99,
1160,jp,27,2141,,,Japan,Osaka,Tondabayashi City,,,,,106,
1161,jp,27,2159,,,Japan,Osaka,Neyagawa City,,,,,224,
1162,jp,27,2167,,,Japan,Osaka,Kawachinagano City,,,,,98,
1163,jp,27,2175,,,Japan,Osaka,Matsubara City,,,,,116,
1164,jp,27,2183,,,Japan,Osaka,Daitou City,,,,,116,
1165,jp,27,2191,,,Japan,Osaka,Izumi City,,,,,182,
1166,jp,27,2205,,,Japan,Osaka,Minoo City,,,,,140,
1167,jp,27,2213,,,Japan,Osaka,Kashiwara City,,,,,67,
1168,jp,27,2221,,,Japan,Osaka,Habikino City,,,,,107,
1169,jp,27,2230,,,Japan,Osaka,Kadoma City,,,,,116,
1170,jp,27,2248,,,Japan,Osaka,Settsu City,,,,,86,
1171,jp,27,2256,,,Japan,Osaka,Takaishi City,,,,,56,
1172,jp,27,2264,,,Japan,Osaka,Fujiidera City,,,,,62,
1173,jp,27,2272,,,Japan,Osaka,Higashioosaka City,,,,,478,
1174,jp,27,2281,,,Japan,Osaka,Sennan City,,,,,58,
1175,jp,27,2299,,,Japan,Osaka,Shijiyounawate City,,,,,54,
1176,jp,27,2302,,,Japan,Osaka,Katano City,,,,,77,
1177,jp,27,2311,,,Japan,Osaka,Oosakasayama City,,,,,58,
1178,jp,27,2329,,,Japan,Osaka,Hannan City,,,,,50,
1179,jp,27,3015,,,Japan,Osaka,Shimamoto Town,,,,,32,
1180,jp,27,3210,,,Japan,Osaka,Toyono Town,,,,,18,
1181,jp,27,3228,,,Japan,Osaka,Nose Town,,,,,9,
1182,jp,27,3414,,,Japan,Osaka,Tadaoka Town,,,,,16,
1183,jp,27,3619,,,Japan,Osaka,Kumatori Town,,,,,43,
1184,jp,27,3627,,,Japan,Osaka,Tajiri Town,,,,,8,
1185,jp,27,3660,,,Japan,Osaka,Misaki Town,,,,,14,
1186,jp,27,3813,,,Japan,Osaka,Taishi Town,,,,,13,
1187,jp,27,3821,,,Japan,Osaka,Kanan Town,,,,,15,
1188,jp,27,3830,,,Japan,Osaka,Chihayaakasaka Village,,,,,5,
1189,jp,28,,,,Japan,Hyogo,,,,,,5394,
1190,jp,28,1000,,,Japan,Hyogo,Koube City,,,,,1494,
1191,jp,28,2014,,,Japan,Hyogo,Himeji City,,,,,523,
1192,jp,28,2022,,,Japan,Hyogo,Amagasaki City,,,,,458,
1193,jp,28,2031,,,Japan,Hyogo,Akashi City,,,,,307,
1194,jp,28,2049,,,Japan,Hyogo,Nishinomiya City,,,,,481,
1195,jp,28,2057,,,Japan,Hyogo,Sumoto City,,,,,41,
1196,jp,28,2065,,,Japan,Hyogo,Ashiya City,,,,,94,
1197,jp,28,2073,,,Japan,Hyogo,Itami City,,,,,200,
1198,jp,28,2081,,,Japan,Hyogo,Aioi City,,,,,27,
1199,jp,28,2090,,,Japan,Hyogo,Toyooka City,,,,,75,
1200,jp,28,2103,,,Japan,Hyogo,Kakogawa City,,,,,257,
1201,jp,28,2120,,,Japan,Hyogo,Akou City,,,,,44,
1202,jp,28,2138,,,Japan,Hyogo,Nishiwaki City,,,,,38,
1203,jp,28,2146,,,Japan,Hyogo,Takarazuka City,,,,,228,
1204,jp,28,2154,,,Japan,Hyogo,Miki City,,,,,73,
1205,jp,28,2162,,,Japan,Hyogo,Takasago City,,,,,87,
1206,jp,28,2171,,,Japan,Hyogo,Kawanishi City,,,,,153,
1207,jp,28,2189,,,Japan,Hyogo,Ono City,,,,,47,
1208,jp,28,2197,,,Japan,Hyogo,Sanda City,,,,,106,
1209,jp,28,2201,,,Japan,Hyogo,Kasai City,,,,,41,
1210,jp,28,2219,,,Japan,Hyogo,Tanbasasayama City,,,,,39,
1211,jp,28,2227,,,Japan,Hyogo,Yabu City,,,,,21,
1212,jp,28,2235,,,Japan,Hyogo,Tanba City,,,,,60,
1213,jp,28,2243,,,Japan,Hyogo,Minamiawaji City,,,,,44,
1214,jp,28,2251,,,Japan,Hyogo,Asago City,,,,,28,
1215,jp,28,2260,,,Japan,Hyogo,Awaji City,,,,,41,
1216,jp,28,2278,,,Japan,Hyogo,Shisou City,,,,,34,
1217,jp,28,2286,,,Japan,Hyogo,Katou City,,,,,39,
1218,jp,28,2294,,,Japan,Hyogo,Tatsuno City,,,,,72,
1219,jp,28,3011,,,Japan,Hyogo,Inagawa Town,,,,,29,
1220,jp,28,3657,,,Japan,Hyogo,Taka Town,,,,,19,
1221,jp,28,3819,,,Japan,Hyogo,Inami Town,,,,,30,
1222,jp,28,3827,,,Japan,Hyogo,Harima Town,,,,,35,
1223,jp,28,4424,,,Japan,Hyogo,Ichikawa Town,,,,,11,
1224,jp,28,4432,,,Japan,Hyogo,Fukusaki Town,,,,,19,
1225,jp,28,4467,,,Japan,Hyogo,Kamikawa Town,,,,,10,
1226,jp,28,4645,,,Japan,Hyogo,Taishi Town,,,,,33,
1227,jp,28,4815,,,Japan,Hyogo,Kamigoori Town,,,,,14,
1228,jp,28,5013,,,Japan,Hyogo,Sayou Town,,,,,15,
1229,jp,28,5854,,,Japan,Hyogo,Kami Town,,,,,15,
1230,jp,28,5862,,,Japan,Hyogo,Shinonsen Town,,,,,13,
1231,jp,29,,,,Japan,Nara,,,,,,1304,
1232,jp,29,2010,,,Japan,Nara,Nara City,,,,,347,
1233,jp,29,2028,,,Japan,Nara,Yamatotakada City,,,,,62,
1234,jp,29,2036,,,Japan,Nara,Yamatokooriyama City,,,,,83,
1235,jp,29,2044,,,Japan,Nara,Tenri City,,,,,61,
1236,jp,29,2052,,,Japan,Nara,Kashihara City,,,,,119,
1237,jp,29,2061,,,Japan,Nara,Sakurai City,,,,,54,
1238,jp,29,2079,,,Japan,Nara,Gojou City,,,,,27,
1239,jp,29,2087,,,Japan,Nara,Gose City,,,,,23,
1240,jp,29,2095,,,Japan,Nara,Ikoma City,,,,,117,
1241,jp,29,2109,,,Japan,Nara,Kashiba City,,,,,78,
1242,jp,29,2117,,,Japan,Nara,Katsuragi City,,,,,38,
1243,jp,29,2125,,,Japan,Nara,Uda City,,,,,27,
1244,jp,29,3229,,,Japan,Nara,Yamazoe Village,,,,,3,
1245,jp,29,3423,,,Japan,Nara,Heguri Town,,,,,18,
1246,jp,29,3431,,,Japan,Nara,Sangou Town,,,,,22,
1247,jp,29,3440,,,Japan,Nara,Ikaruga Town,,,,,28,
1248,jp,29,3458,,,Japan,Nara,Ando Town,,,,,7,
1249,jp,29,3610,,,Japan,Nara,Kawanishi Town,,,,,8,
1250,jp,29,3628,,,Japan,Nara,Miyake Town,,,,,6,
1251,jp,29,3636,,,Japan,Nara,Tawaramoto Town,,,,,31,
1252,jp,29,3857,,,Japan,Nara,Soni Village,,,,,1,
1253,jp,29,3865,,,Japan,Nara,Mitsue Village,,,,,1,
1254,jp,29,4012,,,Japan,Nara,Takatori Town,,,,,6,
1255,jp,29,4021,,,Japan,Nara,Asuka Village,,,,,5,
1256,jp,29,4241,,,Japan,Nara,Kanmaki Town,,,,,21,
1257,jp,29,4250,,,Japan,Nara,Ouji Town,,,,,24,
1258,jp,29,4268,,,Japan,Nara,Kouriyou Town,,,,,35,
1259,jp,29,4276,,,Japan,Nara,Kawai Town,,,,,17,
1260,jp,29,4411,,,Japan,Nara,Yoshino Town,,,,,6,
1261,jp,29,4420,,,Japan,Nara,Ooyodo Town,,,,,16,
1262,jp,29,4438,,,Japan,Nara,Shimoichi Town,,,,,4,
1263,jp,29,4446,,,Japan,Nara,Kurotaki Village,,,,,1,
1264,jp,29,4462,,,Japan,Nara,Tenkawa Village,,,,,1,
1265,jp,29,4471,,,Japan,Nara,Nosegawa Village,,,,,0,
1266,jp,29,4497,,,Japan,Nara,Totsukawa Village,,,,,3,
1267,jp,29,4501,,,Japan,Nara,Shimokitayama Village,,,,,1,
1268,jp,29,4519,,,Japan,Nara,Kamikitayama Village,,,,,0,
1269,jp,29,4527,,,Japan,Nara,Kawakami Village,,,,,1,
1270,jp,29,4535,,,Japan,Nara,Higashiyoshino Village,,,,,1,
1271,jp,30,,,,Japan,Wakayama,,,,,,901,
1272,jp,30,2015,,,Japan,Wakayama,Wakayama City,,,,,353,
1273,jp,30,2023,,,Japan,Wakayama,Kainan City,,,,,46,
1274,jp,30,2031,,,Japan,Wakayama,Hashimoto City,,,,,59,
1275,jp,30,2040,,,Japan,Wakayama,Arida City,,,,,25,
1276,jp,30,2058,,,Japan,Wakayama,Gobou City,,,,,21,
1277,jp,30,2066,,,Japan,Wakayama,Tanabe City,,,,,67,
1278,jp,30,2074,,,Japan,Wakayama,Shinguu City,,,,,26,
1279,jp,30,2082,,,Japan,Wakayama,Kinokawa City,,,,,59,
1280,jp,30,2091,,,Japan,Wakayama,Iwade City,,,,,54,
1281,jp,30,3046,,,Japan,Wakayama,Kimino Town,,,,,8,
1282,jp,30,3411,,,Japan,Wakayama,Katsuragi Town,,,,,15,
1283,jp,30,3437,,,Japan,Wakayama,Kudoyama Town,,,,,4,
1284,jp,30,3445,,,Japan,Wakayama,Kouya Town,,,,,3,
1285,jp,30,3615,,,Japan,Wakayama,Yuasa Town,,,,,11,
1286,jp,30,3623,,,Japan,Wakayama,Hirogawa Town,,,,,6,
1287,jp,30,3666,,,Japan,Wakayama,Aridagawa Town,,,,,25,
1288,jp,30,3810,,,Japan,Wakayama,Mihama Town,,,,,6,
1289,jp,30,3828,,,Japan,Wakayama,Hidaka Town,,,,,8,
1290,jp,30,3836,,,Japan,Wakayama,Yura Town,,,,,5,
1291,jp,30,3909,,,Japan,Wakayama,Inami Town,,,,,8,
1292,jp,30,3917,,,Japan,Wakayama,Minabe Town,,,,,12,
1293,jp,30,3925,,,Japan,Wakayama,Hidakagawa Town,,,,,9,
1294,jp,30,4018,,,Japan,Wakayama,Shirahama Town,,,,,20,
1295,jp,30,4042,,,Japan,Wakayama,Kamitonda Town,,,,,16,
1296,jp,30,4069,,,Japan,Wakayama,Susami Town,,,,,3,
1297,jp,30,4212,,,Japan,Wakayama,Nachikatsuura Town,,,,,13,
1298,jp,30,4221,,,Japan,Wakayama,Taiji Town,,,,,3,
1299,jp,30,4247,,,Japan,Wakayama,Kozagawa Town,,,,,2,
1300,jp,30,4271,,,Japan,Wakayama,Kitayama Village,,,,,0,
1301,jp,30,4280,,,Japan,Wakayama,Kushimoto Town,,,,,14,
1302,jp,31,,,,Japan,Tottori,,,,,,534,
1303,jp,31,2011,,,Japan,Tottori,Tottori City,,,,,179,
1304,jp,31,2029,,,Japan,Tottori,Yonago City,,,,,144,
1305,jp,31,2037,,,Japan,Tottori,Kurayoshi City,,,,,44,
1306,jp,31,2045,,,Japan,Tottori,Sakaiminato City,,,,,32,
1307,jp,31,3025,,,Japan,Tottori,Iwami Town,,,,,11,
1308,jp,31,3254,,,Japan,Tottori,Wakasa Town,,,,,3,
1309,jp,31,3289,,,Japan,Tottori,Chizu Town,,,,,6,
1310,jp,31,3297,,,Japan,Tottori,Yazu Town,,,,,15,
1311,jp,31,3645,,,Japan,Tottori,Misasa Town,,,,,6,
1312,jp,31,3700,,,Japan,Tottori,Yurihama Town,,,,,16,
1313,jp,31,3718,,,Japan,Tottori,Kotoura Town,,,,,16,
1314,jp,31,3726,,,Japan,Tottori,Hokuei Town,,,,,14,
1315,jp,31,3840,,,Japan,Tottori,Hiezu Village,,,,,4,
1316,jp,31,3866,,,Japan,Tottori,Daisen Town,,,,,15,
1317,jp,31,3891,,,Japan,Tottori,Nanbu Town,,,,,10,
1318,jp,31,3904,,,Japan,Tottori,Houki Town,,,,,10,
1319,jp,31,4013,,,Japan,Tottori,Nichinan Town,,,,,4,
1320,jp,31,4021,,,Japan,Tottori,Hino Town,,,,,3,
1321,jp,31,4030,,,Japan,Tottori,Koufu Town,,,,,2,
1322,jp,32,,,,Japan,Shimane,,,,,,643,
1323,jp,32,2016,,,Japan,Shimane,Matsue City,,,,,194,
1324,jp,32,2024,,,Japan,Shimane,Hamada City,,,,,49,
1325,jp,32,2032,,,Japan,Shimane,Izumo City,,,,,172,
1326,jp,32,2041,,,Japan,Shimane,Masuda City,,,,,43,
1327,jp,32,2059,,,Japan,Shimane,Ooda City,,,,,31,
1328,jp,32,2067,,,Japan,Shimane,Yasugi City,,,,,35,
1329,jp,32,2075,,,Japan,Shimane,Goutsu City,,,,,21,
1330,jp,32,2091,,,Japan,Shimane,Unnan City,,,,,34,
1331,jp,32,3438,,,Japan,Shimane,Okuizumo Town,,,,,11,
1332,jp,32,3861,,,Japan,Shimane,Iinan Town,,,,,4,
1333,jp,32,4418,,,Japan,Shimane,Kawamoto Town,,,,,3,
1334,jp,32,4485,,,Japan,Shimane,Misato Town,,,,,4,
1335,jp,32,4493,,,Japan,Shimane,Oonan Town,,,,,9,
1336,jp,32,5015,,,Japan,Shimane,Tsuwano Town,,,,,6,
1337,jp,32,5058,,,Japan,Shimane,Yoshika Town,,,,,6,
1338,jp,32,5252,,,Japan,Shimane,Ama Town,,,,,2,
1339,jp,32,5261,,,Japan,Shimane,Nishinoshima Town,,,,,2,
1340,jp,32,5279,,,Japan,Shimane,Chibu Village,,,,,1,
1341,jp,32,5287,,,Japan,Shimane,Okinoshima Town,,,,,13,
1342,jp,33,,,,Japan,Okayama,,,,,,1835,
1343,jp,33,1007,,,Japan,Okayama,Okayama City,,,,,696,
1344,jp,33,2020,,,Japan,Okayama,Kurashiki City,,,,,474,
1345,jp,33,2038,,,Japan,Okayama,Tsuyama City,,,,,95,
1346,jp,33,2046,,,Japan,Okayama,Tamano City,,,,,54,
1347,jp,33,2054,,,Japan,Okayama,Kasaoka City,,,,,44,
1348,jp,33,2071,,,Japan,Okayama,Ibara City,,,,,37,
1349,jp,33,2089,,,Japan,Okayama,Soujiya City,,,,,70,
1350,jp,33,2097,,,Japan,Okayama,Takahashi City,,,,,26,
1351,jp,33,2101,,,Japan,Okayama,Niimi City,,,,,26,
1352,jp,33,2119,,,Japan,Okayama,Bizen City,,,,,31,
1353,jp,33,2127,,,Japan,Okayama,Setouchi City,,,,,36,
1354,jp,33,2135,,,Japan,Okayama,Akaiwa City,,,,,42,
1355,jp,33,2143,,,Japan,Okayama,Maniwa City,,,,,41,
1356,jp,33,2151,,,Japan,Okayama,Mimasaka City,,,,,25,
1357,jp,33,2160,,,Japan,Okayama,Asakuchi City,,,,,33,
1358,jp,33,3468,,,Japan,Okayama,Wake Town,,,,,13,
1359,jp,33,4235,,,Japan,Okayama,Hayashima Town,,,,,13,
1360,jp,33,4456,,,Japan,Okayama,Satoshou Town,,,,,11,
1361,jp,33,4618,,,Japan,Okayama,Yakage Town,,,,,13,
1362,jp,33,5860,,,Japan,Okayama,Shinjiyou Village,,,,,1,
1363,jp,33,6068,,,Japan,Okayama,Kagamino Town,,,,,12,
1364,jp,33,6220,,,Japan,Okayama,Shouou Town,,,,,11,
1365,jp,33,6238,,,Japan,Okayama,Nagi Town,,,,,6,
1366,jp,33,6432,,,Japan,Okayama,Nishiawakura Village,,,,,1,
1367,jp,33,6637,,,Japan,Okayama,Kumenan Town,,,,,4,
1368,jp,33,6661,,,Japan,Okayama,Misaki Town,,,,,13,
1369,jp,33,6815,,,Japan,Okayama,Kibichuuou Town,,,,,10,
1370,jp,34,,,,Japan,Hiroshima,,,,,,2729,
1371,jp,34,1002,,,Japan,Hiroshima,Hiroshima City,,,,,1174,
1372,jp,34,2025,,,Japan,Hiroshima,Kure City,,,,,201,
1373,jp,34,2033,,,Japan,Hiroshima,Takehara City,,,,,23,
1374,jp,34,2041,,,Japan,Hiroshima,Mihara City,,,,,87,
1375,jp,34,2050,,,Japan,Hiroshima,Onomichi City,,,,,126,
1376,jp,34,2076,,,Japan,Hiroshima,Fukuyama City,,,,,455,
1377,jp,34,2084,,,Japan,Hiroshima,Fuchuu City,,,,,35,
1378,jp,34,2092,,,Japan,Hiroshima,Miyoshi City,,,,,48,
1379,jp,34,2106,,,Japan,Hiroshima,Shoubara City,,,,,31,
1380,jp,34,2114,,,Japan,Hiroshima,Ootake City,,,,,25,
1381,jp,34,2122,,,Japan,Hiroshima,Higashihiroshima City,,,,,191,
1382,jp,34,2131,,,Japan,Hiroshima,Hatsukaichi City,,,,,115,
1383,jp,34,2149,,,Japan,Hiroshima,Akitakata City,,,,,26,
1384,jp,34,2157,,,Japan,Hiroshima,Etajima City,,,,,21,
1385,jp,34,3021,,,Japan,Hiroshima,Fuchuu Town,,,,,52,
1386,jp,34,3048,,,Japan,Hiroshima,Kaita Town,,,,,31,
1387,jp,34,3072,,,Japan,Hiroshima,Kumano Town,,,,,23,
1388,jp,34,3099,,,Japan,Hiroshima,Saka Town,,,,,12,
1389,jp,34,3684,,,Japan,Hiroshima,Akioota Town,,,,,5,
1390,jp,34,3692,,,Japan,Hiroshima,Kitahiroshima Town,,,,,17,
1391,jp,34,4311,,,Japan,Hiroshima,Oosakikamijima Town,,,,,7,
1392,jp,34,4621,,,Japan,Hiroshima,Sera Town,,,,,15,
1393,jp,34,5458,,,Japan,Hiroshima,Jinsekikougen Town,,,,,8,
1394,jp,35,,,,Japan,Yamaguchi,,,,,,1293,
1395,jp,35,2012,,,Japan,Yamaguchi,Shimonoseki City,,,,,243,
1396,jp,35,2021,,,Japan,Yamaguchi,Ube City,,,,,156,
1397,jp,35,2039,,,Japan,Yamaguchi,Yamaguchi City,,,,,186,
1398,jp,35,2047,,,Japan,Yamaguchi,Hagi City,,,,,42,
1399,jp,35,2063,,,Japan,Yamaguchi,Houfu City,,,,,113,
1400,jp,35,2071,,,Japan,Yamaguchi,Kudamatsu City,,,,,57,
1401,jp,35,2080,,,Japan,Yamaguchi,Iwakuni City,,,,,125,
1402,jp,35,2101,,,Japan,Yamaguchi,Hikari City,,,,,48,
1403,jp,35,2110,,,Japan,Yamaguchi,Nagato City,,,,,30,
1404,jp,35,2128,,,Japan,Yamaguchi,Yanai City,,,,,29,
1405,jp,35,2136,,,Japan,Yamaguchi,Mine City,,,,,21,
1406,jp,35,2152,,,Japan,Yamaguchi,Shuunan City,,,,,135,
1407,jp,35,2161,,,Japan,Yamaguchi,Sanyouonoda City,,,,,59,
1408,jp,35,3051,,,Japan,Yamaguchi,Suouooshima Town,,,,,14,
1409,jp,35,3213,,,Japan,Yamaguchi,Waki Town,,,,,6,
1410,jp,35,3418,,,Japan,Yamaguchi,Kaminoseki Town,,,,,2,
1411,jp,35,3434,,,Japan,Yamaguchi,Tabuse Town,,,,,14,
1412,jp,35,3442,,,Japan,Yamaguchi,Hirao Town,,,,,11,
1413,jp,35,5020,,,Japan,Yamaguchi,Abu Town,,,,,3,
1414,jp,36,,,,Japan,Tokushima,,,,,,700,
1415,jp,36,2018,,,Japan,Tokushima,Tokushima City,,,,,245,
1416,jp,36,2026,,,Japan,Tokushima,Naruto City,,,,,53,
1417,jp,36,2034,,,Japan,Tokushima,Komatsushima City,,,,,35,
1418,jp,36,2042,,,Japan,Tokushima,Anan City,,,,,68,
1419,jp,36,2051,,,Japan,Tokushima,Yoshinogawa City,,,,,38,
1420,jp,36,2069,,,Japan,Tokushima,Awa City,,,,,34,
1421,jp,36,2077,,,Japan,Tokushima,Mima City,,,,,26,
1422,jp,36,2085,,,Japan,Tokushima,Miyoshi City,,,,,22,
1423,jp,36,3014,,,Japan,Tokushima,Katsuura Town,,,,,5,
1424,jp,36,3022,,,Japan,Tokushima,Kamikatsu Town,,,,,1,
1425,jp,36,3219,,,Japan,Tokushima,Sanagouchi Village,,,,,2,
1426,jp,36,3413,,,Japan,Tokushima,Ishii Town,,,,,25,
1427,jp,36,3421,,,Japan,Tokushima,Kamiyama Town,,,,,5,
1428,jp,36,3685,,,Japan,Tokushima,Naka Town,,,,,7,
1429,jp,36,3839,,,Japan,Tokushima,Mugi Town,,,,,3,
1430,jp,36,3871,,,Japan,Tokushima,Minami Town,,,,,6,
1431,jp,36,3880,,,Japan,Tokushima,Kaiyou Town,,,,,8,
1432,jp,36,4011,,,Japan,Tokushima,Matsushige Town,,,,,14,
1433,jp,36,4029,,,Japan,Tokushima,Kitajima Town,,,,,24,
1434,jp,36,4037,,,Japan,Tokushima,Aizumi Town,,,,,35,
1435,jp,36,4045,,,Japan,Tokushima,Itano Town,,,,,13,
1436,jp,36,4053,,,Japan,Tokushima,Kamiita Town,,,,,11,
1437,jp,36,4681,,,Japan,Tokushima,Tsurugi Town,,,,,7,
1438,jp,36,4894,,,Japan,Tokushima,Higashimiyoshi Town,,,,,13,
1439,jp,37,,,,Japan,Kagawa,,,,,,940,
1440,jp,37,2013,,,Japan,Kagawa,Takamatsu City,,,,,418,
1441,jp,37,2021,,,Japan,Kagawa,Marugame City,,,,,111,
1442,jp,37,2030,,,Japan,Kagawa,Sakaide City,,,,,50,
1443,jp,37,2048,,,Japan,Kagawa,Zentsuuji City,,,,,30,
1444,jp,37,2056,,,Japan,Kagawa,Kanonji City,,,,,56,
1445,jp,37,2064,,,Japan,Kagawa,Sanuki City,,,,,44,
1446,jp,37,2072,,,Japan,Kagawa,Higashikagawa City,,,,,27,
1447,jp,37,2081,,,Japan,Kagawa,Mitoyo City,,,,,60,
1448,jp,37,3222,,,Japan,Kagawa,Tonoshou Town,,,,,12,
1449,jp,37,3249,,,Japan,Kagawa,Shoudoshima Town,,,,,13,
1450,jp,37,3419,,,Japan,Kagawa,Miki Town,,,,,27,
1451,jp,37,3648,,,Japan,Kagawa,Naoshima Town,,,,,3,
1452,jp,37,3869,,,Japan,Kagawa,Utazu Town,,,,,18,
1453,jp,37,3877,,,Japan,Kagawa,Ayagawa Town,,,,,23,
1454,jp,37,4032,,,Japan,Kagawa,Kotohira Town,,,,,8,
1455,jp,37,4041,,,Japan,Kagawa,Tadotsu Town,,,,,22,
1456,jp,37,4067,,,Japan,Kagawa,Mannou Town,,,,,17,
1457,jp,38,,,,Japan,Ehime,,,,,,1296,
1458,jp,38,2019,,,Japan,Ehime,Matsuyama City,,,,,497,
1459,jp,38,2027,,,Japan,Ehime,Imabari City,,,,,148,
1460,jp,38,2035,,,Japan,Ehime,Uwajima City,,,,,67,
1461,jp,38,2043,,,Japan,Ehime,Yawatahama City,,,,,30,
1462,jp,38,2051,,,Japan,Ehime,Niihama City,,,,,113,
1463,jp,38,2060,,,Japan,Ehime,Saijou City,,,,,103,
1464,jp,38,2078,,,Japan,Ehime,Oozu City,,,,,39,
1465,jp,38,2108,,,Japan,Ehime,Iyo City,,,,,35,
1466,jp,38,2132,,,Japan,Ehime,Shikokuchuuou City,,,,,81,
1467,jp,38,2141,,,Japan,Ehime,Seiyo City,,,,,34,
1468,jp,38,2159,,,Japan,Ehime,Touon City,,,,,33,
1469,jp,38,3562,,,Japan,Ehime,Kamijima Town,,,,,6,
1470,jp,38,3864,,,Japan,Ehime,Kumakougen Town,,,,,7,
1471,jp,38,4011,,,Japan,Ehime,Masaki Town,,,,,30,
1472,jp,38,4020,,,Japan,Ehime,Tobe Town,,,,,20,
1473,jp,38,4224,,,Japan,Ehime,Uchiko Town,,,,,15,
1474,jp,38,4429,,,Japan,Ehime,Ikata Town,,,,,8,
1475,jp,38,4844,,,Japan,Ehime,Matsuno Town,,,,,3,
1476,jp,38,4887,,,Japan,Ehime,Kihoku Town,,,,,9,
1477,jp,38,5069,,,Japan,Ehime,Ainan Town,,,,,19,
1478,jp,39,,,,Japan,Kochi,,,,,,665,
1479,jp,39,2014,,,Japan,Kochi,Kouchi City,,,,,312,
1480,jp,39,2022,,,Japan,Kochi,Muroto City,,,,,11,
1481,jp,39,2031,,,Japan,Kochi,Aki City,,,,,16,
1482,jp,39,2049,,,Japan,Kochi,Nankoku City,,,,,46,
1483,jp,39,2057,,,Japan,Kochi,Tosa City,,,,,26,
1484,jp,39,2065,,,Japan,Kochi,Susaki City,,,,,19,
1485,jp,39,2081,,,Japan,Kochi,Sukumo City,,,,,18,
1486,jp,39,2090,,,Japan,Kochi,Tosashimizu City,,,,,12,
1487,jp,39,2103,,,Japan,Kochi,Shimanto City,,,,,31,
1488,jp,39,2111,,,Japan,Kochi,Kounan City,,,,,33,
1489,jp,39,2120,,,Japan,Kochi,Kami City,,,,,25,
1490,jp,39,3011,,,Japan,Kochi,Touyou Town,,,,,2,
1491,jp,39,3029,,,Japan,Kochi,Nahari Town,,,,,3,
1492,jp,39,3037,,,Japan,Kochi,Tano Town,,,,,2,
1493,jp,39,3045,,,Japan,Kochi,Yasuda Town,,,,,2,
1494,jp,39,3053,,,Japan,Kochi,Kitagawa Village,,,,,1,
1495,jp,39,3061,,,Japan,Kochi,Umaji Village,,,,,1,
1496,jp,39,3070,,,Japan,Kochi,Geisei Village,,,,,4,
1497,jp,39,3410,,,Japan,Kochi,Motoyama Town,,,,,3,
1498,jp,39,3444,,,Japan,Kochi,Ootoyo Town,,,,,3,
1499,jp,39,3631,,,Japan,Kochi,Tosa Town,,,,,3,
1500,jp,39,3649,,,Japan,Kochi,Ookawa Village,,,,,0,
1501,jp,39,3860,,,Japan,Kochi,Ino Town,,,,,21,
1502,jp,39,3878,,,Japan,Kochi,Niyodogawa Town,,,,,4,
1503,jp,39,4017,,,Japan,Kochi,Nakatosa Town,,,,,6,
1504,jp,39,4025,,,Japan,Kochi,Sakawa Town,,,,,12,
1505,jp,39,4033,,,Japan,Kochi,Ochi Town,,,,,5,
1506,jp,39,4050,,,Japan,Kochi,Yusuhara Town,,,,,3,
1507,jp,39,4106,,,Japan,Kochi,Hidaka Village,,,,,5,
1508,jp,39,4114,,,Japan,Kochi,Tsuno Town,,,,,5,
1509,jp,39,4122,,,Japan,Kochi,Shimanto Town,,,,,15,
1510,jp,39,4246,,,Japan,Kochi,Ootsuki Town,,,,,4,
1511,jp,39,4271,,,Japan,Kochi,Mihara Village,,,,,1,
1512,jp,39,4289,,,Japan,Kochi,Kuroshio Town,,,,,10,
1513,jp,40,,,,Japan,Fukuoka,,,,,,5087,
1514,jp,40,1005,,,Japan,Fukuoka,Kitakyuushuu City,,,,,914,
1515,jp,40,1307,,,Japan,Fukuoka,Fukuoka City,,,,,1608,
1516,jp,40,2028,,,Japan,Fukuoka,Oomuta City,,,,,105,
1517,jp,40,2036,,,Japan,Fukuoka,Kurume City,,,,,300,
1518,jp,40,2044,,,Japan,Fukuoka,Noogata City,,,,,55,
1519,jp,40,2052,,,Japan,Fukuoka,Iizuka City,,,,,124,
1520,jp,40,2061,,,Japan,Fukuoka,Tagawa City,,,,,45,
1521,jp,40,2079,,,Japan,Fukuoka,Yanagawa City,,,,,62,
1522,jp,40,2109,,,Japan,Fukuoka,Yame City,,,,,60,
1523,jp,40,2117,,,Japan,Fukuoka,Chikugo City,,,,,49,
1524,jp,40,2125,,,Japan,Fukuoka,Ookawa City,,,,,31,
1525,jp,40,2133,,,Japan,Fukuoka,Yukuhashi City,,,,,72,
1526,jp,40,2141,,,Japan,Fukuoka,Buzen City,,,,,23,
1527,jp,40,2150,,,Japan,Fukuoka,Nakama City,,,,,39,
1528,jp,40,2168,,,Japan,Fukuoka,Ogoori City,,,,,60,
1529,jp,40,2176,,,Japan,Fukuoka,Chikushino City,,,,,106,
1530,jp,40,2184,,,Japan,Fukuoka,Kasuga City,,,,,112,
1531,jp,40,2192,,,Japan,Fukuoka,Oonojou City,,,,,104,
1532,jp,40,2206,,,Japan,Fukuoka,Munakata City,,,,,97,
1533,jp,40,2214,,,Japan,Fukuoka,Dazaifu City,,,,,72,
1534,jp,40,2231,,,Japan,Fukuoka,Koga City,,,,,59,
1535,jp,40,2249,,,Japan,Fukuoka,Fukutsu City,,,,,69,
1536,jp,40,2257,,,Japan,Fukuoka,Ukiha City,,,,,27,
1537,jp,40,2265,,,Japan,Fukuoka,Miyawaka City,,,,,26,
1538,jp,40,2273,,,Japan,Fukuoka,Kama City,,,,,34,
1539,jp,40,2281,,,Japan,Fukuoka,Asakura City,,,,,50,
1540,jp,40,2290,,,Japan,Fukuoka,Miyama City,,,,,34,
1541,jp,40,2303,,,Japan,Fukuoka,Itoshima City,,,,,104,
1542,jp,40,2311,,,Japan,Fukuoka,Nakagawa City,,,,,49,
1543,jp,40,3415,,,Japan,Fukuoka,Umi Town,,,,,37,
1544,jp,40,3423,,,Japan,Fukuoka,Sasaguri Town,,,,,31,
1545,jp,40,3431,,,Japan,Fukuoka,Shime Town,,,,,46,
1546,jp,40,3440,,,Japan,Fukuoka,Sue Town,,,,,29,
1547,jp,40,3458,,,Japan,Fukuoka,Shinguu Town,,,,,33,
1548,jp,40,3482,,,Japan,Fukuoka,Hisayama Town,,,,,9,
1549,jp,40,3491,,,Japan,Fukuoka,Kasuya Town,,,,,49,
1550,jp,40,3814,,,Japan,Fukuoka,Ashiya Town,,,,,13,
1551,jp,40,3822,,,Japan,Fukuoka,Mizumaki Town,,,,,28,
1552,jp,40,3831,,,Japan,Fukuoka,Okagaki Town,,,,,31,
1553,jp,40,3849,,,Japan,Fukuoka,Onga Town,,,,,19,
1554,jp,40,4012,,,Japan,Fukuoka,Kotake Town,,,,,7,
1555,jp,40,4021,,,Japan,Fukuoka,Kurate Town,,,,,15,
1556,jp,40,4217,,,Japan,Fukuoka,Keisen Town,,,,,13,
1557,jp,40,4471,,,Japan,Fukuoka,Chikuzen Town,,,,,31,
1558,jp,40,4489,,,Japan,Fukuoka,Touhou Village,,,,,2,
1559,jp,40,5035,,,Japan,Fukuoka,Tachiarai Town,,,,,16,
1560,jp,40,5221,,,Japan,Fukuoka,Ooki Town,,,,,14,
1561,jp,40,5442,,,Japan,Fukuoka,Hirokawa Town,,,,,19,
1562,jp,40,6015,,,Japan,Fukuoka,Kawara Town,,,,,10,
1563,jp,40,6023,,,Japan,Fukuoka,Soeda Town,,,,,8,
1564,jp,40,6040,,,Japan,Fukuoka,Itoda Town,,,,,8,
1565,jp,40,6058,,,Japan,Fukuoka,Kawasaki Town,,,,,15,
1566,jp,40,6082,,,Japan,Fukuoka,Ootou Town,,,,,5,
1567,jp,40,6091,,,Japan,Fukuoka,Aka Village,,,,,3,
1568,jp,40,6104,,,Japan,Fukuoka,Fukuchi Town,,,,,21,
1569,jp,40,6210,,,Japan,Fukuoka,Kanda Town,,,,,38,
1570,jp,40,6252,,,Japan,Fukuoka,Miyako Town,,,,,18,
1571,jp,40,6422,,,Japan,Fukuoka,Yoshitomi Town,,,,,7,
1572,jp,40,6465,,,Japan,Fukuoka,Kouge Town,,,,,7,
1573,jp,40,6473,,,Japan,Fukuoka,Chikujou Town,,,,,16,
1574,jp,41,,,,Japan,Saga,,,,,,794,
1575,jp,41,2015,,,Japan,Saga,Saga City,,,,,226,
1576,jp,41,2023,,,Japan,Saga,Karatsu City,,,,,114,
1577,jp,41,2031,,,Japan,Saga,Tosu City,,,,,75,
1578,jp,41,2040,,,Japan,Saga,Taku City,,,,,18,
1579,jp,41,2058,,,Japan,Saga,Imari City,,,,,52,
1580,jp,41,2066,,,Japan,Saga,Takeo City,,,,,47,
1581,jp,41,2074,,,Japan,Saga,Kashima City,,,,,27,
1582,jp,41,2082,,,Japan,Saga,Ogi City,,,,,44,
1583,jp,41,2091,,,Japan,Saga,Ureshino City,,,,,24,
1584,jp,41,2104,,,Japan,Saga,Kanzaki City,,,,,30,
1585,jp,41,3275,,,Japan,Saga,Yoshinogari Town,,,,,16,
1586,jp,41,3411,,,Japan,Saga,Kiyama Town,,,,,18,
1587,jp,41,3453,,,Japan,Saga,Kamimine Town,,,,,10,
1588,jp,41,3461,,,Japan,Saga,Miyaki Town,,,,,26,
1589,jp,41,3879,,,Japan,Saga,Genkai Town,,,,,5,
1590,jp,41,4018,,,Japan,Saga,Arita Town,,,,,19,
1591,jp,41,4239,,,Japan,Saga,Oomachi Town,,,,,6,
1592,jp,41,4247,,,Japan,Saga,Kouhoku Town,,,,,10,
1593,jp,41,4255,,,Japan,Saga,Shiroishi Town,,,,,21,
1594,jp,41,4417,,,Japan,Saga,Tara Town,,,,,8,
1595,jp,42,,,,Japan,Nagasaki,,,,,,1274,
1596,jp,42,2011,,,Japan,Nagasaki,Nagasaki City,,,,,391,
1597,jp,42,2029,,,Japan,Nagasaki,Sasebo City,,,,,234,
1598,jp,42,2037,,,Japan,Nagasaki,Shimabara City,,,,,42,
1599,jp,42,2045,,,Japan,Nagasaki,Isahaya City,,,,,133,
1600,jp,42,2053,,,Japan,Nagasaki,Oomura City,,,,,100,
1601,jp,42,2070,,,Japan,Nagasaki,Hirado City,,,,,28,
1602,jp,42,2088,,,Japan,Nagasaki,Matsuura City,,,,,20,
1603,jp,42,2096,,,Japan,Nagasaki,Tsushima City,,,,,27,
1604,jp,42,2100,,,Japan,Nagasaki,Iki City,,,,,24,
1605,jp,42,2118,,,Japan,Nagasaki,Gotou City,,,,,34,
1606,jp,42,2126,,,Japan,Nagasaki,Saikai City,,,,,25,
1607,jp,42,2134,,,Japan,Nagasaki,Unzen City,,,,,41,
1608,jp,42,2142,,,Japan,Nagasaki,Minamishimabara City,,,,,41,
1609,jp,42,3076,,,Japan,Nagasaki,Nagayo Town,,,,,39,
1610,jp,42,3084,,,Japan,Nagasaki,Togitsu Town,,,,,29,
1611,jp,42,3211,,,Japan,Nagasaki,Higashisonogi Town,,,,,7,
1612,jp,42,3220,,,Japan,Nagasaki,Kawatana Town,,,,,13,
1613,jp,42,3238,,,Japan,Nagasaki,Hasami Town,,,,,14,
1614,jp,42,3831,,,Japan,Nagasaki,Ojika Town,,,,,2,
1615,jp,42,3912,,,Japan,Nagasaki,Saza Town,,,,,14,
1616,jp,42,4111,,,Japan,Nagasaki,Shinkamigotou Town,,,,,17,
1617,jp,43,,,,Japan,Kumamoto,,,,,,1716,
1618,jp,43,1001,,,Japan,Kumamoto,Kumamoto City,,,,,731,
1619,jp,43,2024,,,Japan,Kumamoto,Yatsushiro City,,,,,120,
1620,jp,43,2032,,,Japan,Kumamoto,Hitoyoshi City,,,,,30,
1621,jp,43,2041,,,Japan,Kumamoto,Arao City,,,,,49,
1622,jp,43,2059,,,Japan,Kumamoto,Minamata City,,,,,22,
1623,jp,43,2067,,,Japan,Kumamoto,Tamana City,,,,,63,
1624,jp,43,2083,,,Japan,Kumamoto,Yamaga City,,,,,48,
1625,jp,43,2105,,,Japan,Kumamoto,Kikuchi City,,,,,47,
1626,jp,43,2113,,,Japan,Kumamoto,Uto City,,,,,36,
1627,jp,43,2121,,,Japan,Kumamoto,Kamiamakusa City,,,,,24,
1628,jp,43,2130,,,Japan,Kumamoto,Uki City,,,,,56,
1629,jp,43,2148,,,Japan,Kumamoto,Aso City,,,,,24,
1630,jp,43,2156,,,Japan,Kumamoto,Amakusa City,,,,,72,
1631,jp,43,2164,,,Japan,Kumamoto,Koushi City,,,,,65,
1632,jp,43,3489,,,Japan,Kumamoto,Misato Town,,,,,9,
1633,jp,43,3641,,,Japan,Kumamoto,Gyokutou Town,,,,,5,
1634,jp,43,3675,,,Japan,Kumamoto,Nankan Town,,,,,9,
1635,jp,43,3683,,,Japan,Kumamoto,Nagasu Town,,,,,15,
1636,jp,43,3691,,,Japan,Kumamoto,Nagomi Town,,,,,9,
1637,jp,43,4035,,,Japan,Kumamoto,Oozu Town,,,,,36,
1638,jp,43,4043,,,Japan,Kumamoto,Kikuyou Town,,,,,44,
1639,jp,43,4230,,,Japan,Kumamoto,Minamioguni Town,,,,,4,
1640,jp,43,4248,,,Japan,Kumamoto,Oguni Town,,,,,6,
1641,jp,43,4256,,,Japan,Kumamoto,Ubuyama Village,,,,,1,
1642,jp,43,4281,,,Japan,Kumamoto,Takamori Town,,,,,6,
1643,jp,43,4329,,,Japan,Kumamoto,Nishihara Village,,,,,7,
1644,jp,43,4337,,,Japan,Kumamoto,Minamiaso Village,,,,,10,
1645,jp,43,4418,,,Japan,Kumamoto,Mifune Town,,,,,17,
1646,jp,43,4426,,,Japan,Kumamoto,Kashima Town,,,,,10,
1647,jp,43,4434,,,Japan,Kumamoto,Mashiki Town,,,,,34,
1648,jp,43,4442,,,Japan,Kumamoto,Kousa Town,,,,,10,
1649,jp,43,4477,,,Japan,Kumamoto,Yamato Town,,,,,13,
1650,jp,43,4680,,,Japan,Kumamoto,Hikawa Town,,,,,11,
1651,jp,43,4825,,,Japan,Kumamoto,Ashikita Town,,,,,15,
1652,jp,43,4841,,,Japan,Kumamoto,Tsunagi Town,,,,,4,
1653,jp,43,5015,,,Japan,Kumamoto,Nishiki Town,,,,,10,
1654,jp,43,5058,,,Japan,Kumamoto,Taragi Town,,,,,8,
1655,jp,43,5066,,,Japan,Kumamoto,Yunomae Town,,,,,3,
1656,jp,43,5074,,,Japan,Kumamoto,Mizukami Village,,,,,2,
1657,jp,43,5104,,,Japan,Kumamoto,Sagara Village,,,,,4,
1658,jp,43,5112,,,Japan,Kumamoto,Itsuki Village,,,,,1,
1659,jp,43,5121,,,Japan,Kumamoto,Yamae Village,,,,,3,
1660,jp,43,5139,,,Japan,Kumamoto,Kuma Village,,,,,3,
1661,jp,43,5147,,,Japan,Kumamoto,Asagiri Town,,,,,14,
1662,jp,43,5317,,,Japan,Kumamoto,Reihoku Town,,,,,6,
1663,jp,44,,,,Japan,Oita,,,,,,1102,
1664,jp,44,2011,,,Japan,Oita,Ooita City,,,,,473,
1665,jp,44,2020,,,Japan,Oita,Beppu City,,,,,112,
1666,jp,44,2038,,,Japan,Oita,Nakatsu City,,,,,82,
1667,jp,44,2046,,,Japan,Oita,Hita City,,,,,60,
1668,jp,44,2054,,,Japan,Oita,Saiki City,,,,,64,
1669,jp,44,2062,,,Japan,Oita,Usuki City,,,,,35,
1670,jp,44,2071,,,Japan,Oita,Tsukumi City,,,,,15,
1671,jp,44,2089,,,Japan,Oita,Taketa City,,,,,19,
1672,jp,44,2097,,,Japan,Oita,Bungotakada City,,,,,22,
1673,jp,44,2101,,,Japan,Oita,Kitsuki City,,,,,26,
1674,jp,44,2119,,,Japan,Oita,Usa City,,,,,52,
1675,jp,44,2127,,,Japan,Oita,Bungooono City,,,,,32,
1676,jp,44,2135,,,Japan,Oita,Yufu City,,,,,34,
1677,jp,44,2143,,,Japan,Oita,Kunisaki City,,,,,25,
1678,jp,44,3221,,,Japan,Oita,Himeshima Village,,,,,2,
1679,jp,44,3417,,,Japan,Oita,Hiji Town,,,,,28,
1680,jp,44,4618,,,Japan,Oita,Kokonoe Town,,,,,8,
1681,jp,44,4626,,,Japan,Oita,Kusu Town,,,,,14,
1682,jp,45,,,,Japan,Miyazaki,,,,,,1048,
1683,jp,45,2017,,,Japan,Miyazaki,Miyazaki City,,,,,395,
1684,jp,45,2025,,,Japan,Miyazaki,Miyakonojou City,,,,,163,
1685,jp,45,2033,,,Japan,Miyazaki,Nobeoka City,,,,,114,
1686,jp,45,2041,,,Japan,Miyazaki,Nichinan City,,,,,48,
1687,jp,45,2050,,,Japan,Miyazaki,Kobayashi City,,,,,42,
1688,jp,45,2068,,,Japan,Miyazaki,Hyuuga City,,,,,58,
1689,jp,45,2076,,,Japan,Miyazaki,Kushima City,,,,,16,
1690,jp,45,2084,,,Japan,Miyazaki,Saito City,,,,,28,
1691,jp,45,2092,,,Japan,Miyazaki,Ebino City,,,,,17,
1692,jp,45,3412,,,Japan,Miyazaki,Mimata Town,,,,,26,
1693,jp,45,3617,,,Japan,Miyazaki,Takaharu Town,,,,,8,
1694,jp,45,3820,,,Japan,Miyazaki,Kunitomi Town,,,,,18,
1695,jp,45,3838,,,Japan,Miyazaki,Aya Town,,,,,7,
1696,jp,45,4010,,,Japan,Miyazaki,Takanabe Town,,,,,19,
1697,jp,45,4028,,,Japan,Miyazaki,Shintomi Town,,,,,16,
1698,jp,45,4036,,,Japan,Miyazaki,Nishimera Village,,,,,1,
1699,jp,45,4044,,,Japan,Miyazaki,Kijou Town,,,,,5,
1700,jp,45,4052,,,Japan,Miyazaki,Kawaminami Town,,,,,15,
1701,jp,45,4061,,,Japan,Miyazaki,Tsuno Town,,,,,10,
1702,jp,45,4214,,,Japan,Miyazaki,Kadogawa Town,,,,,17,
1703,jp,45,4290,,,Japan,Miyazaki,Morotsuka Village,,,,,1,
1704,jp,45,4303,,,Japan,Miyazaki,Shiiba Village,,,,,2,
1705,jp,45,4311,,,Japan,Miyazaki,Misato Town,,,,,5,
1706,jp,45,4419,,,Japan,Miyazaki,Takachiho Town,,,,,11,
1707,jp,45,4427,,,Japan,Miyazaki,Hinokage Town,,,,,3,
1708,jp,45,4435,,,Japan,Miyazaki,Gokase Town,,,,,3,
1709,jp,46,,,,Japan,Kagoshima,,,,,,1559,
1710,jp,46,2012,,,Japan,Kagoshima,Kagoshima City,,,,,591,
1711,jp,46,2039,,,Japan,Kagoshima,Kanoya City,,,,,99,
1712,jp,46,2047,,,Japan,Kagoshima,Makurazaki City,,,,,19,
1713,jp,46,2063,,,Japan,Kagoshima,Akune City,,,,,18,
1714,jp,46,2080,,,Japan,Kagoshima,Izumi City,,,,,51,
1715,jp,46,2101,,,Japan,Kagoshima,Ibusuki City,,,,,37,
1716,jp,46,2136,,,Japan,Kagoshima,Nishinoomote City,,,,,14,
1717,jp,46,2144,,,Japan,Kagoshima,Tarumizu City,,,,,13,
1718,jp,46,2152,,,Japan,Kagoshima,Satsumasendai City,,,,,91,
1719,jp,46,2161,,,Japan,Kagoshima,Hioki City,,,,,46,
1720,jp,46,2179,,,Japan,Kagoshima,Soo City,,,,,32,
1721,jp,46,2187,,,Japan,Kagoshima,Kirishima City,,,,,123,
1722,jp,46,2195,,,Japan,Kagoshima,Ichikikushikino City,,,,,26,
1723,jp,46,2209,,,Japan,Kagoshima,Minamisatsuma City,,,,,31,
1724,jp,46,2217,,,Japan,Kagoshima,Shibushi City,,,,,29,
1725,jp,46,2225,,,Japan,Kagoshima,Amami City,,,,,40,
1726,jp,46,2233,,,Japan,Kagoshima,Minamikyuushuu City,,,,,31,
1727,jp,46,2241,,,Japan,Kagoshima,Isa City,,,,,23,
1728,jp,46,2250,,,Japan,Kagoshima,Aira City,,,,,78,
1729,jp,46,3035,,,Japan,Kagoshima,Mishima Village,,,,,0,
1730,jp,46,3043,,,Japan,Kagoshima,Toshima Village,,,,,1,
1731,jp,46,3922,,,Japan,Kagoshima,Satsuma Town,,,,,19,
1732,jp,46,4040,,,Japan,Kagoshima,Nagashima Town,,,,,9,
1733,jp,46,4520,,,Japan,Kagoshima,Yuusui Town,,,,,8,
1734,jp,46,4686,,,Japan,Kagoshima,Oosaki Town,,,,,12,
1735,jp,46,4821,,,Japan,Kagoshima,Higashikushira Town,,,,,6,
1736,jp,46,4902,,,Japan,Kagoshima,Kinkou Town,,,,,6,
1737,jp,46,4911,,,Japan,Kagoshima,Minamioosumi Town,,,,,6,
1738,jp,46,4929,,,Japan,Kagoshima,Kimotsuki Town,,,,,14,
1739,jp,46,5011,,,Japan,Kagoshima,Nakatane Town,,,,,7,
1740,jp,46,5020,,,Japan,Kagoshima,Minamitane Town,,,,,5,
1741,jp,46,5054,,,Japan,Kagoshima,Yakushima Town,,,,,11,
1742,jp,46,5232,,,Japan,Kagoshima,Yamato Village,,,,,1,
1743,jp,46,5241,,,Japan,Kagoshima,Uken Village,,,,,2,
1744,jp,46,5259,,,Japan,Kagoshima,Setouchi Town,,,,,8,
1745,jp,46,5275,,,Japan,Kagoshima,Tatsugou Town,,,,,6,
1746,jp,46,5291,,,Japan,Kagoshima,Kikai Town,,,,,6,
1747,jp,46,5305,,,Japan,Kagoshima,Tokunoshima Town,,,,,10,
1748,jp,46,5313,,,Japan,Kagoshima,Amagi Town,,,,,5,
1749,jp,46,5321,,,Japan,Kagoshima,Isen Town,,,,,6,
1750,jp,46,5330,,,Japan,Kagoshima,Wadomari Town,,,,,6,
1751,jp,46,5348,,,Japan,Kagoshima,China Town,,,,,5,
1752,jp,46,5356,,,Japan,Kagoshima,Yoron Town,,,,,5,
1753,jp,47,,,,Japan,Okinawa,,,,,,1484,
1754,jp,47,2018,,,Japan,Okinawa,Naha City,,,,,313,
1755,jp,47,2051,,,Japan,Okinawa,Ginowan City,,,,,100,
1756,jp,47,2077,,,Japan,Okinawa,Ishigaki City,,,,,50,
1757,jp,47,2085,,,Japan,Okinawa,Urasoe City,,,,,115,
1758,jp,47,2093,,,Japan,Okinawa,Nago City,,,,,65,
1759,jp,47,2107,,,Japan,Okinawa,Itoman City,,,,,62,
1760,jp,47,2115,,,Japan,Okinawa,Okinawa City,,,,,142,
1761,jp,47,2123,,,Japan,Okinawa,Tomigusuku City,,,,,66,
1762,jp,47,2131,,,Japan,Okinawa,Uruma City,,,,,127,
1763,jp,47,2140,,,Japan,Okinawa,Miyakojima City,,,,,56,
1764,jp,47,2158,,,Japan,Okinawa,Nanjou City,,,,,47,
1765,jp,47,3014,,,Japan,Okinawa,Kunigami Village,,,,,4,
1766,jp,47,3022,,,Japan,Okinawa,Oogimi Village,,,,,3,
1767,jp,47,3031,,,Japan,Okinawa,Higashi Village,,,,,2,
1768,jp,47,3065,,,Japan,Okinawa,Nakijin Village,,,,,9,
1769,jp,47,3081,,,Japan,Okinawa,Motobu Town,,,,,13,
1770,jp,47,3111,,,Japan,Okinawa,Onna Village,,,,,11,
1771,jp,47,3138,,,Japan,Okinawa,Ginoza Village,,,,,7,
1772,jp,47,3146,,,Japan,Okinawa,Kin Town,,,,,11,
1773,jp,47,3154,,,Japan,Okinawa,Ie Village,,,,,4,
1774,jp,47,3243,,,Japan,Okinawa,Yomitan Village,,,,,42,
1775,jp,47,3251,,,Japan,Okinawa,Kadena Town,,,,,13,
1776,jp,47,3260,,,Japan,Okinawa,Chiyatan Town,,,,,29,
1777,jp,47,3278,,,Japan,Okinawa,Kitanakagusuku Village,,,,,18,
1778,jp,47,3286,,,Japan,Okinawa,Nakagusuku Village,,,,,23,
1779,jp,47,3294,,,Japan,Okinawa,Nishihara Town,,,,,36,
1780,jp,47,3481,,,Japan,Okinawa,Yonabaru Town,,,,,20,
1781,jp,47,3502,,,Japan,Okinawa,Haebaru Town,,,,,41,
1782,jp,47,3537,,,Japan,Okinawa,Tokashiki Village,,,,,1,
1783,jp,47,3545,,,Japan,Okinawa,Zamami Village,,,,,1,
1784,jp,47,3553,,,Japan,Okinawa,Aguni Village,,,,,1,
1785,jp,47,3561,,,Japan,Okinawa,Tonaki Village,,,,,0,
1786,jp,47,3570,,,Japan,Okinawa,Minamidaitou Village,,,,,1,
1787,jp,47,3588,,,Japan,Okinawa,Kitadaitou Village,,,,,1,
1788,jp,47,3596,,,Japan,Okinawa,Iheya Village,,,,,1,
1789,jp,47,3600,,,Japan,Okinawa,Izena Village,,,,,1,
1790,jp,47,3618,,,Japan,Okinawa,Kumejima Town,,,,,7,
1791,jp,47,3626,,,Japan,Okinawa,Yaese Town,,,,,33,
1792,jp,47,3758,,,Japan,Okinawa,Tarama Village,,,,,1,
1793,jp,47,3812,,,Japan,Okinawa,Taketomi Town,,,,,4,
1794,jp,47,3821,,,Japan,Okinawa,Yonaguni Town,,,,,2,