Num,x1,x2,x3,x4,x5,x1Name,x2Name,x3Name,x4Name,x5Name,account,subArea,Population(K),GNI(M$)
1,jp,01,,,,Japan,Hokkaido,,,,,,5045,
2,jp,01,01,,,Japan,Hokkaido,Sapporo,札幌市,,,,1956,
3,jp,01,02,,,Japan,Hokkaido,Hakodate,函館市,,,,237,
4,jp,01,03,,,Japan,Hokkaido,Otaru,小樽市,,,,104,
5,jp,01,04,,,Japan,Hokkaido,Asahikawa,旭川市,,,,316,
6,jp,01,05,,,Japan,Hokkaido,Muroran,室蘭市,,,,75,
7,jp,01,06,,,Japan,Hokkaido,Kushiro,釧路市,,,,154,
8,jp,01,07,,,Japan,Hokkaido,Obihiro,帯広市,,,,161,
9,jp,01,08,,,Japan,Hokkaido,Kitami,北見市,,,,110,
10,jp,01,09,,,Japan,Hokkaido,Yuubari,夕張市,,,,6,
11,jp,01,10,,,Japan,Hokkaido,Iwamizawa,岩見沢市,,,,74,
12,jp,01,11,,,Japan,Hokkaido,Abashiri,網走市,,,,32,
13,jp,01,12,,,Japan,Hokkaido,Rumoi,留萌市,,,,18,
14,jp,01,13,,,Japan,Hokkaido,Tomakomai,苫小牧市,,,,166,
15,jp,01,14,,,Japan,Hokkaido,Wakkanai,稚内市,,,,30,
16,jp,01,15,,,Japan,Hokkaido,Bibai,美唄市,,,,18,
17,jp,01,16,,,Japan,Hokkaido,Ashibetsu,芦別市,,,,11,
18,jp,01,17,,,Japan,Hokkaido,Ebetsu,江別市,,,,118,
19,jp,01,18,,,Japan,Hokkaido,Akabira,赤平市,,,,8,
20,jp,01,19,,,Japan,Hokkaido,Monbetsu,紋別市,,,,20,
21,jp,01,20,,,Japan,Hokkaido,Shibetsu,士別市,,,,16,
22,jp,01,21,,,Japan,Hokkaido,Nayoro,名寄市,,,,25,
23,jp,01,22,,,Japan,Hokkaido,Mikasa,三笠市,,,,7,
24,jp,01,23,,,Japan,Hokkaido,Nemuro,根室市,,,,22,
25,jp,01,24,,,Japan,Hokkaido,Chitose,千歳市,,,,97,
26,jp,01,25,,,Japan,Hokkaido,Takikawa,滝川市,,,,37,
27,jp,01,26,,,Japan,Hokkaido,Sunagawa,砂川市,,,,15,
28,jp,01,27,,,Japan,Hokkaido,Utashinai,歌志内市,,,,3,
29,jp,01,28,,,Japan,Hokkaido,Fukagawa,深川市,,,,18,
30,jp,01,29,,,Japan,Hokkaido,Furano,富良野市,,,,20,
31,jp,01,30,,,Japan,Hokkaido,Noboribetsu,登別市,,,,44,
32,jp,01,31,,,Japan,Hokkaido,Eniwa,恵庭市,,,,70,
33,jp,01,32,,,Japan,Hokkaido,Date,伊達市,,,,31,
34,jp,01,33,,,Japan,Hokkaido,Kitahiroshima,北広島市,,,,56,
35,jp,01,34,,,Japan,Hokkaido,Ishikari,石狩市,,,,57,
36,jp,01,35,,,Japan,Hokkaido,Hokuto,北斗市,,,,43,
37,jp,01,36,,,Japan,Hokkaido,Ishikaritoubetsu,石狩郡当別町,,,,15,
38,jp,01,37,,,Japan,Hokkaido,Ishikarishinshinotsu,石狩郡新篠津村,,,,3,
39,jp,01,38,,,Japan,Hokkaido,Matsumaematsumae,松前郡松前町,,,,6,
40,jp,01,39,,,Japan,Hokkaido,Matsumaefukushima,松前郡福島町,,,,3,
41,jp,01,40,,,Japan,Hokkaido,Kamiisoshiriuchi,上磯郡知内町,,,,4,
42,jp,01,41,,,Japan,Hokkaido,Kamiisokikonai,上磯郡木古内町,,,,4,
43,jp,01,42,,,Japan,Hokkaido,Kamedananae,亀田郡七飯町,,,,27,
44,jp,01,43,,,Japan,Hokkaido,Kayabeshikabe,茅部郡鹿部町,,,,4,
45,jp,01,44,,,Japan,Hokkaido,Kayabemori,茅部郡森町,,,,14,
46,jp,01,45,,,Japan,Hokkaido,Futamiyakumo,二海郡八雲町,,,,15,
47,jp,01,46,,,Japan,Hokkaido,Yamakoshioshamanbe,山越郡長万部町,,,,5,
48,jp,01,47,,,Japan,Hokkaido,Hiyamaesashi,檜山郡江差町,,,,7,
49,jp,01,48,,,Japan,Hokkaido,Hiyamauenokuni,檜山郡上ノ国町,,,,4,
50,jp,01,49,,,Japan,Hokkaido,Hiyamaassabu,檜山郡厚沢部町,,,,3,
51,jp,01,50,,,Japan,Hokkaido,Nishiotobe,爾志郡乙部町,,,,3,
52,jp,01,51,,,Japan,Hokkaido,Okushiriokushiri,奥尻郡奥尻町,,,,2,
53,jp,01,52,,,Japan,Hokkaido,Setanaimagane,瀬棚郡今金町,,,,4,
54,jp,01,53,,,Japan,Hokkaido,Kudousetana,久遠郡せたな町,,,,7,
55,jp,01,54,,,Japan,Hokkaido,Shimamakishimamaki,島牧郡島牧村,,,,1,
56,jp,01,55,,,Japan,Hokkaido,Suttsusuttsu,寿都郡寿都町,,,,3,
57,jp,01,56,,,Japan,Hokkaido,Suttsukuromatsunai,寿都郡黒松内町,,,,2,
58,jp,01,57,,,Japan,Hokkaido,Isoyarankoshi,磯谷郡蘭越町,,,,5,
59,jp,01,58,,,Japan,Hokkaido,Abutaniseko,虻田郡ニセコ町,,,,6,
60,jp,01,59,,,Japan,Hokkaido,Abutamakkari,虻田郡真狩村,,,,2,
61,jp,01,60,,,Japan,Hokkaido,Abutarusutsu,虻田郡留寿都村,,,,2,
62,jp,01,61,,,Japan,Hokkaido,Abutakimobetsu,虻田郡喜茂別町,,,,2,
63,jp,01,62,,,Japan,Hokkaido,Abutakyougoku,虻田郡京極町,,,,3,
64,jp,01,63,,,Japan,Hokkaido,Abutakutchan,虻田郡倶知安町,,,,17,
65,jp,01,64,,,Japan,Hokkaido,Iwanaikyouwa,岩内郡共和町,,,,5,
66,jp,01,65,,,Japan,Hokkaido,Iwanaiiwanai,岩内郡岩内町,,,,11,
67,jp,01,66,,,Japan,Hokkaido,Furuuhaku,古宇郡泊村,,,,1,
68,jp,01,67,,,Japan,Hokkaido,Furuukamoenai,古宇郡神恵内村,,,,1,
69,jp,01,68,,,Japan,Hokkaido,Shakotanshakotan,積丹郡積丹町,,,,2,
70,jp,01,69,,,Japan,Hokkaido,Furubirafurubira,古平郡古平町,,,,3,
71,jp,01,70,,,Japan,Hokkaido,Yoniki,余市郡仁木町,,,,3,
72,jp,01,71,,,Japan,Hokkaido,Yoyo,余市郡余市町,,,,17,
73,jp,01,72,,,Japan,Hokkaido,Yoakaigawa,余市郡赤井川村,,,,1,
74,jp,01,73,,,Japan,Hokkaido,Sorachinanporo,空知郡南幌町,,,,8,
75,jp,01,74,,,Japan,Hokkaido,Sorachinaie,空知郡奈井江町,,,,5,
76,jp,01,75,,,Japan,Hokkaido,Sorachikamisunagawa,空知郡上砂川町,,,,2,
77,jp,01,76,,,Japan,Hokkaido,Yuubariyuni,夕張郡由仁町,,,,5,
78,jp,01,77,,,Japan,Hokkaido,Yuubarinaganuma,夕張郡長沼町,,,,10,
79,jp,01,78,,,Japan,Hokkaido,Yuubarikuriyama,夕張郡栗山町,,,,11,
80,jp,01,79,,,Japan,Hokkaido,Kabatotsukigata,樺戸郡月形町,,,,3,
81,jp,01,80,,,Japan,Hokkaido,Kabatourausu,樺戸郡浦臼町,,,,2,
82,jp,01,81,,,Japan,Hokkaido,Kabatoshintotsukawa,樺戸郡新十津川町,,,,6,
83,jp,01,82,,,Japan,Hokkaido,Uryuumoseushi,雨竜郡妹背牛町,,,,3,
84,jp,01,83,,,Japan,Hokkaido,Uryuuchippubetsu,雨竜郡秩父別町,,,,2,
85,jp,01,84,,,Japan,Hokkaido,Uryuuuryuu,雨竜郡雨竜町,,,,2,
86,jp,01,85,,,Japan,Hokkaido,Uryuuhokuryuu,雨竜郡北竜町,,,,2,
87,jp,01,86,,,Japan,Hokkaido,Uryuunumata,雨竜郡沼田町,,,,3,
88,jp,01,87,,,Japan,Hokkaido,Kamikawatakasu,上川郡鷹栖町,,,,6,
89,jp,01,88,,,Japan,Hokkaido,Kamikawahigashikagura,上川郡東神楽町,,,,10,
90,jp,01,89,,,Japan,Hokkaido,Kamikawatouma,上川郡当麻町,,,,6,
91,jp,01,90,,,Japan,Hokkaido,Kamikawapippu,上川郡比布町,,,,3,
92,jp,01,91,,,Japan,Hokkaido,Kamikawaaibetsu,上川郡愛別町,,,,2,
93,jp,01,92,,,Japan,Hokkaido,Kamikawakamikawa,上川郡上川町,,,,3,
94,jp,01,93,,,Japan,Hokkaido,Kamikawahigashikawa,上川郡東川町,,,,9,
95,jp,01,94,,,Japan,Hokkaido,Kamikawabiei,上川郡美瑛町,,,,9,
96,jp,01,95,,,Japan,Hokkaido,Sorachikamifurano,空知郡上富良野町,,,,10,
97,jp,01,96,,,Japan,Hokkaido,Sorachinakafurano,空知郡中富良野町,,,,4,
98,jp,01,97,,,Japan,Hokkaido,Sorachiminamifurano,空知郡南富良野町,,,,2,
99,jp,01,98,,,Japan,Hokkaido,Yuufutsushimukappu,勇払郡占冠村,,,,2,
100,jp,01,99,,,Japan,Hokkaido,Kamikawawassamu,上川郡和寒町,,,,3,
101,jp,01,100,,,Japan,Hokkaido,Kamikawakenbuchi,上川郡剣淵町,,,,3,
102,jp,01,101,,,Japan,Hokkaido,Kamikawashimokawa,上川郡下川町,,,,3,
103,jp,01,102,,,Japan,Hokkaido,Nakagawabifuka,中川郡美深町,,,,4,
104,jp,01,103,,,Japan,Hokkaido,Nakagawaotoineppu,中川郡音威子府村,,,,1,
105,jp,01,104,,,Japan,Hokkaido,Nakagawanakagawa,中川郡中川町,,,,1,
106,jp,01,105,,,Japan,Hokkaido,Uryuuhorokanai,雨竜郡幌加内町,,,,1,
107,jp,01,106,,,Japan,Hokkaido,Mashikemashike,増毛郡増毛町,,,,4,
108,jp,01,107,,,Japan,Hokkaido,Rumoikodaira,留萌郡小平町,,,,3,
109,jp,01,108,,,Japan,Hokkaido,Tomamaetomamae,苫前郡苫前町,,,,3,
110,jp,01,109,,,Japan,Hokkaido,Tomamaehahoro,苫前郡羽幌町,,,,6,
111,jp,01,110,,,Japan,Hokkaido,Tomamaeshosanbetsu,苫前郡初山別村,,,,1,
112,jp,01,111,,,Japan,Hokkaido,Teshioenbetsu,天塩郡遠別町,,,,2,
113,jp,01,112,,,Japan,Hokkaido,Teshioteshio,天塩郡天塩町,,,,3,
114,jp,01,113,,,Japan,Hokkaido,Souyasarufutsu,宗谷郡猿払村,,,,3,
115,jp,01,114,,,Japan,Hokkaido,Esashihamatonbetsu,枝幸郡浜頓別町,,,,3,
116,jp,01,115,,,Japan,Hokkaido,Esashinakatonbetsu,枝幸郡中頓別町,,,,1,
117,jp,01,116,,,Japan,Hokkaido,Esashiesashi,枝幸郡枝幸町,,,,7,
118,jp,01,117,,,Japan,Hokkaido,Teshiohoufu,天塩郡豊富町,,,,4,
119,jp,01,118,,,Japan,Hokkaido,Rebunrebun,礼文郡礼文町,,,,2,
120,jp,01,119,,,Japan,Hokkaido,Rishiririshiri,利尻郡利尻町,,,,2,
121,jp,01,120,,,Japan,Hokkaido,Rishiririshirifuji,利尻郡利尻富士町,,,,2,
122,jp,01,121,,,Japan,Hokkaido,Teshiohoronobe,天塩郡幌延町,,,,2,
123,jp,01,122,,,Japan,Hokkaido,Abashiribihoro,網走郡美幌町,,,,17,
124,jp,01,123,,,Japan,Hokkaido,Abashiritsubetsu,網走郡津別町,,,,4,
125,jp,01,124,,,Japan,Hokkaido,Sharishari,斜里郡斜里町,,,,11,
126,jp,01,125,,,Japan,Hokkaido,Sharikiyosato,斜里郡清里町,,,,4,
127,jp,01,126,,,Japan,Hokkaido,Sharikoshimizu,斜里郡小清水町,,,,4,
128,jp,01,127,,,Japan,Hokkaido,Tokorokunneppu,常呂郡訓子府町,,,,4,
129,jp,01,128,,,Japan,Hokkaido,Tokorooketo,常呂郡置戸町,,,,3,
130,jp,01,129,,,Japan,Hokkaido,Tokorosaroma,常呂郡佐呂間町,,,,5,
131,jp,01,130,,,Japan,Hokkaido,Monbetsuenkaru,紋別郡遠軽町,,,,18,
132,jp,01,131,,,Japan,Hokkaido,Monbetsuyuubetsu,紋別郡湧別町,,,,8,
133,jp,01,132,,,Japan,Hokkaido,Monbetsutakigami,紋別郡滝上町,,,,2,
134,jp,01,133,,,Japan,Hokkaido,Monbetsuokoppe,紋別郡興部町,,,,3,
135,jp,01,134,,,Japan,Hokkaido,Monbetsunishiokoppe,紋別郡西興部村,,,,1,
136,jp,01,135,,,Japan,Hokkaido,Monbetsuoumu,紋別郡雄武町,,,,4,
137,jp,01,136,,,Japan,Hokkaido,Abashirioozora,網走郡大空町,,,,6,
138,jp,01,137,,,Japan,Hokkaido,Abutatoyoura,虻田郡豊浦町,,,,3,
139,jp,01,138,,,Japan,Hokkaido,Ususoubetsu,有珠郡壮瞥町,,,,2,
140,jp,01,139,,,Japan,Hokkaido,Shiraoishiraoi,白老郡白老町,,,,15,
141,jp,01,140,,,Japan,Hokkaido,Yuufutsuatsuma,勇払郡厚真町,,,,4,
142,jp,01,141,,,Japan,Hokkaido,Abutatouyako,虻田郡洞爺湖町,,,,8,
143,jp,01,142,,,Japan,Hokkaido,Yuufutsuabira,勇払郡安平町,,,,7,
144,jp,01,143,,,Japan,Hokkaido,Yuufutsumukawa,勇払郡むかわ町,,,,7,
145,jp,01,144,,,Japan,Hokkaido,Saruhidaka,沙流郡日高町,,,,11,
146,jp,01,145,,,Japan,Hokkaido,Saruhiratori,沙流郡平取町,,,,4,
147,jp,01,146,,,Japan,Hokkaido,Niikappuniikappu,新冠郡新冠町,,,,5,
148,jp,01,147,,,Japan,Hokkaido,Urakawaurakawa,浦河郡浦河町,,,,11,
149,jp,01,148,,,Japan,Hokkaido,Samanisamani,様似郡様似町,,,,4,
150,jp,01,149,,,Japan,Hokkaido,Horoizumierimo,幌泉郡えりも町,,,,4,
151,jp,01,150,,,Japan,Hokkaido,Shinhidaka,日高郡新ひだか町,,,,20,
152,jp,01,151,,,Japan,Hokkaido,Kawahigashiotofuke,河東郡音更町,,,,43,
153,jp,01,152,,,Japan,Hokkaido,Kawahigashishihoro,河東郡士幌町,,,,6,
154,jp,01,153,,,Japan,Hokkaido,Kawahigashikamishihoro,河東郡上士幌町,,,,5,
155,jp,01,154,,,Japan,Hokkaido,Kawahigashishikaoi,河東郡鹿追町,,,,5,
156,jp,01,155,,,Japan,Hokkaido,Kamikawashintoku,上川郡新得町,,,,6,
157,jp,01,156,,,Japan,Hokkaido,Kamikawashimizu,上川郡清水町,,,,9,
158,jp,01,157,,,Japan,Hokkaido,Kasaimemuro,河西郡芽室町,,,,18,
159,jp,01,158,,,Japan,Hokkaido,Kasainakasatsunai,河西郡中札内村,,,,4,
160,jp,01,159,,,Japan,Hokkaido,Kasaisarabetsu,河西郡更別村,,,,3,
161,jp,01,160,,,Japan,Hokkaido,Hirootaiju,広尾郡大樹町,,,,5,
162,jp,01,161,,,Japan,Hokkaido,Hiroohiroo,広尾郡広尾町,,,,6,
163,jp,01,162,,,Japan,Hokkaido,Nakagawamakubetsu,中川郡幕別町,,,,25,
164,jp,01,163,,,Japan,Hokkaido,Nakagawaikeda,中川郡池田町,,,,6,
165,jp,01,164,,,Japan,Hokkaido,Nakagawatoyokoro,中川郡豊頃町,,,,3,
166,jp,01,165,,,Japan,Hokkaido,Nakagawahonbetsu,中川郡本別町,,,,6,
167,jp,01,166,,,Japan,Hokkaido,Ashoroashoro,足寄郡足寄町,,,,6,
168,jp,01,167,,,Japan,Hokkaido,Ashororikubetsu,足寄郡陸別町,,,,2,
169,jp,01,168,,,Japan,Hokkaido,Tokachiurahoro,十勝郡浦幌町,,,,4,
170,jp,01,169,,,Japan,Hokkaido,Kushirokushiro,釧路郡釧路町,,,,18,
171,jp,01,170,,,Japan,Hokkaido,Akkeshiakkeshi,厚岸郡厚岸町,,,,8,
172,jp,01,171,,,Japan,Hokkaido,Akkeshihamanaka,厚岸郡浜中町,,,,5,
173,jp,01,172,,,Japan,Hokkaido,Kawakamishibecha,川上郡標茶町,,,,7,
174,jp,01,173,,,Japan,Hokkaido,Kawakamiteshikaga,川上郡弟子屈町,,,,6,
175,jp,01,174,,,Japan,Hokkaido,Akantsurui,阿寒郡鶴居村,,,,2,
176,jp,01,175,,,Japan,Hokkaido,Shiranukashiranuka,白糠郡白糠町,,,,7,
177,jp,01,176,,,Japan,Hokkaido,Notsukebekkai,野付郡別海町,,,,14,
178,jp,01,177,,,Japan,Hokkaido,Shibetsunakashibetsu,標津郡中標津町,,,,22,
179,jp,01,178,,,Japan,Hokkaido,Shibetsushibetsu,標津郡標津町,,,,5,
180,jp,01,179,,,Japan,Hokkaido,Menashirausu,目梨郡羅臼町,,,,4,
181,jp,01,180,,,Japan,Hokkaido,Shikotanshikotan,色丹郡色丹村,,,,0,
182,jp,01,181,,,Japan,Hokkaido,Kunashirihaku,国後郡泊村,,,,0,
183,jp,01,182,,,Japan,Hokkaido,Kunashiriryuuyorubetsu,国後郡留夜別村,,,,0,
184,jp,01,183,,,Japan,Hokkaido,Etorofuryuubetsu,択捉郡留別村,,,,0,
185,jp,01,184,,,Japan,Hokkaido,Shanashana,紗那郡紗那村,,,,0,
186,jp,01,185,,,Japan,Hokkaido,Shibetoroshibetoro,蘂取郡蘂取村,,,,0,
187,jp,02,,,,Japan,Aomori,,青森市,,,,1186,
188,jp,02,01,,,Japan,Aomori,Aomori,弘前市,,,,264,
189,jp,02,02,,,Japan,Aomori,Hirosaki,八戸市,,,,159,
190,jp,02,03,,,Japan,Aomori,Hachinohe,黒石市,,,,215,
191,jp,02,04,,,Japan,Aomori,Kuroishi,五所川原市,,,,30,
192,jp,02,05,,,Japan,Aomori,Goshogawara,十和田市,,,,50,
193,jp,02,06,,,Japan,Aomori,Towada,三沢市,,,,57,
194,jp,02,07,,,Japan,Aomori,Misawa,むつ市,,,,37,
195,jp,02,08,,,Japan,Aomori,Mutsu,つがる市,,,,52,
196,jp,02,09,,,Japan,Aomori,Tsugaru,平川市,,,,29,
197,jp,02,10,,,Japan,Aomori,Hirakawa,東津軽郡平内町,,,,29,
198,jp,02,11,,,Japan,Aomori,Higashitsugaruhiranai,東津軽郡今別町,,,,10,
199,jp,02,12,,,Japan,Aomori,Higashitsugaruimabetsu,東津軽郡蓬田村,,,,2,
200,jp,02,13,,,Japan,Aomori,Higashitsugaruyomogida,東津軽郡外ヶ浜町,,,,2,
201,jp,02,14,,,Japan,Aomori,Higashitsugarusotokehama,西津軽郡鰺ヶ沢町,,,,5,
202,jp,02,15,,,Japan,Aomori,Nishitsugaruajikesawa,西津軽郡深浦町,,,,9,
203,jp,02,16,,,Japan,Aomori,Nishitsugarufukaura,中津軽郡西目屋村,,,,7,
204,jp,02,17,,,Japan,Aomori,Nakatsugarunishimeya,南津軽郡藤崎町,,,,1,
205,jp,02,18,,,Japan,Aomori,Minamitsugarufujisaki,南津軽郡大鰐町,,,,14,
206,jp,02,19,,,Japan,Aomori,Minamitsugaruoowani,南津軽郡田舎館村,,,,8,
207,jp,02,20,,,Japan,Aomori,Minamitsugaruinakadate,北津軽郡板柳町,,,,7,
208,jp,02,21,,,Japan,Aomori,Kitatsugaruitayanagi,北津軽郡鶴田町,,,,12,
209,jp,02,22,,,Japan,Aomori,Kitatsugarutsuruta,北津軽郡中泊町,,,,12,
210,jp,02,23,,,Japan,Aomori,Kitatsugarunakadomari,上北郡野辺地町,,,,9,
211,jp,02,24,,,Japan,Aomori,Kamikitanoheji,上北郡七戸町,,,,12,
212,jp,02,25,,,Japan,Aomori,Kamikitashichinohe,上北郡六戸町,,,,14,
213,jp,02,26,,,Japan,Aomori,Kamikitarokunohe,上北郡横浜町,,,,11,
214,jp,02,27,,,Japan,Aomori,Kamikitayokohama,上北郡東北町,,,,4,
215,jp,02,28,,,Japan,Aomori,Kamikitatouhoku,上北郡六ヶ所村,,,,16,
216,jp,02,29,,,Japan,Aomori,Kamikitarokuketokoro,上北郡おいらせ町,,,,10,
217,jp,02,30,,,Japan,Aomori,Kamikitaoirase,下北郡大間町,,,,25,
218,jp,02,31,,,Japan,Aomori,Shimokitaoohazama,下北郡東通村,,,,5,
219,jp,02,32,,,Japan,Aomori,Shimokitahigashidoori,下北郡風間浦村,,,,6,
220,jp,02,33,,,Japan,Aomori,Shimokitakazamaura,下北郡佐井村,,,,2,
221,jp,02,34,,,Japan,Aomori,Shimokitasai,三戸郡三戸町,,,,2,
222,jp,02,35,,,Japan,Aomori,Sannohesannohe,三戸郡五戸町,,,,9,
223,jp,02,36,,,Japan,Aomori,Sannohegonohe,三戸郡田子町,,,,15,
224,jp,02,37,,,Japan,Aomori,Sannohetago,三戸郡南部町,,,,5,
225,jp,02,38,,,Japan,Aomori,Sannohenanbu,三戸郡階上町,,,,16,
226,jp,02,39,,,Japan,Aomori,Sannohekaijou,三戸郡新郷村,,,,13,
227,jp,02,40,,,Japan,Aomori,Sannoheshingou,盛岡市,,,,2,
228,jp,03,,,,Japan,Iwate,,宮古市,,,,1154,
229,jp,03,01,,,Japan,Iwate,Morioka,大船渡市,,,,277,
230,jp,03,02,,,Japan,Iwate,Miyako,花巻市,,,,46,
231,jp,03,03,,,Japan,Iwate,Oofunato,北上市,,,,32,
232,jp,03,04,,,Japan,Iwate,Hanamaki,久慈市,,,,90,
233,jp,03,05,,,Japan,Iwate,Kitakami,遠野市,,,,91,
234,jp,03,06,,,Japan,Iwate,Kuji,一関市,,,,31,
235,jp,03,07,,,Japan,Iwate,Toono,陸前高田市,,,,24,
236,jp,03,08,,,Japan,Iwate,Ichinoseki,釜石市,,,,106,
237,jp,03,09,,,Japan,Iwate,Rikuzentakata,二戸市,,,,17,
238,jp,03,10,,,Japan,Iwate,Kamaishi,八幡平市,,,,29,
239,jp,03,11,,,Japan,Iwate,Ninohe,奥州市,,,,24,
240,jp,03,12,,,Japan,Iwate,Hachimantai,滝沢市,,,,23,
241,jp,03,13,,,Japan,Iwate,Oushuu,岩手郡雫石町,,,,108,
242,jp,03,14,,,Japan,Iwate,Takizawa,岩手郡葛巻町,,,,54,
243,jp,03,15,,,Japan,Iwate,Iwateshizukuishi,岩手郡岩手町,,,,15,
244,jp,03,16,,,Japan,Iwate,Iwatekuzumaki,紫波郡紫波町,,,,5,
245,jp,03,17,,,Japan,Iwate,Iwateiwate,紫波郡矢巾町,,,,12,
246,jp,03,18,,,Japan,Iwate,Shiwashiwa,和賀郡西和賀町,,,,33,
247,jp,03,19,,,Japan,Iwate,Shiwayahaba,胆沢郡金ケ崎町,,,,26,
248,jp,03,20,,,Japan,Iwate,Waganishiwaga,西磐井郡平泉町,,,,5,
249,jp,03,21,,,Japan,Iwate,Isawakinkesaki,気仙郡住田町,,,,15,
250,jp,03,22,,,Japan,Iwate,Nishiiwaihiraizumi,上閉伊郡大槌町,,,,7,
251,jp,03,23,,,Japan,Iwate,Kesensumita,下閉伊郡山田町,,,,5,
252,jp,03,24,,,Japan,Iwate,Kamiheiootsuchi,下閉伊郡岩泉町,,,,10,
253,jp,03,25,,,Japan,Iwate,Shimoheiyamada,下閉伊郡田野畑村,,,,14,
254,jp,03,26,,,Japan,Iwate,Shimoheiiwaizumi,下閉伊郡普代村,,,,8,
255,jp,03,27,,,Japan,Iwate,Shimoheitanohata,九戸郡軽米町,,,,3,
256,jp,03,28,,,Japan,Iwate,Shimoheifudai,九戸郡野田村,,,,2,
257,jp,03,29,,,Japan,Iwate,Kunohekarumai,九戸郡九戸村,,,,8,
258,jp,03,30,,,Japan,Iwate,Kunohenoda,九戸郡洋野町,,,,4,
259,jp,03,31,,,Japan,Iwate,Kunohekunohe,二戸郡一戸町,,,,5,
260,jp,03,32,,,Japan,Iwate,Kunohehirono,仙台市,,,,15,
261,jp,03,33,,,Japan,Iwate,Shoukaimachi,石巻市,,,,11,
262,jp,04,,,,Japan,Miyagi,,塩竈市,,,,2225,
263,jp,04,01,,,Japan,Miyagi,Sendai,気仙沼市,,,,1064,
264,jp,04,02,,,Japan,Miyagi,Ishinomaki,白石市,,,,132,
265,jp,04,03,,,Japan,Miyagi,Shiogama,名取市,,,,52,
266,jp,04,04,,,Japan,Miyagi,Kesennuma,角田市,,,,56,
267,jp,04,05,,,Japan,Miyagi,Shiroishi,多賀城市,,,,31,
268,jp,04,06,,,Japan,Miyagi,Natori,岩沼市,,,,80,
269,jp,04,07,,,Japan,Miyagi,Kakuda,登米市,,,,26,
270,jp,04,08,,,Japan,Miyagi,Tagajou,栗原市,,,,62,
271,jp,04,09,,,Japan,Miyagi,Iwanuma,東松島市,,,,43,
272,jp,04,10,,,Japan,Miyagi,Tome,大崎市,,,,72,
273,jp,04,11,,,Japan,Miyagi,Kurihara,富谷市,,,,61,
274,jp,04,12,,,Japan,Miyagi,Kotakechou,刈田郡蔵王町,,,,38,
275,jp,04,13,,,Japan,Miyagi,Oosaki,刈田郡七ヶ宿町,,,,122,
276,jp,04,14,,,Japan,Miyagi,Tomiya,柴田郡大河原町,,,,52,
277,jp,04,15,,,Japan,Miyagi,Karidazaou,柴田郡村田町,,,,11,
278,jp,04,16,,,Japan,Miyagi,Karidashichigashuku,柴田郡柴田町,,,,1,
279,jp,04,17,,,Japan,Miyagi,Shibataoogawara,柴田郡川崎町,,,,23,
280,jp,04,18,,,Japan,Miyagi,Shirahamachou,伊具郡丸森町,,,,10,
281,jp,04,19,,,Japan,Miyagi,Shibatashibata,亘理郡亘理町,,,,36,
282,jp,04,20,,,Japan,Miyagi,Shibatakawasaki,亘理郡山元町,,,,8,
283,jp,04,21,,,Japan,Miyagi,Kuratemachi,宮城郡松島町,,,,12,
284,jp,04,22,,,Japan,Miyagi,Kourikouri,宮城郡七ヶ浜町,,,,33,
285,jp,04,23,,,Japan,Miyagi,Kouriyamamoto,宮城郡利府町,,,,11,
286,jp,04,24,,,Japan,Miyagi,Miyagimatsushima,黒川郡大和町,,,,13,
287,jp,04,25,,,Japan,Miyagi,Miyagishichigahama,黒川郡大郷町,,,,18,
288,jp,04,26,,,Japan,Miyagi,Miyagirifu,黒川郡大衡村,,,,36,
289,jp,04,27,,,Japan,Miyagi,Kurokawayamato,加美郡色麻町,,,,28,
290,jp,04,28,,,Japan,Miyagi,Kurokawaoosato,加美郡加美町,,,,7,
291,jp,04,29,,,Japan,Miyagi,Kurokawaoohira,遠田郡涌谷町,,,,6,
292,jp,04,30,,,Japan,Miyagi,Takamorichou,遠田郡美里町,,,,6,
293,jp,04,31,,,Japan,Miyagi,Kamikami,牡鹿郡女川町,,,,21,
294,jp,04,32,,,Japan,Miyagi,Toodawakuya,本吉郡南三陸町,,,,14,
295,jp,04,33,,,Japan,Miyagi,Toodamisato,秋田市,,,,23,
296,jp,04,34,,,Japan,Miyagi,Oshikamegawa,能代市,,,,6,
297,jp,04,35,,,Japan,Miyagi,Motoyoshiminamisanriku,横手市,,,,11,
298,jp,05,,,,Japan,Akita,,大館市,,,,908,
299,jp,05,01,,,Japan,Akita,Akita,男鹿市,,,,294,
300,jp,05,02,,,Japan,Akita,Noshiro,湯沢市,,,,47,
301,jp,05,03,,,Japan,Akita,Yokote,鹿角市,,,,81,
302,jp,05,04,,,Japan,Akita,Oodate,由利本荘市,,,,65,
303,jp,05,05,,,Japan,Akita,Oga,潟上市,,,,23,
304,jp,05,06,,,Japan,Akita,Yuzawa,大仙市,,,,39,
305,jp,05,07,,,Japan,Akita,Kazuno,北秋田市,,,,27,
306,jp,05,08,,,Japan,Akita,Yurihonjou,にかほ市,,,,70,
307,jp,05,09,,,Japan,Akita,Katagami,仙北市,,,,31,
308,jp,05,10,,,Japan,Akita,Daisen,鹿角郡小坂町,,,,74,
309,jp,05,11,,,Japan,Akita,Kitaakita,北秋田郡上小阿仁村,,,,28,
310,jp,05,12,,,Japan,Akita,Nikaho,山本郡藤里町,,,,22,
311,jp,05,13,,,Japan,Akita,Senboku,山本郡三種町,,,,23,
312,jp,05,14,,,Japan,Akita,Kazunokosaka,山本郡八峰町,,,,4,
313,jp,05,15,,,Japan,Akita,Kitaakitakamikoani,南秋田郡五城目町,,,,2,
314,jp,05,16,,,Japan,Akita,Yamamotofujisato,南秋田郡八郎潟町,,,,3,
315,jp,05,17,,,Japan,Akita,Yamamotosanshu,南秋田郡井川町,,,,14,
316,jp,05,18,,,Japan,Akita,Yamamotohappou,南秋田郡大潟村,,,,6,
317,jp,05,19,,,Japan,Akita,Minamiakitagojoume,仙北郡美郷町,,,,8,
318,jp,05,20,,,Japan,Akita,Minamiakitahachirougata,雄勝郡羽後町,,,,5,
319,jp,05,21,,,Japan,Akita,Minamiakitaikawa,雄勝郡東成瀬村,,,,4,
320,jp,05,22,,,Japan,Akita,Minamiakitaoogata,山形市,,,,3,
321,jp,05,23,,,Japan,Akita,Senbokumisato,米沢市,,,,17,
322,jp,05,24,,,Japan,Akita,Okatsuugo,鶴岡市,,,,13,
323,jp,05,25,,,Japan,Akita,Okatsuhigashinaruse,酒田市,,,,2,
324,jp,06,,,,Japan,Yamagata,,新庄市,,,,1012,
325,jp,06,01,,,Japan,Yamagata,Yamagata,寒河江市,,,,236,
326,jp,06,02,,,Japan,Yamagata,Yonezawa,上山市,,,,75,
327,jp,06,03,,,Japan,Yamagata,Tsuruoka,村山市,,,,117,
328,jp,06,04,,,Japan,Yamagata,Sakata,長井市,,,,94,
329,jp,06,05,,,Japan,Yamagata,Shinjou,天童市,,,,32,
330,jp,06,06,,,Japan,Yamagata,Sagae,東根市,,,,39,
331,jp,06,07,,,Japan,Yamagata,Ueyama,尾花沢市,,,,28,
332,jp,06,08,,,Japan,Yamagata,Yama,南陽市,,,,21,
333,jp,06,09,,,Japan,Yamagata,Nagai,東村山郡山辺町,,,,24,
334,jp,06,10,,,Japan,Yamagata,Tendou,東村山郡中山町,,,,60,
335,jp,06,11,,,Japan,Yamagata,Higashine,西村山郡河北町,,,,48,
336,jp,06,12,,,Japan,Yamagata,Obanazawa,西村山郡西川町,,,,14,
337,jp,06,13,,,Japan,Yamagata,Nanyou,西村山郡朝日町,,,,29,
338,jp,06,14,,,Japan,Yamagata,Higashiyama,西村山郡大江町,,,,24,
339,jp,06,15,,,Japan,Yamagata,Koushunmachi,北村山郡大石田町,,,,13,
340,jp,06,16,,,Japan,Yamagata,Higashiyamanakayama,最上郡金山町,,,,10,
341,jp,06,17,,,Japan,Yamagata,Nishiyama,最上郡最上町,,,,34,
342,jp,06,18,,,Japan,Yamagata,Nishiyamakahoku,最上郡舟形町,,,,17,
343,jp,06,19,,,Japan,Yamagata,Nishiyamanishikawa,最上郡真室川町,,,,5,
344,jp,06,20,,,Japan,Yamagata,Nishiyamaasahi,最上郡大蔵村,,,,6,
345,jp,06,21,,,Japan,Yamagata,Nishiyamaooe,最上郡鮭川村,,,,7,
346,jp,06,22,,,Japan,Yamagata,Kitayama,最上郡戸沢村,,,,6,
347,jp,06,23,,,Japan,Yamagata,Soedamachi,東置賜郡高畠町,,,,6,
348,jp,06,24,,,Japan,Yamagata,Sakaemura,東置賜郡川西町,,,,5,
349,jp,06,25,,,Japan,Yamagata,Saijousaijou,西置賜郡小国町,,,,7,
350,jp,06,26,,,Japan,Yamagata,Saijoufunagata,西置賜郡白鷹町,,,,5,
351,jp,06,27,,,Japan,Yamagata,Saijoumamurogawa,西置賜郡飯豊町,,,,6,
352,jp,06,28,,,Japan,Yamagata,Saijouookura,東田川郡三川町,,,,3,
353,jp,06,29,,,Japan,Yamagata,Saijousakekawa,東田川郡庄内町,,,,4,
354,jp,06,30,,,Japan,Yamagata,Saijoutozawa,飽海郡遊佐町,,,,4,
355,jp,06,31,,,Japan,Yamagata,Higashiokitamatakahata,福島市,,,,21,
356,jp,06,32,,,Japan,Yamagata,Higashiokitamakawanishi,会津若松市,,,,13,
357,jp,06,33,,,Japan,Yamagata,Nishiokitamashoukoku,郡山市,,,,7,
358,jp,06,34,,,Japan,Yamagata,Nishiokitamashirataka,いわき市,,,,12,
359,jp,06,35,,,Japan,Yamagata,Nishiokitamaiide,白河市,,,,6,
360,jp,06,36,,,Japan,Yamagata,Higashitagawamikawa,須賀川市,,,,7,
361,jp,06,37,,,Japan,Yamagata,Higashitagawashounai,喜多方市,,,,19,
362,jp,06,38,,,Japan,Yamagata,Akumiyusa,相馬市,,,,12,
363,jp,07,,,,Japan,Fukushima,,二本松市,,,,1771,
364,jp,07,01,,,Japan,Fukushima,Fukushima,田村市,,,,265,
365,jp,07,02,,,Japan,Fukushima,Aizuwakamatsu,南相馬市,,,,111,
366,jp,07,03,,,Japan,Fukushima,Yama,伊達市,,,,312,
367,jp,07,04,,,Japan,Fukushima,Iwaki,本宮市,,,,303,
368,jp,07,05,,,Japan,Fukushima,Shirakawa,伊達郡桑折町,,,,57,
369,jp,07,06,,,Japan,Fukushima,Sukagawa,伊達郡国見町,,,,73,
370,jp,07,07,,,Japan,Fukushima,Kitakata,伊達郡川俣町,,,,44,
371,jp,07,08,,,Japan,Fukushima,Souma,安達郡大玉村,,,,32,
372,jp,07,09,,,Japan,Fukushima,Nihonmatsu,岩瀬郡鏡石町,,,,50,
373,jp,07,10,,,Japan,Fukushima,Ta,岩瀬郡天栄村,,,,33,
374,jp,07,11,,,Japan,Fukushima,Minamisouma,南会津郡下郷町,,,,56,
375,jp,07,12,,,Japan,Fukushima,Date,南会津郡檜枝岐村,,,,56,
376,jp,07,13,,,Japan,Fukushima,Motomiya,南会津郡只見町,,,,30,
377,jp,07,14,,,Japan,Fukushima,Datekuwaori,南会津郡南会津町,,,,11,
378,jp,07,15,,,Japan,Fukushima,Datekunimi,耶麻郡北塩原村,,,,8,
379,jp,07,16,,,Japan,Fukushima,Dategawamata,耶麻郡西会津町,,,,11,
380,jp,07,17,,,Japan,Fukushima,Adachiootama,耶麻郡磐梯町,,,,9,
381,jp,07,18,,,Japan,Fukushima,Iwasekagamiishi,耶麻郡猪苗代町,,,,12,
382,jp,07,19,,,Japan,Fukushima,Iwaseten'Ei,河沼郡会津坂下町,,,,5,
383,jp,07,20,,,Japan,Fukushima,Minamiaizushimogou,河沼郡湯川村,,,,5,
384,jp,07,21,,,Japan,Fukushima,Minamiaizuhieki,河沼郡柳津町,,,,0,
385,jp,07,22,,,Japan,Fukushima,Minamiaizutadami,大沼郡三島町,,,,4,
386,jp,07,23,,,Japan,Fukushima,Minamiaizuminamiaizu,大沼郡金山町,,,,13,
387,jp,07,24,,,Japan,Fukushima,Yamakitashiobara,大沼郡昭和村,,,,2,
388,jp,07,25,,,Japan,Fukushima,Yamanishiaizu,大沼郡会津美里町,,,,5,
389,jp,07,26,,,Japan,Fukushima,Yamabandai,西白河郡西郷村,,,,3,
390,jp,07,27,,,Japan,Fukushima,Yamainawashiro,西白河郡泉崎村,,,,13,
391,jp,07,28,,,Japan,Fukushima,Kawanumaaizubange,西白河郡中島村,,,,14,
392,jp,07,29,,,Japan,Fukushima,Kawanumayukawa,西白河郡矢吹町,,,,3,
393,jp,07,30,,,Japan,Fukushima,Kawanumayanatsu,東白川郡棚倉町,,,,3,
394,jp,07,31,,,Japan,Fukushima,Oonumamishima,東白川郡矢祭町,,,,1,
395,jp,07,32,,,Japan,Fukushima,Oonumakanayama,東白川郡塙町,,,,2,
396,jp,07,33,,,Japan,Fukushima,Oonumashouwa,東白川郡鮫川村,,,,1,
397,jp,07,34,,,Japan,Fukushima,Oonumaaizumisato,石川郡石川町,,,,18,
398,jp,07,35,,,Japan,Fukushima,Nishishirakawasaigou,石川郡玉川村,,,,21,
399,jp,07,36,,,Japan,Fukushima,Nishishirakawaizumisaki,石川郡平田村,,,,6,
400,jp,07,37,,,Japan,Fukushima,Nishishirakawanakajima,石川郡浅川町,,,,5,
401,jp,07,38,,,Japan,Fukushima,Nishishirakawayabuki,石川郡古殿町,,,,17,
402,jp,07,39,,,Japan,Fukushima,Higashishirakawatanakura,田村郡三春町,,,,13,
403,jp,07,40,,,Japan,Fukushima,Higashishirakawayamatsuri,田村郡小野町,,,,5,
404,jp,07,41,,,Japan,Fukushima,Higashishirakawahanawa,双葉郡広野町,,,,8,
405,jp,07,42,,,Japan,Fukushima,Higashishirakawasamekawa,双葉郡楢葉町,,,,3,
406,jp,07,43,,,Japan,Fukushima,Ishikawaishikawa,双葉郡富岡町,,,,14,
407,jp,07,44,,,Japan,Fukushima,Ishikawatamagawa,双葉郡川内村,,,,6,
408,jp,07,45,,,Japan,Fukushima,Ishikawahirata,双葉郡大熊町,,,,5,
409,jp,07,46,,,Japan,Fukushima,Ishikawaasakawa,双葉郡双葉町,,,,6,
410,jp,07,47,,,Japan,Fukushima,Ishikawafurudono,双葉郡浪江町,,,,5,
411,jp,07,48,,,Japan,Fukushima,Ta,双葉郡葛尾村,,,,25,
412,jp,07,49,,,Japan,Fukushima,Tamiharu,相馬郡新地町,,,,16,
413,jp,07,50,,,Japan,Fukushima,Taono,相馬郡飯舘村,,,,9,
414,jp,07,51,,,Japan,Fukushima,Futabakouya,水戸市,,,,5,
415,jp,07,52,,,Japan,Fukushima,Futabanaraha,日立市,,,,6,
416,jp,07,53,,,Japan,Fukushima,Futabatomioka,土浦市,,,,11,
417,jp,07,54,,,Japan,Fukushima,Futabakawauchi,古河市,,,,2,
418,jp,07,55,,,Japan,Fukushima,Futabaookuma,石岡市,,,,10,
419,jp,07,56,,,Japan,Fukushima,Futabafutaba,結城市,,,,5,
420,jp,07,57,,,Japan,Fukushima,Futabanamie,龍ケ崎市,,,,15,
421,jp,07,58,,,Japan,Fukushima,Futabakatsurao,下妻市,,,,1,
422,jp,07,59,,,Japan,Fukushima,Soumashinchi,常総市,,,,7,
423,jp,07,60,,,Japan,Fukushima,Soumaiitate,常陸太田市,,,,5,
424,jp,08,,,,Japan,Ibaraki,,高萩市,,,,2849,
425,jp,08,01,,,Japan,Ibaraki,Mito,北茨城市,,,,267,
426,jp,08,02,,,Japan,Ibaraki,Hitachi,笠間市,,,,164,
427,jp,08,03,,,Japan,Ibaraki,Tsuchiura,取手市,,,,142,
428,jp,08,04,,,Japan,Ibaraki,Koga,牛久市,,,,140,
429,jp,08,05,,,Japan,Ibaraki,Ishioka,つくば市,,,,70,
430,jp,08,06,,,Japan,Ibaraki,Yuuki,ひたちなか市,,,,50,
431,jp,08,07,,,Japan,Ibaraki,Ryuukesaki,鹿嶋市,,,,75,
432,jp,08,08,,,Japan,Ibaraki,Shimozuma,潮来市,,,,42,
433,jp,08,09,,,Japan,Ibaraki,Jousou,守谷市,,,,61,
434,jp,08,10,,,Japan,Ibaraki,Hitachioota,常陸大宮市,,,,46,
435,jp,08,11,,,Japan,Ibaraki,Takahagi,那珂市,,,,26,
436,jp,08,12,,,Japan,Ibaraki,Kitaibaraki,筑西市,,,,40,
437,jp,08,13,,,Japan,Ibaraki,Kasama,坂東市,,,,73,
438,jp,08,14,,,Japan,Ibaraki,Toride,稲敷市,,,,106,
439,jp,08,15,,,Japan,Ibaraki,Ushiku,かすみがうら市,,,,84,
440,jp,08,16,,,Japan,Ibaraki,Tsukuba,桜川市,,,,259,
441,jp,08,17,,,Japan,Ibaraki,Hitachinaka,神栖市,,,,155,
442,jp,08,18,,,Japan,Ibaraki,Kashima,行方市,,,,65,
443,jp,08,19,,,Japan,Ibaraki,Itako,鉾田市,,,,26,
444,jp,08,20,,,Japan,Ibaraki,Moriya,つくばみらい市,,,,71,
445,jp,08,21,,,Japan,Ibaraki,Hitachioomiya,小美玉市,,,,38,
446,jp,08,22,,,Japan,Ibaraki,Naka,東茨城郡茨城町,,,,53,
447,jp,08,23,,,Japan,Ibaraki,Chikusei,東茨城郡大洗町,,,,100,
448,jp,08,24,,,Japan,Ibaraki,Bandou,東茨城郡城里町,,,,52,
449,jp,08,25,,,Japan,Ibaraki,Inashiki,那珂郡東海村,,,,37,
450,jp,08,26,,,Japan,Ibaraki,Kasumigaura,久慈郡大子町,,,,40,
451,jp,08,27,,,Japan,Ibaraki,Sakuragawa,稲敷郡美浦村,,,,38,
452,jp,08,28,,,Japan,Ibaraki,Kamisu,稲敷郡阿見町,,,,94,
453,jp,08,29,,,Japan,Ibaraki,Namegata,稲敷郡河内町,,,,32,
454,jp,08,30,,,Japan,Ibaraki,Hokota,結城郡八千代町,,,,47,
455,jp,08,31,,,Japan,Ibaraki,Tsukubamirai,猿島郡五霞町,,,,54,
456,jp,08,32,,,Japan,Ibaraki,Omitama,猿島郡境町,,,,48,
457,jp,08,33,,,Japan,Ibaraki,Higashiibarakiibaraki,北相馬郡利根町,,,,31,
458,jp,08,34,,,Japan,Ibaraki,Higashiibarakiooarai,宇都宮市,,,,15,
459,jp,08,35,,,Japan,Ibaraki,Higashiibarakishirosato,足利市,,,,18,
460,jp,08,36,,,Japan,Ibaraki,Nakatoukai,栃木市,,,,38,
461,jp,08,37,,,Japan,Ibaraki,Kujioogo,佐野市,,,,15,
462,jp,08,38,,,Japan,Ibaraki,Inashikimihoro,鹿沼市,,,,14,
463,jp,08,39,,,Japan,Ibaraki,Inashikiami,日光市,,,,50,
464,jp,08,40,,,Japan,Ibaraki,Inashikikawauchi,小山市,,,,8,
465,jp,08,41,,,Japan,Ibaraki,Yuukiyachiyo,真岡市,,,,21,
466,jp,08,42,,,Japan,Ibaraki,Sarushimagoka,大田原市,,,,8,
467,jp,08,43,,,Japan,Ibaraki,Sarushimasakai,矢板市,,,,25,
468,jp,08,44,,,Japan,Ibaraki,Kitasoumatone,那須塩原市,,,,15,
469,jp,09,,,,Japan,Tochigi,,さくら市,,,,1904,
470,jp,09,01,,,Japan,Tochigi,Utsunomiya,那須烏山市,,,,515,
471,jp,09,02,,,Japan,Tochigi,Ashikaga,下野市,,,,140,
472,jp,09,03,,,Japan,Tochigi,Tochigi,河内郡上三川町,,,,153,
473,jp,09,04,,,Japan,Tochigi,Sano,芳賀郡益子町,,,,113,
474,jp,09,05,,,Japan,Tochigi,Kanuma,芳賀郡茂木町,,,,93,
475,jp,09,06,,,Japan,Tochigi,Nikkou,芳賀郡市貝町,,,,75,
476,jp,09,07,,,Japan,Tochigi,Oyama,芳賀郡芳賀町,,,,167,
477,jp,09,08,,,Japan,Tochigi,Mooka,下都賀郡壬生町,,,,78,
478,jp,09,09,,,Japan,Tochigi,Ootawara,下都賀郡野木町,,,,68,
479,jp,09,10,,,Japan,Tochigi,Yaita,塩谷郡塩谷町,,,,30,
480,jp,09,11,,,Japan,Tochigi,Nasushiobara,塩谷郡高根沢町,,,,116,
481,jp,09,12,,,Japan,Tochigi,Sakura,那須郡那須町,,,,44,
482,jp,09,13,,,Japan,Tochigi,Nasukarasuyama,那須郡那珂川町,,,,23,
483,jp,09,14,,,Japan,Tochigi,Shimotsuke,前橋市,,,,60,
484,jp,09,15,,,Japan,Tochigi,Kawauchikaminokawa,高崎市,,,,31,
485,jp,09,16,,,Japan,Tochigi,Hagamashiko,桐生市,,,,21,
486,jp,09,17,,,Japan,Tochigi,Hagamotegi,伊勢崎市,,,,11,
487,jp,09,18,,,Japan,Tochigi,Hagakai,太田市,,,,11,
488,jp,09,19,,,Japan,Tochigi,Hagahaga,沼田市,,,,15,
489,jp,09,20,,,Japan,Tochigi,Shimotsugamibu,館林市,,,,38,
490,jp,09,21,,,Japan,Tochigi,Shimotsuganogi,渋川市,,,,25,
491,jp,09,22,,,Japan,Tochigi,Shioyashioya,藤岡市,,,,10,
492,jp,09,23,,,Japan,Tochigi,Shioyatakanezawa,富岡市,,,,29,
493,jp,09,24,,,Japan,Tochigi,Nasunasu,安中市,,,,24,
494,jp,09,25,,,Japan,Tochigi,Nasunakagawa,みどり市,,,,14,
495,jp,10,,,,Japan,Gunma,,北群馬郡榛東村,,,,1908,
496,jp,10,01,,,Japan,Gunma,Maebashi,北群馬郡吉岡町,,,,329,
497,jp,10,02,,,Japan,Gunma,Takasaki,多野郡上野村,,,,366,
498,jp,10,03,,,Japan,Gunma,Kiryuu,多野郡神流町,,,,101,
499,jp,10,04,,,Japan,Gunma,Isesaki,甘楽郡下仁田町,,,,212,
500,jp,10,05,,,Japan,Gunma,Oota,甘楽郡南牧村,,,,223,
501,jp,10,06,,,Japan,Gunma,Numata,甘楽郡甘楽町,,,,44,
502,jp,10,07,,,Japan,Gunma,Tatebayashi,吾妻郡中之条町,,,,74,
503,jp,10,08,,,Japan,Gunma,Shibukawa,吾妻郡長野原町,,,,72,
504,jp,10,09,,,Japan,Gunma,Fujioka,吾妻郡嬬恋村,,,,62,
505,jp,10,10,,,Japan,Gunma,Tomioka,吾妻郡草津町,,,,45,
506,jp,10,11,,,Japan,Gunma,Annaka,吾妻郡高山村,,,,54,
507,jp,10,12,,,Japan,Gunma,Midori,吾妻郡東吾妻町,,,,48,
508,jp,10,13,,,Japan,Gunma,Shintou,利根郡片品村,,,,15,
509,jp,10,14,,,Japan,Gunma,Yoshioka,利根郡川場村,,,,23,
510,jp,10,15,,,Japan,Gunma,Ueno,利根郡昭和村,,,,1,
511,jp,10,16,,,Japan,Gunma,Kanna,利根郡みなかみ町,,,,2,
512,jp,10,17,,,Japan,Gunma,Shimonita,佐波郡玉村町,,,,6,
513,jp,10,18,,,Japan,Gunma,Nanmoku,邑楽郡板倉町,,,,1,
514,jp,10,19,,,Japan,Gunma,Kanra,邑楽郡明和町,,,,12,
515,jp,10,20,,,Japan,Gunma,Nakanojou,邑楽郡千代田町,,,,14,
516,jp,10,21,,,Japan,Gunma,Naganohara,邑楽郡大泉町,,,,5,
517,jp,10,22,,,Japan,Gunma,Tsumagoi,邑楽郡邑楽町,,,,9,
518,jp,10,23,,,Japan,Gunma,Kusatsu,さいたま市,,,,6,
519,jp,10,24,,,Japan,Gunma,Kouzan,川越市,,,,3,
520,jp,10,25,,,Japan,Gunma,Higashiagatsuma,熊谷市,,,,12,
521,jp,10,26,,,Japan,Gunma,Katashina,川口市,,,,4,
522,jp,10,27,,,Japan,Gunma,Gawaba,行田市,,,,3,
523,jp,10,28,,,Japan,Gunma,Shouwa,秩父市,,,,7,
524,jp,10,29,,,Japan,Gunma,Minakami,所沢市,,,,17,
525,jp,10,30,,,Japan,Gunma,Sawatama,飯能市,,,,36,
526,jp,10,31,,,Japan,Gunma,Itakura,加須市,,,,13,
527,jp,10,32,,,Japan,Gunma,Meiwa,本庄市,,,,11,
528,jp,10,33,,,Japan,Gunma,Chiyoda,東松山市,,,,11,
529,jp,10,34,,,Japan,Gunma,Ooizumi,春日部市,,,,42,
530,jp,10,35,,,Japan,Gunma,Oura,狭山市,,,,26,
531,jp,11,,,,Japan,Saitama,,羽生市,,,,7374,
532,jp,11,01,,,Japan,Saitama,Saitama,鴻巣市,,,,1350,
533,jp,11,02,,,Japan,Saitama,Kawagoe,深谷市,,,,353,
534,jp,11,03,,,Japan,Saitama,Kumagaya,上尾市,,,,191,
535,jp,11,04,,,Japan,Saitama,Kawaguchi,草加市,,,,607,
536,jp,11,05,,,Japan,Saitama,Gyouda,越谷市,,,,78,
537,jp,11,06,,,Japan,Saitama,Chichibu,蕨市,,,,57,
538,jp,11,07,,,Japan,Saitama,Tokorozawa,戸田市,,,,343,
539,jp,11,08,,,Japan,Saitama,Hannou,入間市,,,,78,
540,jp,11,09,,,Japan,Saitama,Kazo,朝霞市,,,,112,
541,jp,11,10,,,Japan,Saitama,Honjou,志木市,,,,77,
542,jp,11,11,,,Japan,Saitama,Higashimatsuyama,和光市,,,,91,
543,jp,11,12,,,Japan,Saitama,Kasukabe,新座市,,,,230,
544,jp,11,13,,,Japan,Saitama,Sayama,桶川市,,,,148,
545,jp,11,14,,,Japan,Saitama,Hanyuu,久喜市,,,,54,
546,jp,11,15,,,Japan,Saitama,Kounosu,北本市,,,,118,
547,jp,11,16,,,Japan,Saitama,Fukaya,八潮市,,,,141,
548,jp,11,17,,,Japan,Saitama,Ageo,富士見市,,,,230,
549,jp,11,18,,,Japan,Saitama,Souka,三郷市,,,,252,
550,jp,11,19,,,Japan,Saitama,Koshigaya,蓮田市,,,,342,
551,jp,11,20,,,Japan,Saitama,Warabi,坂戸市,,,,76,
552,jp,11,21,,,Japan,Saitama,Toda,幸手市,,,,142,
553,jp,11,22,,,Japan,Saitama,Iruma,鶴ヶ島市,,,,143,
554,jp,11,23,,,Japan,Saitama,Asaka,日高市,,,,146,
555,jp,11,24,,,Japan,Saitama,Shiki,吉川市,,,,76,
556,jp,11,25,,,Japan,Saitama,Wakou,ふじみ野市,,,,85,
557,jp,11,26,,,Japan,Saitama,Niiza,白岡市,,,,166,
558,jp,11,27,,,Japan,Saitama,Okegawa,北足立郡伊奈町,,,,74,
559,jp,11,28,,,Japan,Saitama,Kuki,入間郡三芳町,,,,151,
560,jp,11,29,,,Japan,Saitama,Kitamoto,入間郡毛呂山町,,,,65,
561,jp,11,30,,,Japan,Saitama,Yashio,入間郡越生町,,,,94,
562,jp,11,31,,,Japan,Saitama,Fujimi,比企郡滑川町,,,,113,
563,jp,11,32,,,Japan,Saitama,Misato,比企郡嵐山町,,,,142,
564,jp,11,33,,,Japan,Saitama,Hasuda,比企郡小川町,,,,61,
565,jp,11,34,,,Japan,Saitama,Sakato,比企郡川島町,,,,100,
566,jp,11,35,,,Japan,Saitama,Satte,比企郡吉見町,,,,49,
567,jp,11,36,,,Japan,Saitama,Tsurukeshima,比企郡鳩山町,,,,70,
568,jp,11,37,,,Japan,Saitama,Hidaka,比企郡ときがわ町,,,,54,
569,jp,11,38,,,Japan,Saitama,Yoshikawa,秩父郡横瀬町,,,,72,
570,jp,11,39,,,Japan,Saitama,Fujimino,秩父郡皆野町,,,,115,
571,jp,11,40,,,Japan,Saitama,Shiraoka,秩父郡長瀞町,,,,52,
572,jp,11,41,,,Japan,Saitama,Ina,秩父郡小鹿野町,,,,45,
573,jp,11,42,,,Japan,Saitama,Miyoshi,秩父郡東秩父村,,,,37,
574,jp,11,43,,,Japan,Saitama,Moroyama,児玉郡美里町,,,,32,
575,jp,11,44,,,Japan,Saitama,Ogose,児玉郡神川町,,,,11,
576,jp,11,45,,,Japan,Saitama,Namerikawa,児玉郡上里町,,,,20,
577,jp,11,46,,,Japan,Saitama,Arashiyama,大里郡寄居町,,,,17,
578,jp,11,47,,,Japan,Saitama,Ogawa,南埼玉郡宮代町,,,,27,
579,jp,11,48,,,Japan,Saitama,Kawashima,北葛飾郡杉戸町,,,,19,
580,jp,11,49,,,Japan,Saitama,Yoshimi,北葛飾郡松伏町,,,,18,
581,jp,11,50,,,Japan,Saitama,Hatoyama,千葉市,,,,13,
582,jp,11,51,,,Japan,Saitama,Tokigawa,銚子市,,,,10,
583,jp,11,52,,,Japan,Saitama,Yokose,市川市,,,,8,
584,jp,11,53,,,Japan,Saitama,Minano,船橋市,,,,9,
585,jp,11,54,,,Japan,Saitama,Nagatoro,館山市,,,,6,
586,jp,11,55,,,Japan,Saitama,Ogano,木更津市,,,,10,
587,jp,11,56,,,Japan,Saitama,Higashichichibu,松戸市,,,,2,
588,jp,11,57,,,Japan,Saitama,Misato,野田市,,,,11,
589,jp,11,58,,,Japan,Saitama,Kamikawa,茂原市,,,,13,
590,jp,11,59,,,Japan,Saitama,Uesato,成田市,,,,31,
591,jp,11,60,,,Japan,Saitama,Yorii,佐倉市,,,,32,
592,jp,11,61,,,Japan,Saitama,Miyashiro,東金市,,,,33,
593,jp,11,62,,,Japan,Saitama,Sugito,旭市,,,,44,
594,jp,11,63,,,Japan,Saitama,Matsubushi,習志野市,,,,28,
595,jp,12,,,,Japan,Chiba,,柏市,,,,6312,
596,jp,12,01,,,Japan,Chiba,Chiba,勝浦市,,,,984,
597,jp,12,02,,,Japan,Chiba,Choushi,市原市,,,,54,
598,jp,12,03,,,Japan,Chiba,Kawa,流山市,,,,495,
599,jp,12,04,,,Japan,Chiba,Funabashi,八千代市,,,,649,
600,jp,12,05,,,Japan,Chiba,Tateyama,我孫子市,,,,44,
601,jp,12,06,,,Japan,Chiba,Kisarazu,鴨川市,,,,137,
602,jp,12,07,,,Japan,Chiba,Matsudo,鎌ケ谷市,,,,500,
603,jp,12,08,,,Japan,Chiba,Noda,君津市,,,,154,
604,jp,12,09,,,Japan,Chiba,Mobara,富津市,,,,86,
605,jp,12,10,,,Japan,Chiba,Narita,浦安市,,,,133,
606,jp,12,11,,,Japan,Chiba,Sakura,四街道市,,,,170,
607,jp,12,12,,,Japan,Chiba,Tougane,袖ケ浦市,,,,57,
608,jp,12,13,,,Japan,Chiba,Asahi,八街市,,,,62,
609,jp,12,14,,,Japan,Chiba,Narashino,印西市,,,,175,
610,jp,12,15,,,Japan,Chiba,Kashiwa,白井市,,,,438,
611,jp,12,16,,,Japan,Chiba,Katsuura,富里市,,,,15,
612,jp,12,17,,,Japan,Chiba,Hara,南房総市,,,,267,
613,jp,12,18,,,Japan,Chiba,Nagareyama,匝瑳市,,,,213,
614,jp,12,19,,,Japan,Chiba,Yachiyo,香取市,,,,207,
615,jp,12,20,,,Japan,Chiba,Abiko,山武市,,,,131,
616,jp,12,21,,,Japan,Chiba,Kamogawa,いすみ市,,,,30,
617,jp,12,22,,,Japan,Chiba,Kamaketani,大網白里市,,,,110,
618,jp,12,23,,,Japan,Chiba,Kimitsu,印旛郡酒々井町,,,,80,
619,jp,12,24,,,Japan,Chiba,Futtsu,印旛郡栄町,,,,40,
620,jp,12,25,,,Japan,Chiba,Urayasu,香取郡神崎町,,,,171,
621,jp,12,26,,,Japan,Chiba,Yotsukaidou,香取郡多古町,,,,96,
622,jp,12,27,,,Japan,Chiba,Sodekeura,香取郡東庄町,,,,66,
623,jp,12,28,,,Japan,Chiba,Yachimata,山武郡九十九里町,,,,67,
624,jp,12,29,,,Japan,Chiba,Inzai,山武郡芝山町,,,,112,
625,jp,12,30,,,Japan,Chiba,Shirai,山武郡横芝光町,,,,62,
626,jp,12,31,,,Japan,Chiba,Tomisato,長生郡一宮町,,,,50,
627,jp,12,32,,,Japan,Chiba,Minamibousou,長生郡睦沢町,,,,34,
628,jp,12,33,,,Japan,Chiba,Sousa,長生郡長生村,,,,33,
629,jp,12,34,,,Japan,Chiba,Katori,長生郡白子町,,,,70,
630,jp,12,35,,,Japan,Chiba,Sanbu,長生郡長柄町,,,,48,
631,jp,12,36,,,Japan,Chiba,Isumi,長生郡長南町,,,,35,
632,jp,12,37,,,Japan,Chiba,Ooamishirasato,夷隅郡大多喜町,,,,48,
633,jp,12,38,,,Japan,Chiba,Inbasake(Kurikaesi)I,夷隅郡御宿町,,,,20,
634,jp,12,39,,,Japan,Chiba,Inbasakae,安房郡鋸南町,,,,20,
635,jp,12,40,,,Japan,Chiba,Katorikanzaki,千代田区,,,,6,
636,jp,12,41,,,Japan,Chiba,Katoritako,中央区,,,,13,
637,jp,12,42,,,Japan,Chiba,Katoritounoshou,港区,,,,13,
638,jp,12,43,,,Japan,Chiba,Sanbukujuukuri,新宿区,,,,14,
639,jp,12,44,,,Japan,Chiba,Sanbushibayama,文京区,,,,7,
640,jp,12,45,,,Japan,Chiba,Sanbuyokoshibahikari,台東区,,,,22,
641,jp,12,46,,,Japan,Chiba,Chouseiichinomiya,墨田区,,,,12,
642,jp,12,47,,,Japan,Chiba,Chouseimutsuzawa,江東区,,,,7,
643,jp,12,48,,,Japan,Chiba,Chouseichousei,品川区,,,,13,
644,jp,12,49,,,Japan,Chiba,Chouseishirako,目黒区,,,,10,
645,jp,12,50,,,Japan,Chiba,Chouseinagae,大田区,,,,6,
646,jp,12,51,,,Japan,Chiba,Chouseichounan,世田谷区,,,,7,
647,jp,12,52,,,Japan,Chiba,Isumiootaki,渋谷区,,,,8,
648,jp,12,53,,,Japan,Chiba,Isumionjuku,中野区,,,,7,
649,jp,12,54,,,Japan,Chiba,Awakyonan,杉並区,,,,7,
650,jp,13,,,,Japan,Tokyo,,豊島区,,,,14003,
651,jp,13,01,,,Japan,Tokyo,Chiyoda,北区,,,,69,
652,jp,13,02,,,Japan,Tokyo,Chuuou,荒川区,,,,187,
653,jp,13,03,,,Japan,Tokyo,Minato,板橋区,,,,268,
654,jp,13,04,,,Japan,Tokyo,Shinjuku,練馬区,,,,353,
655,jp,13,05,,,Japan,Tokyo,Bunkyou,足立区,,,,235,
656,jp,13,06,,,Japan,Tokyo,Taitou,葛飾区,,,,216,
657,jp,13,07,,,Japan,Tokyo,Sumida,江戸川区,,,,287,
658,jp,13,08,,,Japan,Tokyo,Koutou,八王子市,,,,542,
659,jp,13,09,,,Japan,Tokyo,Shinagawa,立川市,,,,413,
660,jp,13,10,,,Japan,Tokyo,Meguro,武蔵野市,,,,281,
661,jp,13,11,,,Japan,Tokyo,Oota,三鷹市,,,,741,
662,jp,13,12,,,Japan,Tokyo,Setagaya,青梅市,,,,923,
663,jp,13,13,,,Japan,Tokyo,Shibuya,府中市,,,,231,
664,jp,13,14,,,Japan,Tokyo,Nakano,昭島市,,,,341,
665,jp,13,15,,,Japan,Tokyo,Suginami,調布市,,,,577,
666,jp,13,16,,,Japan,Tokyo,Toyoshima,町田市,,,,295,
667,jp,13,17,,,Japan,Tokyo,Kita,小金井市,,,,362,
668,jp,13,18,,,Japan,Tokyo,Inamachi,小平市,,,,222,
669,jp,13,19,,,Japan,Tokyo,Itabashi,日野市,,,,579,
670,jp,13,20,,,Japan,Tokyo,Nerima,東村山市,,,,746,
671,jp,13,21,,,Japan,Tokyo,Ginanmachi,国分寺市,,,,698,
672,jp,13,22,,,Japan,Tokyo,Katsushika,国立市,,,,470,
673,jp,13,23,,,Japan,Tokyo,Edogawa,福生市,,,,694,
674,jp,13,24,,,Japan,Tokyo,Hachiouji,狛江市,,,,559,
675,jp,13,25,,,Japan,Tokyo,Iwamimachi,東大和市,,,,186,
676,jp,13,26,,,Japan,Tokyo,Musashino,清瀬市,,,,148,
677,jp,13,27,,,Japan,Tokyo,Mitaka,東久留米市,,,,190,
678,jp,13,28,,,Japan,Tokyo,Oume,武蔵村山市,,,,129,
679,jp,13,29,,,Japan,Tokyo,Fuchuu,多摩市,,,,261,
680,jp,13,30,,,Japan,Tokyo,Akirashima,稲城市,,,,116,
681,jp,13,31,,,Japan,Tokyo,Choufu,羽村市,,,,239,
682,jp,13,32,,,Japan,Tokyo,Ta,あきる野市,,,,430,
683,jp,13,33,,,Japan,Tokyo,Koganei,西東京市,,,,125,
684,jp,13,34,,,Japan,Tokyo,Kodaira,西多摩郡瑞穂町,,,,197,
685,jp,13,35,,,Japan,Tokyo,Hino,西多摩郡日の出町,,,,188,
686,jp,13,36,,,Japan,Tokyo,Higashiyama,西多摩郡檜原村,,,,152,
687,jp,13,37,,,Japan,Tokyo,Kokubunji,西多摩郡奥多摩町,,,,130,
688,jp,13,38,,,Japan,Tokyo,Kokuritsu,島しょ,,,,76,
689,jp,13,39,,,Japan,Tokyo,Kasamatsumachi,大島町,,,,57,
690,jp,13,40,,,Japan,Tokyo,Komae,利島村,,,,82,
691,jp,13,41,,,Japan,Tokyo,Higashiyamato,新島村,,,,85,
692,jp,13,42,,,Japan,Tokyo,Kiyose,神津島村,,,,75,
693,jp,13,43,,,Japan,Tokyo,Higashikurume,三宅村,,,,116,
694,jp,13,44,,,Japan,Tokyo,Musashiyama,御蔵島村,,,,71,
695,jp,13,45,,,Japan,Tokyo,Tama,八丈町,,,,148,
696,jp,13,46,,,Japan,Tokyo,Inagi,青ヶ島村,,,,94,
697,jp,13,47,,,Japan,Tokyo,Hane,小笠原村,,,,54,
698,jp,13,48,,,Japan,Tokyo,Akiruno,横浜市,,,,79,
699,jp,13,49,,,Japan,Tokyo,Nishitoukyou,川崎市,,,,206,
700,jp,13,50,,,Japan,Tokyo,Mizuho,相模原市,,,,32,
701,jp,13,51,,,Japan,Tokyo,Hinode,横須賀市,,,,16,
702,jp,13,52,,,Japan,Tokyo,Hibara,平塚市,,,,2,
703,jp,13,53,,,Japan,Tokyo,Okutama,鎌倉市,,,,4,
704,jp,13,54,,,Japan,Tokyo,Shimasho,藤沢市,,,,23,
705,jp,13,55,,,Japan,Tokyo,Ooshima,小田原市,,,,7,
706,jp,13,56,,,Japan,Tokyo,Rishima,茅ヶ崎市,,,,0,
707,jp,13,57,,,Japan,Tokyo,Niijima,逗子市,,,,2,
708,jp,13,58,,,Japan,Tokyo,Kouzushima,三浦市,,,,2,
709,jp,13,59,,,Japan,Tokyo,Miyake,秦野市,,,,2,
710,jp,13,60,,,Japan,Tokyo,Mikurashima,厚木市,,,,0,
711,jp,13,61,,,Japan,Tokyo,Hachijou,大和市,,,,7,
712,jp,13,62,,,Japan,Tokyo,Aokeshima,伊勢原市,,,,0,
713,jp,13,63,,,Japan,Tokyo,Ogasawara,海老名市,,,,2,
714,jp,14,,,,Japan,Kanagawa,,座間市,,,,9203,
715,jp,14,01,,,Japan,Kanagawa,Yokohama,南足柄市,,,,3753,
716,jp,14,02,,,Japan,Kanagawa,Kawasaki,綾瀬市,,,,1535,
717,jp,14,03,,,Japan,Kanagawa,Sagamihara,三浦郡葉山町,,,,716,
718,jp,14,04,,,Japan,Kanagawa,Yokosuka,高座郡寒川町,,,,379,
719,jp,14,05,,,Japan,Kanagawa,Hiratsuka,中郡大磯町,,,,257,
720,jp,14,06,,,Japan,Kanagawa,Kamakura,中郡二宮町,,,,175,
721,jp,14,07,,,Japan,Kanagawa,Fujisawa,足柄上郡中井町,,,,445,
722,jp,14,08,,,Japan,Kanagawa,Odawara,足柄上郡大井町,,,,186,
723,jp,14,09,,,Japan,Kanagawa,Chigasaki,足柄上郡松田町,,,,247,
724,jp,14,10,,,Japan,Kanagawa,Zushi,足柄上郡山北町,,,,58,
725,jp,14,11,,,Japan,Kanagawa,Miura,足柄上郡開成町,,,,40,
726,jp,14,12,,,Japan,Kanagawa,Hadano,足柄下郡箱根町,,,,159,
727,jp,14,13,,,Japan,Kanagawa,Nichinanmachi,足柄下郡真鶴町,,,,223,
728,jp,14,14,,,Japan,Kanagawa,Yamato,足柄下郡湯河原町,,,,246,
729,jp,14,15,,,Japan,Kanagawa,Isehara,愛甲郡愛川町,,,,100,
730,jp,14,16,,,Japan,Kanagawa,Ebina,愛甲郡清川村,,,,141,
731,jp,14,17,,,Japan,Kanagawa,Zama,新潟市,,,,131,
732,jp,14,18,,,Japan,Kanagawa,Aridamachi,長岡市,,,,40,
733,jp,14,19,,,Japan,Kanagawa,Ibigawamachi,三条市,,,,84,
734,jp,14,20,,,Japan,Kanagawa,Miurahayama,柏崎市,,,,32,
735,jp,14,21,,,Japan,Kanagawa,Hinomachi,新発田市,,,,49,
736,jp,14,22,,,Japan,Kanagawa,Chuudaiiso,小千谷市,,,,32,
737,jp,14,23,,,Japan,Kanagawa,Chuunimiya,加茂市,,,,27,
738,jp,14,24,,,Japan,Kanagawa,Nakai,十日町市,,,,9,
739,jp,14,25,,,Japan,Kanagawa,Ooi,見附市,,,,17,
740,jp,14,26,,,Japan,Kanagawa,Matsuda,村上市,,,,10,
741,jp,14,27,,,Japan,Kanagawa,Sanpoku,燕市,,,,9,
742,jp,14,28,,,Japan,Kanagawa,Kaisei,糸魚川市,,,,19,
743,jp,14,29,,,Japan,Kanagawa,Hakone,妙高市,,,,11,
744,jp,14,30,,,Japan,Kanagawa,Koufumachi,五泉市,,,,7,
745,jp,14,31,,,Japan,Kanagawa,Yugawara,上越市,,,,23,
746,jp,14,32,,,Japan,Kanagawa,Aikawa,阿賀野市,,,,39,
747,jp,14,33,,,Japan,Kanagawa,Kiyokawa,佐渡市,,,,3,
748,jp,15,,,,Japan,Niigata,,魚沼市,,,,2111,
749,jp,15,01,,,Japan,Niigata,Niigata,南魚沼市,,,,762,
750,jp,15,02,,,Japan,Niigata,Nagaoka,胎内市,,,,255,
751,jp,15,03,,,Japan,Niigata,Sanjou,北蒲原郡聖籠町,,,,91,
752,jp,15,04,,,Japan,Niigata,Kashiwazaki,西蒲原郡弥彦村,,,,76,
753,jp,15,05,,,Japan,Niigata,Shibata,南蒲原郡田上町,,,,92,
754,jp,15,06,,,Japan,Niigata,Ojiya,東蒲原郡阿賀町,,,,33,
755,jp,15,07,,,Japan,Niigata,Kamo,三島郡出雲崎町,,,,24,
756,jp,15,08,,,Japan,Niigata,Touka,南魚沼郡湯沢町,,,,47,
757,jp,15,09,,,Japan,Niigata,Mitsuke,中魚沼郡津南町,,,,38,
758,jp,15,10,,,Japan,Niigata,Ue,刈羽郡刈羽村,,,,53,
759,jp,15,11,,,Japan,Niigata,Tsubame,岩船郡関川村,,,,76,
760,jp,15,12,,,Japan,Niigata,Itoigawa,岩船郡粟島浦村,,,,38,
761,jp,15,13,,,Japan,Niigata,Myoukou,富山市,,,,30,
762,jp,15,14,,,Japan,Niigata,Gosen,高岡市,,,,46,
763,jp,15,15,,,Japan,Niigata,Sakahogimachi,魚津市,,,,180,
764,jp,15,16,,,Japan,Niigata,Agano,氷見市,,,,39,
765,jp,15,17,,,Japan,Niigata,Sado,滑川市,,,,48,
766,jp,15,18,,,Japan,Niigata,Uonuma,黒部市,,,,33,
767,jp,15,19,,,Japan,Niigata,Minamiuonuma,砺波市,,,,52,
768,jp,15,20,,,Japan,Niigata,Tainai,小矢部市,,,,27,
769,jp,15,21,,,Japan,Niigata,Seirou,南砺市,,,,14,
770,jp,15,22,,,Japan,Niigata,Yahiko,射水市,,,,8,
771,jp,15,23,,,Japan,Niigata,Tomikamachi,中新川郡舟橋村,,,,11,
772,jp,15,24,,,Japan,Niigata,Aga,中新川郡上市町,,,,9,
773,jp,15,25,,,Japan,Niigata,Izumozaki,中新川郡立山町,,,,4,
774,jp,15,26,,,Japan,Niigata,Yuzawa,下新川郡入善町,,,,8,
775,jp,15,27,,,Japan,Niigata,Tsunan,下新川郡朝日町,,,,8,
776,jp,15,28,,,Japan,Niigata,Kariwa,金沢市,,,,4,
777,jp,15,29,,,Japan,Niigata,Sekigawa,七尾市,,,,5,
778,jp,15,30,,,Japan,Niigata,Awashimaura,小松市,,,,0,
779,jp,16,,,,Japan,Toyama,,輪島市,,,,1009,
780,jp,16,01,,,Japan,Toyama,Toyama,珠洲市,,,,404,
781,jp,16,02,,,Japan,Toyama,Takaoka,加賀市,,,,163,
782,jp,16,03,,,Japan,Toyama,Uozu,羽咋市,,,,39,
783,jp,16,04,,,Japan,Toyama,Himi,かほく市,,,,42,
784,jp,16,05,,,Japan,Toyama,Namerikawa,白山市,,,,32,
785,jp,16,06,,,Japan,Toyama,Kurobe,能美市,,,,39,
786,jp,16,07,,,Japan,Toyama,Tonami,野々市市,,,,47,
787,jp,16,08,,,Japan,Toyama,Oyabe,能美郡川北町,,,,28,
788,jp,16,09,,,Japan,Toyama,Nanto,河北郡津幡町,,,,46,
789,jp,16,10,,,Japan,Toyama,Imizu,河北郡内灘町,,,,90,
790,jp,16,11,,,Japan,Toyama,Funabashi,羽咋郡志賀町,,,,3,
791,jp,16,12,,,Japan,Toyama,Ue,羽咋郡宝達志水町,,,,19,
792,jp,16,13,,,Japan,Toyama,Tateyama,鹿島郡中能登町,,,,24,
793,jp,16,14,,,Japan,Toyama,Shimoniikawanyuuzen,鳳珠郡穴水町,,,,22,
794,jp,16,15,,,Japan,Toyama,Shimoniikawaasahi,鳳珠郡能登町,,,,10,
795,jp,17,,,,Japan,Ishikawa,,福井市,,,,1098,
796,jp,17,01,,,Japan,Ishikawa,Kanazawa,敦賀市,,,,443,
797,jp,17,02,,,Japan,Ishikawa,Nanao,小浜市,,,,46,
798,jp,17,03,,,Japan,Ishikawa,Komatsu,大野市,,,,105,
799,jp,17,04,,,Japan,Ishikawa,Washima,勝山市,,,,21,
800,jp,17,05,,,Japan,Ishikawa,Suzu,鯖江市,,,,11,
801,jp,17,06,,,Japan,Ishikawa,Kaga,あわら市,,,,62,
802,jp,17,07,,,Japan,Ishikawa,Hakui,越前市,,,,20,
803,jp,17,08,,,Japan,Ishikawa,Ku,坂井市,,,,36,
804,jp,17,09,,,Japan,Ishikawa,Hakusan,吉田郡永平寺町,,,,113,
805,jp,17,10,,,Japan,Ishikawa,Nomi,今立郡池田町,,,,50,
806,jp,17,11,,,Japan,Ishikawa,Nono,南条郡南越前町,,,,55,
807,jp,17,12,,,Japan,Ishikawa,Nomikawakita,丹生郡越前町,,,,6,
808,jp,17,13,,,Japan,Ishikawa,Kutsubata,三方郡美浜町,,,,38,
809,jp,17,14,,,Japan,Ishikawa,Kuuchinada,大飯郡高浜町,,,,26,
810,jp,17,15,,,Japan,Ishikawa,Hakuishiga,大飯郡おおい町,,,,18,
811,jp,17,16,,,Japan,Ishikawa,Hakuihoudatsushimizu,三方上中郡若狭町,,,,12,
812,jp,17,17,,,Japan,Ishikawa,Kashimanakanoto,甲府市,,,,17,
813,jp,17,18,,,Japan,Ishikawa,Housuanamizu,富士吉田市,,,,7,
814,jp,17,19,,,Japan,Ishikawa,Housunoto,都留市,,,,14,
815,jp,18,,,,Japan,Fukui,,山梨市,,,,747,
816,jp,18,01,,,Japan,Fukui,Fukui,大月市,,,,254,
817,jp,18,02,,,Japan,Fukui,Tsuruga,韮崎市,,,,62,
818,jp,18,03,,,Japan,Fukui,Obama,南アルプス市,,,,28,
819,jp,18,04,,,Japan,Fukui,Oono,北杜市,,,,30,
820,jp,18,05,,,Japan,Fukui,Katsuyama,甲斐市,,,,21,
821,jp,18,06,,,Japan,Fukui,Sabae,笛吹市,,,,68,
822,jp,18,07,,,Japan,Fukui,Awara,上野原市,,,,26,
823,jp,18,08,,,Japan,Fukui,Echizen,甲州市,,,,80,
824,jp,18,09,,,Japan,Fukui,Sakai,中央市,,,,88,
825,jp,18,10,,,Japan,Fukui,Yoshidaeiheiji,西八代郡市川三郷町,,,,18,
826,jp,18,11,,,Japan,Fukui,Imadateikeda,南巨摩郡早川町,,,,2,
827,jp,18,12,,,Japan,Fukui,Nanjouminamiechizen,南巨摩郡身延町,,,,9,
828,jp,18,13,,,Japan,Fukui,Tanjouechizen,南巨摩郡南部町,,,,20,
829,jp,18,14,,,Japan,Fukui,Mihama,南巨摩郡富士川町,,,,9,
830,jp,18,15,,,Japan,Fukui,Ooitakahama,中巨摩郡昭和町,,,,10,
831,jp,18,16,,,Japan,Fukui,Ooiooi,南都留郡道志村,,,,8,
832,jp,18,17,,,Japan,Fukui,Kaminakawakasa,南都留郡西桂町,,,,13,
833,jp,19,,,,Japan,Yamanashi,,南都留郡忍野村,,,,801,
834,jp,19,01,,,Japan,Yamanashi,Koufu,南都留郡山中湖村,,,,184,
835,jp,19,02,,,Japan,Yamanashi,Fujiyoshida,南都留郡鳴沢村,,,,46,
836,jp,19,03,,,Japan,Yamanashi,Tsuru,南都留郡富士河口湖町,,,,29,
837,jp,19,04,,,Japan,Yamanashi,Yamanashi,北都留郡小菅村,,,,33,
838,jp,19,05,,,Japan,Yamanashi,Ootsuki,北都留郡丹波山村,,,,21,
839,jp,19,06,,,Japan,Yamanashi,Nirasaki,長野市,,,,28,
840,jp,19,07,,,Japan,Yamanashi,Minamiarupusu,松本市,,,,72,
841,jp,19,08,,,Japan,Yamanashi,Hokuto,上田市,,,,45,
842,jp,19,09,,,Japan,Yamanashi,Kai,岡谷市,,,,76,
843,jp,19,10,,,Japan,Yamanashi,Usui,飯田市,,,,67,
844,jp,19,11,,,Japan,Yamanashi,Uenohara,諏訪市,,,,21,
845,jp,19,12,,,Japan,Yamanashi,Koushuu,須坂市,,,,29,
846,jp,19,13,,,Japan,Yamanashi,Chuuou,小諸市,,,,31,
847,jp,19,14,,,Japan,Yamanashi,Nishiyatsushirokawamisato,伊那市,,,,14,
848,jp,19,15,,,Japan,Yamanashi,Minamikomahayakawa,駒ヶ根市,,,,1,
849,jp,19,16,,,Japan,Yamanashi,Minamikomaminobu,中野市,,,,10,
850,jp,19,17,,,Japan,Yamanashi,Minamikomananbu,大町市,,,,7,
851,jp,19,18,,,Japan,Yamanashi,Minamikomafujigawa,飯山市,,,,14,
852,jp,19,19,,,Japan,Yamanashi,Nakakomashouwa,茅野市,,,,21,
853,jp,19,20,,,Japan,Yamanashi,Minamitsurudoushi,塩尻市,,,,2,
854,jp,19,21,,,Japan,Yamanashi,Minamitsurunishikatsura,佐久市,,,,4,
855,jp,19,22,,,Japan,Yamanashi,Minamitsuruoshino,千曲市,,,,10,
856,jp,19,23,,,Japan,Yamanashi,Minamitsuruyamanakako,東御市,,,,6,
857,jp,19,24,,,Japan,Yamanashi,Minamitsurunarusawa,安曇野市,,,,3,
858,jp,19,25,,,Japan,Yamanashi,Minamitsurufujikawaguchiko,南佐久郡小海町,,,,27,
859,jp,19,26,,,Japan,Yamanashi,Kitatsurukosuge,南佐久郡川上村,,,,1,
860,jp,19,27,,,Japan,Yamanashi,Kitatsurutabayama,南佐久郡南牧村,,,,1,
861,jp,20,,,,Japan,Nagano,,南佐久郡南相木村,,,,2012,
862,jp,20,01,,,Japan,Nagano,Nagano,南佐久郡北相木村,,,,363,
863,jp,20,02,,,Japan,Nagano,Matsumoto,南佐久郡佐久穂町,,,,234,
864,jp,20,03,,,Japan,Nagano,Ueda,北佐久郡軽井沢町,,,,152,
865,jp,20,04,,,Japan,Nagano,Okaya,北佐久郡御代田町,,,,46,
866,jp,20,05,,,Japan,Nagano,Iida,北佐久郡立科町,,,,95,
867,jp,20,06,,,Japan,Nagano,Suwa,小県郡青木村,,,,48,
868,jp,20,07,,,Japan,Nagano,Suzaka,小県郡長和町,,,,49,
869,jp,20,08,,,Japan,Nagano,Komoro,諏訪郡下諏訪町,,,,41,
870,jp,20,09,,,Japan,Nagano,Ina,諏訪郡富士見町,,,,65,
871,jp,20,10,,,Japan,Nagano,Komagane,諏訪郡原村,,,,31,
872,jp,20,11,,,Japan,Nagano,Nakano,上伊那郡辰野町,,,,42,
873,jp,20,12,,,Japan,Nagano,Dai,上伊那郡箕輪町,,,,25,
874,jp,20,13,,,Japan,Nagano,Iiyama,上伊那郡飯島町,,,,19,
875,jp,20,14,,,Japan,Nagano,Chino,上伊那郡南箕輪村,,,,54,
876,jp,20,15,,,Japan,Nagano,Shiojiri,上伊那郡中川村,,,,65,
877,jp,20,16,,,Japan,Nagano,Saku,上伊那郡宮田村,,,,97,
878,jp,20,17,,,Japan,Nagano,Chikuma,下伊那郡松川町,,,,59,
879,jp,20,18,,,Japan,Nagano,Toumi,下伊那郡高森町,,,,29,
880,jp,20,19,,,Japan,Nagano,Azumino,下伊那郡阿南町,,,,96,
881,jp,20,20,,,Japan,Nagano,Minamisakushoukai,下伊那郡阿智村,,,,4,
882,jp,20,21,,,Japan,Nagano,Minamisakukawakami,下伊那郡平谷村,,,,4,
883,jp,20,22,,,Japan,Nagano,Minamisakunanmoku,下伊那郡根羽村,,,,3,
884,jp,20,23,,,Japan,Nagano,Minamisakuminamiaiki,下伊那郡下條村,,,,1,
885,jp,20,24,,,Japan,Nagano,Minamisakukitaaiki,下伊那郡売木村,,,,1,
886,jp,20,25,,,Japan,Nagano,Minamisakusakuho,下伊那郡天龍村,,,,10,
887,jp,20,26,,,Japan,Nagano,Kitasakukaruizawa,下伊那郡泰阜村,,,,22,
888,jp,20,27,,,Japan,Nagano,Kitasakumiyota,下伊那郡喬木村,,,,17,
889,jp,20,28,,,Japan,Nagano,Kitasakutateshina,下伊那郡豊丘村,,,,7,
890,jp,20,29,,,Japan,Nagano,Chiisagataaoki,下伊那郡大鹿村,,,,4,
891,jp,20,30,,,Japan,Nagano,Chiisagatachouwa,木曽郡上松町,,,,6,
892,jp,20,31,,,Japan,Nagano,Suwashimosuwa,木曽郡南木曽町,,,,18,
893,jp,20,32,,,Japan,Nagano,Suwafujimi,木曽郡木祖村,,,,14,
894,jp,20,33,,,Japan,Nagano,Suwahara,木曽郡王滝村,,,,8,
895,jp,20,34,,,Japan,Nagano,Kamiinatatsuno,木曽郡大桑村,,,,18,
896,jp,20,35,,,Japan,Nagano,Kamiinaminowa,木曽郡木曽町,,,,24,
897,jp,20,36,,,Japan,Nagano,Kamiinaiijima,東筑摩郡麻績村,,,,9,
898,jp,20,37,,,Japan,Nagano,Kamiinaminamiminowa,東筑摩郡生坂村,,,,16,
899,jp,20,38,,,Japan,Nagano,Kamiinanakagawa,東筑摩郡山形村,,,,5,
900,jp,20,39,,,Japan,Nagano,Kamiinamiyata,東筑摩郡朝日村,,,,9,
901,jp,20,40,,,Japan,Nagano,Shimoinamatsukawa,東筑摩郡筑北村,,,,12,
902,jp,20,41,,,Japan,Nagano,Shimoinatakamori,北安曇郡池田町,,,,13,
903,jp,20,42,,,Japan,Nagano,Shimoinaanan,北安曇郡松川村,,,,4,
904,jp,20,43,,,Japan,Nagano,Shimoinaachi,北安曇郡白馬村,,,,6,
905,jp,20,44,,,Japan,Nagano,Shimoinahiratani,北安曇郡小谷村,,,,0,
906,jp,20,45,,,Japan,Nagano,Shimoinaneba,埴科郡坂城町,,,,1,
907,jp,20,46,,,Japan,Nagano,Shimoinashimojou,上高井郡小布施町,,,,3,
908,jp,20,47,,,Japan,Nagano,Shimoinaurugi,上高井郡高山村,,,,0,
909,jp,20,48,,,Japan,Nagano,Shimoinatenryuu,下高井郡山ノ内町,,,,1,
910,jp,20,49,,,Japan,Nagano,Shimoinayasuoka,下高井郡木島平村,,,,1,
911,jp,20,50,,,Japan,Nagano,Shimoinakyouboku,下高井郡野沢温泉村,,,,6,
912,jp,20,51,,,Japan,Nagano,Shimoinatoyooka,上水内郡信濃町,,,,7,
913,jp,20,52,,,Japan,Nagano,Shimoinaooshika,上水内郡小川村,,,,1,
914,jp,20,53,,,Japan,Nagano,Kisouematsu,上水内郡飯綱町,,,,4,
915,jp,20,54,,,Japan,Nagano,Kisominamigiso,下水内郡栄村,,,,4,
916,jp,20,55,,,Japan,Nagano,Kisokiso,岐阜市,,,,3,
917,jp,20,56,,,Japan,Nagano,Kisooutaki,大垣市,,,,1,
918,jp,20,57,,,Japan,Nagano,Kisoookuwa,高山市,,,,3,
919,jp,20,58,,,Japan,Nagano,Kisokiso,多治見市,,,,10,
920,jp,20,59,,,Japan,Nagano,Higashichikumaomi,関市,,,,2,
921,jp,20,60,,,Japan,Nagano,Higashichikumaikusaka,中津川市,,,,2,
922,jp,20,61,,,Japan,Nagano,Higashichikumayamagata,美濃市,,,,8,
923,jp,20,62,,,Japan,Nagano,Higashichikumaasahi,瑞浪市,,,,4,
924,jp,20,63,,,Japan,Nagano,Higashichikumachikuhoku,羽島市,,,,4,
925,jp,20,64,,,Japan,Nagano,Kitaazumiikeda,恵那市,,,,9,
926,jp,20,65,,,Japan,Nagano,Kitaazumimatsukawa,美濃加茂市,,,,10,
927,jp,20,66,,,Japan,Nagano,Kitaazumihakuba,土岐市,,,,10,
928,jp,20,67,,,Japan,Nagano,Kitaazumikotani,各務原市,,,,3,
929,jp,20,68,,,Japan,Nagano,Hanishinasakaki,可児市,,,,14,
930,jp,20,69,,,Japan,Nagano,Kamitakaiobuse,山県市,,,,11,
931,jp,20,70,,,Japan,Nagano,Kamitakaikouzan,瑞穂市,,,,6,
932,jp,20,71,,,Japan,Nagano,Shimotakaiyamanonai,飛騨市,,,,11,
933,jp,20,72,,,Japan,Nagano,Shimotakaikijimataira,本巣市,,,,4,
934,jp,20,73,,,Japan,Nagano,Shimotakainozawaonsen,郡上市,,,,4,
935,jp,20,74,,,Japan,Nagano,Kamiminochishinano,下呂市,,,,8,
936,jp,20,75,,,Japan,Nagano,Kamiminochiogawa,海津市,,,,2,
937,jp,20,76,,,Japan,Nagano,Kamiminochiiizuna,羽島郡岐南町,,,,10,
938,jp,20,77,,,Japan,Nagano,Shimominochisakae,羽島郡笠松町,,,,2,
939,jp,21,,,,Japan,Gifu,,養老郡養老町,,,,1951,
940,jp,21,01,,,Japan,Gifu,Gifu,不破郡垂井町,,,,399,
941,jp,21,02,,,Japan,Gifu,Oogaki,不破郡関ケ原町,,,,157,
942,jp,21,03,,,Japan,Gifu,n,安八郡神戸町,,,,82,
943,jp,21,04,,,Japan,Gifu,Tajimi,安八郡輪之内町,,,,105,
944,jp,21,05,,,Japan,Gifu,Kan,安八郡安八町,,,,84,
945,jp,21,06,,,Japan,Gifu,Nakatsugawa,揖斐郡揖斐川町,,,,74,
946,jp,21,07,,,Japan,Gifu,Mino,揖斐郡大野町,,,,19,
947,jp,21,08,,,Japan,Gifu,Mizunami,揖斐郡池田町,,,,35,
948,jp,21,09,,,Japan,Gifu,Haneshima,本巣郡北方町,,,,67,
949,jp,21,10,,,Japan,Gifu,Ena,加茂郡坂祝町,,,,46,
950,jp,21,11,,,Japan,Gifu,Minokamo,加茂郡富加町,,,,58,
951,jp,21,12,,,Japan,Gifu,Toki,加茂郡川辺町,,,,54,
952,jp,21,13,,,Japan,Gifu,Kakamigahara,加茂郡七宗町,,,,144,
953,jp,21,14,,,Japan,Gifu,Kani,加茂郡八百津町,,,,100,
954,jp,21,15,,,Japan,Gifu,Yamagata,加茂郡白川町,,,,25,
955,jp,21,16,,,Japan,Gifu,Mizuho,加茂郡東白川村,,,,56,
956,jp,21,17,,,Japan,Gifu,Hida,可児郡御嵩町,,,,22,
957,jp,21,18,,,Japan,Gifu,Motosu,大野郡白川村,,,,33,
958,jp,21,19,,,Japan,Gifu,Ue,静岡市,,,,38,
959,jp,21,20,,,Japan,Gifu,Gero,浜松市,,,,29,
960,jp,21,21,,,Japan,Gifu,Kaizu,沼津市,,,,32,
961,jp,21,22,,,Japan,Gifu,Haneshimaginan,熱海市,,,,26,
962,jp,21,23,,,Japan,Gifu,Haneshimakasamatsu,三島市,,,,22,
963,jp,21,24,,,Japan,Gifu,Yourouyourou,富士宮市,,,,26,
964,jp,21,25,,,Japan,Gifu,Fuwatarui,伊東市,,,,26,
965,jp,21,26,,,Japan,Gifu,Fuwasekigahara,島田市,,,,6,
966,jp,21,27,,,Japan,Gifu,Anpachikoube,富士市,,,,18,
967,jp,21,28,,,Japan,Gifu,Anpachiwanouchi,磐田市,,,,9,
968,jp,21,29,,,Japan,Gifu,Anpachianpachi,焼津市,,,,14,
969,jp,21,30,,,Japan,Gifu,Ibiibigawa,掛川市,,,,19,
970,jp,21,31,,,Japan,Gifu,Ibioono,藤枝市,,,,21,
971,jp,21,32,,,Japan,Gifu,Ibiikeda,御殿場市,,,,22,
972,jp,21,33,,,Japan,Gifu,Motosuhoppou,袋井市,,,,19,
973,jp,21,34,,,Japan,Gifu,Kamosakahogi,下田市,,,,8,
974,jp,21,35,,,Japan,Gifu,Kamotomika,裾野市,,,,6,
975,jp,21,36,,,Japan,Gifu,Kamogawahen,湖西市,,,,10,
976,jp,21,37,,,Japan,Gifu,Kamohichisou,伊豆市,,,,3,
977,jp,21,38,,,Japan,Gifu,Kamoyaotsu,御前崎市,,,,10,
978,jp,21,39,,,Japan,Gifu,Kamoshirakawa,菊川市,,,,7,
979,jp,21,40,,,Japan,Gifu,Kamohigashishirakawa,伊豆の国市,,,,2,
980,jp,21,41,,,Japan,Gifu,Kanimitake,牧之原市,,,,18,
981,jp,21,42,,,Japan,Gifu,Oonoshirakawa,賀茂郡東伊豆町,,,,1,
982,jp,22,,,,Japan,Shizuoka,,賀茂郡河津町,,,,3576,
983,jp,22,01,,,Japan,Shizuoka,Shizuoka,賀茂郡南伊豆町,,,,673,
984,jp,22,02,,,Japan,Shizuoka,Hamamatsu,賀茂郡松崎町,,,,784,
985,jp,22,03,,,Japan,Shizuoka,Numazu,賀茂郡西伊豆町,,,,186,
986,jp,22,04,,,Japan,Shizuoka,Atami,田方郡函南町,,,,33,
987,jp,22,05,,,Japan,Shizuoka,Mishima,駿東郡清水町,,,,105,
988,jp,22,06,,,Japan,Shizuoka,Fujinomiya,駿東郡長泉町,,,,127,
989,jp,22,07,,,Japan,Shizuoka,Itou,駿東郡小山町,,,,64,
990,jp,22,08,,,Japan,Shizuoka,Shimada,榛原郡吉田町,,,,95,
991,jp,22,09,,,Japan,Shizuoka,Fuji,榛原郡川根本町,,,,246,
992,jp,22,10,,,Japan,Shizuoka,Iwata,周智郡森町,,,,165,
993,jp,22,11,,,Japan,Shizuoka,Yaizu,名古屋市,,,,135,
994,jp,22,12,,,Japan,Shizuoka,Kakegawa,豊橋市,,,,115,
995,jp,22,13,,,Japan,Shizuoka,Fujieda,岡崎市,,,,140,
996,jp,22,14,,,Japan,Shizuoka,Gotenba,一宮市,,,,83,
997,jp,22,15,,,Japan,Shizuoka,Fukuroi,瀬戸市,,,,88,
998,jp,22,16,,,Japan,Shizuoka,Shimoda,半田市,,,,19,
999,jp,22,17,,,Japan,Shizuoka,Susono,春日井市,,,,49,
1000,jp,22,18,,,Japan,Shizuoka,Kosai,豊川市,,,,57,
1001,jp,22,19,,,Japan,Shizuoka,Izu,津島市,,,,28,
1002,jp,22,20,,,Japan,Shizuoka,Omaezaki,碧南市,,,,30,
1003,jp,22,21,,,Japan,Shizuoka,Kikugawa,刈谷市,,,,47,
1004,jp,22,22,,,Japan,Shizuoka,Izunokuni,豊田市,,,,46,
1005,jp,22,23,,,Japan,Shizuoka,Makinohara,安城市,,,,42,
1006,jp,22,24,,,Japan,Shizuoka,Kamohigashiizu,西尾市,,,,11,
1007,jp,22,25,,,Japan,Shizuoka,Kamogawatsu,蒲郡市,,,,6,
1008,jp,22,26,,,Japan,Shizuoka,Kamominamiizu,犬山市,,,,7,
1009,jp,22,27,,,Japan,Shizuoka,Kamomatsuzaki,常滑市,,,,6,
1010,jp,22,28,,,Japan,Shizuoka,Kamonishiizu,江南市,,,,7,
1011,jp,22,29,,,Japan,Shizuoka,Kannami,小牧市,,,,36,
1012,jp,22,30,,,Japan,Shizuoka,Shimizu,稲沢市,,,,32,
1013,jp,22,31,,,Japan,Shizuoka,Nagaizumi,新城市,,,,44,
1014,jp,22,32,,,Japan,Shizuoka,Oyama,東海市,,,,17,
1015,jp,22,33,,,Japan,Shizuoka,Yoshida,大府市,,,,29,
1016,jp,22,34,,,Japan,Shizuoka,Kawanehon,知多市,,,,6,
1017,jp,22,35,,,Japan,Shizuoka,Mori,知立市,,,,17,
1018,jp,23,,,,Japan,Aichi,,尾張旭市,,,,7484,
1019,jp,23,01,,,Japan,Aichi,Nagoya,高浜市,,,,2303,
1020,jp,23,02,,,Japan,Aichi,Toyohashi,岩倉市,,,,366,
1021,jp,23,03,,,Japan,Aichi,Okazaki,豊明市,,,,383,
1022,jp,23,04,,,Japan,Aichi,Ichinomiya,日進市,,,,377,
1023,jp,23,05,,,Japan,Aichi,Seto,田原市,,,,126,
1024,jp,23,06,,,Japan,Aichi,Handa,愛西市,,,,116,
1025,jp,23,07,,,Japan,Aichi,Kasugai,清須市,,,,306,
1026,jp,23,08,,,Japan,Aichi,Toyokawa,北名古屋市,,,,186,
1027,jp,23,09,,,Japan,Aichi,Tsushima,弥富市,,,,60,
1028,jp,23,10,,,Japan,Aichi,Hekinan,みよし市,,,,72,
1029,jp,23,11,,,Japan,Aichi,Kariya,あま市,,,,153,
1030,jp,23,12,,,Japan,Aichi,Toyoda,長久手市,,,,415,
1031,jp,23,13,,,Japan,Aichi,Anjou,愛知郡東郷町,,,,188,
1032,jp,23,14,,,Japan,Aichi,Nishio,西春日井郡豊山町,,,,170,
1033,jp,23,15,,,Japan,Aichi,Kama,丹羽郡大口町,,,,78,
1034,jp,23,16,,,Japan,Aichi,Inuyama,丹羽郡扶桑町,,,,71,
1035,jp,23,17,,,Japan,Aichi,Tokoname,海部郡大治町,,,,59,
1036,jp,23,18,,,Japan,Aichi,Higashiizumachi,海部郡蟹江町,,,,98,
1037,jp,23,19,,,Japan,Aichi,Komaki,海部郡飛島村,,,,149,
1038,jp,23,20,,,Japan,Aichi,Inazawa,知多郡阿久比町,,,,133,
1039,jp,23,21,,,Japan,Aichi,Shinjou,知多郡東浦町,,,,42,
1040,jp,23,22,,,Japan,Aichi,Toukai,知多郡南知多町,,,,113,
1041,jp,23,23,,,Japan,Aichi,Oobu,知多郡美浜町,,,,93,
1042,jp,23,24,,,Japan,Aichi,Chita,知多郡武豊町,,,,83,
1043,jp,23,25,,,Japan,Aichi,Chiryuu,額田郡幸田町,,,,73,
1044,jp,23,26,,,Japan,Aichi,Kawazumachi,北設楽郡設楽町,,,,84,
1045,jp,23,27,,,Japan,Aichi,Takahama,北設楽郡東栄町,,,,49,
1046,jp,23,28,,,Japan,Aichi,Iwakura,北設楽郡豊根村,,,,48,
1047,jp,23,29,,,Japan,Aichi,Toyoake,津市,,,,68,
1048,jp,23,30,,,Japan,Aichi,Nisshin,四日市市,,,,94,
1049,jp,23,31,,,Japan,Aichi,Tahara,伊勢市,,,,58,
1050,jp,23,32,,,Japan,Aichi,Aisai,松阪市,,,,60,
1051,jp,23,33,,,Japan,Aichi,Kiyosu,桑名市,,,,69,
1052,jp,23,34,,,Japan,Aichi,Kitanagoya,鈴鹿市,,,,86,
1053,jp,23,35,,,Japan,Aichi,Yatomi,名張市,,,,44,
1054,jp,23,36,,,Japan,Aichi,Miyoshi,尾鷲市,,,,61,
1055,jp,23,37,,,Japan,Aichi,Ama,亀山市,,,,88,
1056,jp,23,38,,,Japan,Aichi,Nagakute,鳥羽市,,,,62,
1057,jp,23,39,,,Japan,Aichi,Aichitougou,熊野市,,,,44,
1058,jp,23,40,,,Japan,Aichi,Toyoyama,いなべ市,,,,16,
1059,jp,23,41,,,Japan,Aichi,Tanbaooguchi,志摩市,,,,24,
1060,jp,23,42,,,Japan,Aichi,Minamiizumachi,伊賀市,,,,35,
1061,jp,23,43,,,Japan,Aichi,Daiji,桑名郡木曽岬町,,,,34,
1062,jp,23,44,,,Japan,Aichi,Kanie,員弁郡東員町,,,,37,
1063,jp,23,45,,,Japan,Aichi,Tobishima,三重郡菰野町,,,,5,
1064,jp,23,46,,,Japan,Aichi,Chitaagui,三重郡朝日町,,,,28,
1065,jp,23,47,,,Japan,Aichi,Chitahigashiura,三重郡川越町,,,,50,
1066,jp,23,48,,,Japan,Aichi,Chitaminamichita,多気郡多気町,,,,16,
1067,jp,23,49,,,Japan,Aichi,Chitamihama,多気郡明和町,,,,21,
1068,jp,23,50,,,Japan,Aichi,Chitataketoyo,多気郡大台町,,,,43,
1069,jp,23,51,,,Japan,Aichi,Matsuzakimachi,度会郡玉城町,,,,42,
1070,jp,23,52,,,Japan,Aichi,Shitara,度会郡度会町,,,,4,
1071,jp,23,53,,,Japan,Aichi,Touei,度会郡大紀町,,,,3,
1072,jp,23,54,,,Japan,Aichi,Toyone,度会郡南伊勢町,,,,1,
1073,jp,24,,,,Japan,Mie,,北牟婁郡紀北町,,,,1741,
1074,jp,24,01,,,Japan,Mie,Tsu,南牟婁郡御浜町,,,,268,
1075,jp,24,02,,,Japan,Mie,Yokka,南牟婁郡紀宝町,,,,306,
1076,jp,24,03,,,Japan,Mie,Ise,大津市,,,,119,
1077,jp,24,04,,,Japan,Mie,Matsusaka,彦根市,,,,156,
1078,jp,24,05,,,Japan,Mie,Kuwana,長浜市,,,,138,
1079,jp,24,06,,,Japan,Mie,Suzuka,近江八幡市,,,,194,
1080,jp,24,07,,,Japan,Mie,Nabari,草津市,,,,74,
1081,jp,24,08,,,Japan,Mie,Owase,守山市,,,,16,
1082,jp,24,09,,,Japan,Mie,Kameyama,栗東市,,,,49,
1083,jp,24,10,,,Japan,Mie,Toba,甲賀市,,,,16,
1084,jp,24,11,,,Japan,Mie,Kumano,野洲市,,,,15,
1085,jp,24,12,,,Japan,Mie,Inabe,湖南市,,,,45,
1086,jp,24,13,,,Japan,Mie,Shima,高島市,,,,44,
1087,jp,24,14,,,Japan,Mie,Iga,東近江市,,,,85,
1088,jp,24,15,,,Japan,Mie,Kuwanakisomisaki,米原市,,,,6,
1089,jp,24,16,,,Japan,Mie,Inabetouin,蒲生郡日野町,,,,26,
1090,jp,24,17,,,Japan,Mie,Miekomono,蒲生郡竜王町,,,,41,
1091,jp,24,18,,,Japan,Mie,Mieasahi,愛知郡愛荘町,,,,11,
1092,jp,24,19,,,Japan,Mie,Miekawagoe,犬上郡豊郷町,,,,16,
1093,jp,24,20,,,Japan,Mie,Takitaki,犬上郡甲良町,,,,14,
1094,jp,24,21,,,Japan,Mie,Takimeiwa,犬上郡多賀町,,,,23,
1095,jp,24,22,,,Japan,Mie,Takioodai,京都市,,,,8,
1096,jp,24,23,,,Japan,Mie,Wataraitamaki,福知山市,,,,15,
1097,jp,24,24,,,Japan,Mie,Wataraiwatarai,舞鶴市,,,,8,
1098,jp,24,25,,,Japan,Mie,Wataraitaiki,綾部市,,,,7,
1099,jp,24,26,,,Japan,Mie,Wataraiminamiise,宇治市,,,,10,
1100,jp,24,27,,,Japan,Mie,Kitamurokihoku,宮津市,,,,14,
1101,jp,24,28,,,Japan,Mie,Minamimuromihama,亀岡市,,,,8,
1102,jp,24,29,,,Japan,Mie,Minamimurokihou,城陽市,,,,10,
1103,jp,25,,,,Japan,Shiga,,向日市,,,,1405,
1104,jp,25,01,,,Japan,Shiga,Ootsu,長岡京市,,,,344,
1105,jp,25,02,,,Japan,Shiga,Hikone,八幡市,,,,111,
1106,jp,25,03,,,Japan,Shiga,Nagahama,京田辺市,,,,112,
1107,jp,25,04,,,Japan,Shiga,Oumihachiman,京丹後市,,,,82,
1108,jp,25,05,,,Japan,Shiga,Kusatsu,南丹市,,,,141,
1109,jp,25,06,,,Japan,Shiga,Moriyama,木津川市,,,,86,
1110,jp,25,07,,,Japan,Shiga,Rittou,乙訓郡大山崎町,,,,70,
1111,jp,25,08,,,Japan,Shiga,Kouka,久世郡久御山町,,,,88,
1112,jp,25,09,,,Japan,Shiga,Yasu,綴喜郡井手町,,,,51,
1113,jp,25,10,,,Japan,Shiga,Konan,綴喜郡宇治田原町,,,,54,
1114,jp,25,11,,,Japan,Shiga,Takashima,相楽郡笠置町,,,,45,
1115,jp,25,12,,,Japan,Shiga,Higashioumi,相楽郡和束町,,,,111,
1116,jp,25,13,,,Japan,Shiga,Yonehara,相楽郡精華町,,,,37,
1117,jp,25,14,,,Japan,Shiga,Gamouhino,相楽郡南山城村,,,,21,
1118,jp,25,15,,,Japan,Shiga,Tsuwanomachi,船井郡京丹波町,,,,11,
1119,jp,25,16,,,Japan,Shiga,Aichiaishou,与謝郡伊根町,,,,21,
1120,jp,25,17,,,Japan,Shiga,Inukamitoyosato,与謝郡与謝野町,,,,7,
1121,jp,25,18,,,Japan,Shiga,Inukamikoura,大阪市,,,,6,
1122,jp,25,19,,,Japan,Shiga,Inukamitaga,堺市,,,,7,
1123,jp,26,,,,Japan,Kyoto,,岸和田市,,,,2472,
1124,jp,26,01,,,Japan,Kyoto,Kyouto,豊中市,,,,1374,
1125,jp,26,02,,,Japan,Kyoto,Fukuchiyama,池田市,,,,75,
1126,jp,26,03,,,Japan,Kyoto,Maizuru,吹田市,,,,75,
1127,jp,26,04,,,Japan,Kyoto,Ayabe,泉大津市,,,,31,
1128,jp,26,05,,,Japan,Kyoto,Uji,高槻市,,,,180,
1129,jp,26,06,,,Japan,Kyoto,Miyazu,貝塚市,,,,16,
1130,jp,26,07,,,Japan,Kyoto,Kameoka,守口市,,,,86,
1131,jp,26,08,,,Japan,Kyoto,Jouyou,枚方市,,,,73,
1132,jp,26,09,,,Japan,Kyoto,Kouhi,茨木市,,,,56,
1133,jp,26,10,,,Japan,Kyoto,Kyou,八尾市,,,,82,
1134,jp,26,11,,,Japan,Kyoto,Hachiman,泉佐野市,,,,69,
1135,jp,26,12,,,Japan,Kyoto,Kyoutanabe,富田林市,,,,72,
1136,jp,26,13,,,Japan,Kyoto,Kyoutango,寝屋川市,,,,50,
1137,jp,26,14,,,Japan,Kyoto,Nantan,河内長野市,,,,30,
1138,jp,26,15,,,Japan,Kyoto,Kizugawa,松原市,,,,79,
1139,jp,26,16,,,Japan,Kyoto,Otokuniooyamazaki,大東市,,,,17,
1140,jp,26,17,,,Japan,Kyoto,Kuzekumiyama,和泉市,,,,15,
1141,jp,26,18,,,Japan,Kyoto,Tsuzukiide,箕面市,,,,7,
1142,jp,26,19,,,Japan,Kyoto,Tsuzukiujitawara,柏原市,,,,9,
1143,jp,26,20,,,Japan,Kyoto,Sourakukasagi,羽曳野市,,,,1,
1144,jp,26,21,,,Japan,Kyoto,Sourakuwazuka,門真市,,,,3,
1145,jp,26,22,,,Japan,Kyoto,Sourakuseika,摂津市,,,,36,
1146,jp,26,23,,,Japan,Kyoto,Sourakuminamiyamashiro,高石市,,,,2,
1147,jp,26,24,,,Japan,Kyoto,Funaikyoutanba,藤井寺市,,,,12,
1148,jp,26,25,,,Japan,Kyoto,Yosaine,東大阪市,,,,2,
1149,jp,26,26,,,Japan,Kyoto,Yosayosano,泉南市,,,,19,
1150,jp,27,,,,Japan,Osaka,,四條畷市,,,,8772,
1151,jp,27,01,,,Japan,Osaka,Oosaka,交野市,,,,2779,
1152,jp,27,02,,,Japan,Osaka,Sakai,大阪狭山市,,,,812,
1153,jp,27,03,,,Japan,Osaka,Kishiwada,阪南市,,,,187,
1154,jp,27,04,,,Japan,Osaka,Toyonaka,三島郡島本町,,,,406,
1155,jp,27,05,,,Japan,Osaka,Ikeda,豊能郡豊能町,,,,103,
1156,jp,27,06,,,Japan,Osaka,Suita,豊能郡能勢町,,,,385,
1157,jp,27,07,,,Japan,Osaka,Izumiootsu,泉北郡忠岡町,,,,73,
1158,jp,27,08,,,Japan,Osaka,Takatsuki,泉南郡熊取町,,,,346,
1159,jp,27,09,,,Japan,Osaka,Kaizuka,泉南郡田尻町,,,,81,
1160,jp,27,10,,,Japan,Osaka,Moriguchi,泉南郡岬町,,,,141,
1161,jp,27,11,,,Japan,Osaka,Hirakata,南河内郡太子町,,,,392,
1162,jp,27,12,,,Japan,Osaka,Ibaraki,南河内郡河南町,,,,286,
1163,jp,27,13,,,Japan,Osaka,Yao,南河内郡千早赤阪村,,,,259,
1164,jp,27,14,,,Japan,Osaka,Izumisano,神戸市,,,,99,
1165,jp,27,15,,,Japan,Osaka,Tondabayashi,姫路市,,,,106,
1166,jp,27,16,,,Japan,Osaka,Neyagawa,尼崎市,,,,224,
1167,jp,27,17,,,Japan,Osaka,Kawachinagano,明石市,,,,98,
1168,jp,27,18,,,Japan,Osaka,Matsubara,西宮市,,,,116,
1169,jp,27,19,,,Japan,Osaka,Daitou,洲本市,,,,116,
1170,jp,27,20,,,Japan,Osaka,Izumi,芦屋市,,,,182,
1171,jp,27,21,,,Japan,Osaka,Minoo,伊丹市,,,,140,
1172,jp,27,22,,,Japan,Osaka,Kashiwabara,相生市,,,,66,
1173,jp,27,23,,,Japan,Osaka,Habikino,豊岡市,,,,107,
1174,jp,27,24,,,Japan,Osaka,Kadoma,加古川市,,,,116,
1175,jp,27,25,,,Japan,Osaka,Settsu,赤穂市,,,,86,
1176,jp,27,26,,,Japan,Osaka,Takaishi,西脇市,,,,56,
1177,jp,27,27,,,Japan,Osaka,Fujiidera,宝塚市,,,,62,
1178,jp,27,28,,,Japan,Osaka,Higashioosaka,三木市,,,,478,
1179,jp,27,29,,,Japan,Osaka,Sennan,高砂市,,,,58,
1180,jp,27,30,,,Japan,Osaka,Shijounawate,川西市,,,,54,
1181,jp,27,31,,,Japan,Osaka,Katano,小野市,,,,77,
1182,jp,27,32,,,Japan,Osaka,Oosakasayama,三田市,,,,58,
1183,jp,27,33,,,Japan,Osaka,Hannan,加西市,,,,50,
1184,jp,27,34,,,Japan,Osaka,Shimamoto,丹波篠山市,,,,32,
1185,jp,27,35,,,Japan,Osaka,Toyonotoyono,養父市,,,,18,
1186,jp,27,36,,,Japan,Osaka,Toyononose,丹波市,,,,9,
1187,jp,27,37,,,Japan,Osaka,Senbokutadaoka,南あわじ市,,,,16,
1188,jp,27,38,,,Japan,Osaka,Sennankumatori,朝来市,,,,43,
1189,jp,27,39,,,Japan,Osaka,Sennantajiri,淡路市,,,,8,
1190,jp,27,40,,,Japan,Osaka,Sennanmisaki,宍粟市,,,,14,
1191,jp,27,41,,,Japan,Osaka,Minamikawachitaishi,加東市,,,,13,
1192,jp,27,42,,,Japan,Osaka,Minamikawachikanan,たつの市,,,,15,
1193,jp,27,43,,,Japan,Osaka,Minamikawachichihayaakasaka,川辺郡猪名川町,,,,5,
1194,jp,28,,,,Japan,Hyogo,,多可郡多可町,,,,5394,
1195,jp,28,01,,,Japan,Hyogo,Koube,加古郡稲美町,,,,1494,
1196,jp,28,02,,,Japan,Hyogo,Himeji,加古郡播磨町,,,,523,
1197,jp,28,03,,,Japan,Hyogo,Amagasaki,神崎郡市川町,,,,458,
1198,jp,28,04,,,Japan,Hyogo,Akashi,神崎郡福崎町,,,,307,
1199,jp,28,05,,,Japan,Hyogo,Nishinomiya,神崎郡神河町,,,,481,
1200,jp,28,06,,,Japan,Hyogo,Sumoto,揖保郡太子町,,,,41,
1201,jp,28,07,,,Japan,Hyogo,Ashiya,赤穂郡上郡町,,,,94,
1202,jp,28,08,,,Japan,Hyogo,Itami,佐用郡佐用町,,,,200,
1203,jp,28,09,,,Japan,Hyogo,Aioi,美方郡香美町,,,,27,
1204,jp,28,10,,,Japan,Hyogo,Toyooka,美方郡新温泉町,,,,75,
1205,jp,28,11,,,Japan,Hyogo,Gawa,奈良市,,,,257,
1206,jp,28,12,,,Japan,Hyogo,Akou,大和高田市,,,,44,
1207,jp,28,13,,,Japan,Hyogo,Nishiwaki,大和郡山市,,,,38,
1208,jp,28,14,,,Japan,Hyogo,Takarazuka,天理市,,,,228,
1209,jp,28,15,,,Japan,Hyogo,Miki,橿原市,,,,73,
1210,jp,28,16,,,Japan,Hyogo,Takasago,桜井市,,,,87,
1211,jp,28,17,,,Japan,Hyogo,Kawanishi,五條市,,,,153,
1212,jp,28,18,,,Japan,Hyogo,Ono,御所市,,,,47,
1213,jp,28,19,,,Japan,Hyogo,Mita,生駒市,,,,106,
1214,jp,28,20,,,Japan,Hyogo,Kasai,香芝市,,,,41,
1215,jp,28,21,,,Japan,Hyogo,Tanbashinoyama,葛城市,,,,39,
1216,jp,28,22,,,Japan,Hyogo,Youfu,宇陀市,,,,21,
1217,jp,28,23,,,Japan,Hyogo,Tanba,山辺郡山添村,,,,60,
1218,jp,28,24,,,Japan,Hyogo,Minamiawaji,生駒郡平群町,,,,44,
1219,jp,28,25,,,Japan,Hyogo,Asago,生駒郡三郷町,,,,28,
1220,jp,28,26,,,Japan,Hyogo,Awaji,生駒郡斑鳩町,,,,41,
1221,jp,28,27,,,Japan,Hyogo,Shisou,生駒郡安堵町,,,,34,
1222,jp,28,28,,,Japan,Hyogo,Katou,磯城郡川西町,,,,39,
1223,jp,28,29,,,Japan,Hyogo,Tatsuno,磯城郡三宅町,,,,72,
1224,jp,28,30,,,Japan,Hyogo,Inagawa,磯城郡田原本町,,,,29,
1225,jp,28,31,,,Japan,Hyogo,Takataka,宇陀郡曽爾村,,,,19,
1226,jp,28,32,,,Japan,Hyogo,Inami,宇陀郡御杖村,,,,30,
1227,jp,28,33,,,Japan,Hyogo,Harima,高市郡高取町,,,,35,
1228,jp,28,34,,,Japan,Hyogo,Gawa,高市郡明日香村,,,,11,
1229,jp,28,35,,,Japan,Hyogo,Fukuzaki,北葛城郡上牧町,,,,19,
1230,jp,28,36,,,Japan,Hyogo,Kamikawa,北葛城郡王寺町,,,,10,
1231,jp,28,37,,,Japan,Hyogo,Ibotaishi,北葛城郡広陵町,,,,33,
1232,jp,28,38,,,Japan,Hyogo,Akouue,北葛城郡河合町,,,,14,
1233,jp,28,39,,,Japan,Hyogo,Sayou,吉野郡吉野町,,,,15,
1234,jp,28,40,,,Japan,Hyogo,Kami,吉野郡大淀町,,,,15,
1235,jp,28,41,,,Japan,Hyogo,Mikatashin'Onsen,吉野郡下市町,,,,13,
1236,jp,29,,,,Japan,Nara,,吉野郡黒滝村,,,,1304,
1237,jp,29,01,,,Japan,Nara,Nara,吉野郡天川村,,,,347,
1238,jp,29,02,,,Japan,Nara,Yamatotakada,吉野郡野迫川村,,,,62,
1239,jp,29,03,,,Japan,Nara,Yamatoyama,吉野郡十津川村,,,,83,
1240,jp,29,04,,,Japan,Nara,Tenri,吉野郡下北山村,,,,61,
1241,jp,29,05,,,Japan,Nara,Kashihara,吉野郡上北山村,,,,119,
1242,jp,29,06,,,Japan,Nara,Sakurai,吉野郡川上村,,,,54,
1243,jp,29,07,,,Japan,Nara,Gojou,吉野郡東吉野村,,,,27,
1244,jp,29,08,,,Japan,Nara,Gosho,和歌山市,,,,23,
1245,jp,29,09,,,Japan,Nara,Ikoma,海南市,,,,117,
1246,jp,29,10,,,Japan,Nara,Kashiba,橋本市,,,,78,
1247,jp,29,11,,,Japan,Nara,Katsuragi,有田市,,,,38,
1248,jp,29,12,,,Japan,Nara,Uda,御坊市,,,,27,
1249,jp,29,13,,,Japan,Nara,Yamazoe,田辺市,,,,3,
1250,jp,29,14,,,Japan,Nara,Ikomaheguri,新宮市,,,,18,
1251,jp,29,15,,,Japan,Nara,Ikomamisato,紀の川市,,,,22,
1252,jp,29,16,,,Japan,Nara,Ikomaikaruga,岩出市,,,,28,
1253,jp,29,17,,,Japan,Nara,Ikomaando,海草郡紀美野町,,,,7,
1254,jp,29,18,,,Japan,Nara,Shikikawanishi,伊都郡かつらぎ町,,,,8,
1255,jp,29,19,,,Japan,Nara,Shikimiyake,伊都郡九度山町,,,,6,
1256,jp,29,20,,,Japan,Nara,Shikitawaramoto,伊都郡高野町,,,,31,
1257,jp,29,21,,,Japan,Nara,Udasoji,有田郡湯浅町,,,,1,
1258,jp,29,22,,,Japan,Nara,Udamitsue,有田郡広川町,,,,1,
1259,jp,29,23,,,Japan,Nara,Takatakatori,有田郡有田川町,,,,6,
1260,jp,29,24,,,Japan,Nara,Koumeinichikaori,日高郡美浜町,,,,5,
1261,jp,29,25,,,Japan,Nara,Kanmaki,日高郡日高町,,,,21,
1262,jp,29,26,,,Japan,Nara,Ouji,日高郡由良町,,,,24,
1263,jp,29,27,,,Japan,Nara,Kouryou,日高郡印南町,,,,35,
1264,jp,29,28,,,Japan,Nara,Kawai,日高郡みなべ町,,,,17,
1265,jp,29,29,,,Japan,Nara,Yoshino,日高郡日高川町,,,,6,
1266,jp,29,30,,,Japan,Nara,Ooyodo,西牟婁郡白浜町,,,,16,
1267,jp,29,31,,,Japan,Nara,Shita,西牟婁郡上富田町,,,,4,
1268,jp,29,32,,,Japan,Nara,Kurotaki,西牟婁郡すさみ町,,,,1,
1269,jp,29,33,,,Japan,Nara,Amakawa,東牟婁郡那智勝浦町,,,,1,
1270,jp,29,34,,,Japan,Nara,Nosegawa,東牟婁郡太地町,,,,0,
1271,jp,29,35,,,Japan,Nara,Totsugawa,東牟婁郡古座川町,,,,3,
1272,jp,29,36,,,Japan,Nara,Shimokitayama,東牟婁郡北山村,,,,1,
1273,jp,29,37,,,Japan,Nara,Kamikitayama,東牟婁郡串本町,,,,0,
1274,jp,29,38,,,Japan,Nara,Gawaue,鳥取市,,,,1,
1275,jp,29,39,,,Japan,Nara,Higashiyoshino,米子市,,,,1,
1276,jp,30,,,,Japan,Wakayama,,倉吉市,,,,901,
1277,jp,30,01,,,Japan,Wakayama,Wakayama,境港市,,,,353,
1278,jp,30,02,,,Japan,Wakayama,Kainan,岩美郡岩美町,,,,46,
1279,jp,30,03,,,Japan,Wakayama,Hashimoto,八頭郡若桜町,,,,59,
1280,jp,30,04,,,Japan,Wakayama,Arida,八頭郡智頭町,,,,25,
1281,jp,30,05,,,Japan,Wakayama,Gobou,八頭郡八頭町,,,,21,
1282,jp,30,06,,,Japan,Wakayama,Tanabe,東伯郡三朝町,,,,67,
1283,jp,30,07,,,Japan,Wakayama,Shinguu,東伯郡湯梨浜町,,,,26,
1284,jp,30,08,,,Japan,Wakayama,Kinokawa,東伯郡琴浦町,,,,59,
1285,jp,30,09,,,Japan,Wakayama,Iwade,東伯郡北栄町,,,,54,
1286,jp,30,10,,,Japan,Wakayama,Zaouchou,西伯郡日吉津村,,,,8,
1287,jp,30,11,,,Japan,Wakayama,Yamabemachi,西伯郡大山町,,,,15,
1288,jp,30,12,,,Japan,Wakayama,Itokudoyama,西伯郡南部町,,,,4,
1289,jp,30,13,,,Japan,Wakayama,Itotakano,西伯郡伯耆町,,,,3,
1290,jp,30,14,,,Japan,Wakayama,Shizukuishimachi,日野郡日南町,,,,11,
1291,jp,30,15,,,Japan,Wakayama,Hirokawa,日野郡日野町,,,,6,
1292,jp,30,16,,,Japan,Wakayama,Kuwaorimachi,日野郡江府町,,,,25,
1293,jp,30,17,,,Japan,Wakayama,Kaminokawamachi,松江市,,,,6,
1294,jp,30,18,,,Japan,Wakayama,Hidaka,浜田市,,,,8,
1295,jp,30,19,,,Japan,Wakayama,Hiranaimachi,出雲市,,,,5,
1296,jp,30,20,,,Japan,Wakayama,Ibarakimachi,益田市,,,,8,
1297,jp,30,21,,,Japan,Wakayama,Minabe,大田市,,,,12,
1298,jp,30,22,,,Japan,Wakayama,Kuzumakimachi,安来市,,,,9,
1299,jp,30,23,,,Japan,Wakayama,Shirahama,江津市,,,,20,
1300,jp,30,24,,,Japan,Wakayama,Kamitonda,雲南市,,,,16,
1301,jp,30,25,,,Japan,Wakayama,Susami,仁多郡奥出雲町,,,,3,
1302,jp,30,26,,,Japan,Wakayama,Nachikatsuura,飯石郡飯南町,,,,13,
1303,jp,30,27,,,Japan,Wakayama,Taiji,邑智郡川本町,,,,3,
1304,jp,30,28,,,Japan,Wakayama,Shichigashukumachi,邑智郡美郷町,,,,2,
1305,jp,30,29,,,Japan,Wakayama,Nakayamamachi,邑智郡邑南町,,,,0,
1306,jp,30,30,,,Japan,Wakayama,Toubetsumachi,鹿足郡津和野町,,,,14,
1307,jp,31,,,,Japan,Tottori,,鹿足郡吉賀町,,,,534,
1308,jp,31,01,,,Japan,Tottori,Shirosatomachi,隠岐郡海士町,,,,179,
1309,jp,31,02,,,Japan,Tottori,Yonago,隠岐郡西ノ島町,,,,144,
1310,jp,31,03,,,Japan,Tottori,Kurayoshi,隠岐郡知夫村,,,,44,
1311,jp,31,04,,,Japan,Tottori,Sakaiminato,隠岐郡隠岐の島町,,,,32,
1312,jp,31,05,,,Japan,Tottori,Iwamiiwami,岡山市,,,,11,
1313,jp,31,06,,,Japan,Tottori,Wakasa,倉敷市,,,,3,
1314,jp,31,07,,,Japan,Tottori,Chizu,津山市,,,,6,
1315,jp,31,08,,,Japan,Tottori,Yagashira,玉野市,,,,15,
1316,jp,31,09,,,Japan,Tottori,Misasa,笠岡市,,,,6,
1317,jp,31,10,,,Japan,Tottori,Yurihama,井原市,,,,16,
1318,jp,31,11,,,Japan,Tottori,Kotoura,総社市,,,,16,
1319,jp,31,12,,,Japan,Tottori,Hokuei,高梁市,,,,14,
1320,jp,31,13,,,Japan,Tottori,Hiezu,新見市,,,,4,
1321,jp,31,14,,,Japan,Tottori,Ooyama,備前市,,,,15,
1322,jp,31,15,,,Japan,Tottori,Nanbu,瀬戸内市,,,,10,
1323,jp,31,16,,,Japan,Tottori,Houki,赤磐市,,,,10,
1324,jp,31,17,,,Japan,Tottori,Nichinan,真庭市,,,,4,
1325,jp,31,18,,,Japan,Tottori,Hino,美作市,,,,3,
1326,jp,31,19,,,Japan,Tottori,Koufu,浅口市,,,,2,
1327,jp,32,,,,Japan,Shimane,,和気郡和気町,,,,643,
1328,jp,32,01,,,Japan,Shimane,Matsue,都窪郡早島町,,,,194,
1329,jp,32,02,,,Japan,Shimane,Hamada,浅口郡里庄町,,,,49,
1330,jp,32,03,,,Japan,Shimane,Izumo,小田郡矢掛町,,,,172,
1331,jp,32,04,,,Japan,Shimane,Masuda,真庭郡新庄村,,,,43,
1332,jp,32,05,,,Japan,Shimane,Oota,苫田郡鏡野町,,,,31,
1333,jp,32,06,,,Japan,Shimane,Yasugi,勝田郡勝央町,,,,35,
1334,jp,32,07,,,Japan,Shimane,Goutsu,勝田郡奈義町,,,,21,
1335,jp,32,08,,,Japan,Shimane,Unnan,英田郡西粟倉村,,,,34,
1336,jp,32,09,,,Japan,Shimane,Okuizumo,久米郡久米南町,,,,11,
1337,jp,32,10,,,Japan,Shimane,Iinan,久米郡美咲町,,,,4,
1338,jp,32,11,,,Japan,Shimane,Kawamoto,加賀郡吉備中央町,,,,3,
1339,jp,32,12,,,Japan,Shimane,Misato,広島市,,,,4,
1340,jp,32,13,,,Japan,Shimane,Ajikesawamachi,呉市,,,,9,
1341,jp,32,14,,,Japan,Shimane,Oogawaramachi,竹原市,,,,6,
1342,jp,32,15,,,Japan,Shimane,Kahokumachi,三原市,,,,6,
1343,jp,32,16,,,Japan,Shimane,Okikaishi,尾道市,,,,2,
1344,jp,32,17,,,Japan,Shimane,Okinishinoshima,福山市,,,,2,
1345,jp,32,18,,,Japan,Shimane,Okitomoo,府中市,,,,1,
1346,jp,32,19,,,Japan,Shimane,Shiwamachi,三次市,,,,13,
1347,jp,33,,,,Japan,Okayama,,庄原市,,,,1835,
1348,jp,33,01,,,Japan,Okayama,Okayama,大竹市,,,,696,
1349,jp,33,02,,,Japan,Okayama,Kurashiki,東広島市,,,,474,
1350,jp,33,03,,,Japan,Okayama,Tsuyama,廿日市市,,,,95,
1351,jp,33,04,,,Japan,Okayama,Tamano,安芸高田市,,,,54,
1352,jp,33,05,,,Japan,Okayama,Kasaoka,江田島市,,,,44,
1353,jp,33,06,,,Japan,Okayama,Ihara,安芸郡府中町,,,,37,
1354,jp,33,07,,,Japan,Okayama,Souja,安芸郡海田町,,,,70,
1355,jp,33,08,,,Japan,Okayama,Takahashi,安芸郡熊野町,,,,26,
1356,jp,33,09,,,Japan,Okayama,Niimi,安芸郡坂町,,,,26,
1357,jp,33,10,,,Japan,Okayama,Bizen,山県郡安芸太田町,,,,31,
1358,jp,33,11,,,Japan,Okayama,Setouchi,山県郡北広島町,,,,36,
1359,jp,33,12,,,Japan,Okayama,Akaiwa,豊田郡大崎上島町,,,,42,
1360,jp,33,13,,,Japan,Okayama,Maniwa,世羅郡世羅町,,,,41,
1361,jp,33,14,,,Japan,Okayama,Mimasaka,神石郡神石高原町,,,,25,
1362,jp,33,15,,,Japan,Okayama,Matsumaemachi,下関市,,,,33,
1363,jp,33,16,,,Japan,Okayama,Wakiwaki,宇部市,,,,13,
1364,jp,33,17,,,Japan,Okayama,Soushima,山口市,,,,13,
1365,jp,33,18,,,Japan,Okayama,Satoshou,萩市,,,,11,
1366,jp,33,19,,,Japan,Okayama,Odayakage,防府市,,,,13,
1367,jp,33,20,,,Japan,Okayama,Shinjou,下松市,,,,1,
1368,jp,33,21,,,Japan,Okayama,Tougoumachi,岩国市,,,,12,
1369,jp,33,22,,,Japan,Okayama,Shouou,光市,,,,11,
1370,jp,33,23,,,Japan,Okayama,Fukushimamachi,長門市,,,,6,
1371,jp,33,24,,,Japan,Okayama,Nishiawakura,柳井市,,,,1,
1372,jp,33,25,,,Japan,Okayama,Kumenan,美祢市,,,,4,
1373,jp,33,26,,,Japan,Okayama,Misaki,周南市,,,,13,
1374,jp,33,27,,,Japan,Okayama,Bichuuou,山陽小野田市,,,,10,
1375,jp,34,,,,Japan,Hiroshima,,大島郡周防大島町,,,,2729,
1376,jp,34,01,,,Japan,Hiroshima,Hiroshima,玖珂郡和木町,,,,1174,
1377,jp,34,02,,,Japan,Hiroshima,Kure,熊毛郡上関町,,,,201,
1378,jp,34,03,,,Japan,Hiroshima,Takehara,熊毛郡田布施町,,,,23,
1379,jp,34,04,,,Japan,Hiroshima,Mihara,熊毛郡平生町,,,,87,
1380,jp,34,05,,,Japan,Hiroshima,Onomichi,阿武郡阿武町,,,,126,
1381,jp,34,06,,,Japan,Hiroshima,Fukuyama,徳島市,,,,455,
1382,jp,34,07,,,Japan,Hiroshima,Fuchuu,鳴門市,,,,35,
1383,jp,34,08,,,Japan,Hiroshima,Sanji,小松島市,,,,48,
1384,jp,34,09,,,Japan,Hiroshima,Shoubara,阿南市,,,,31,
1385,jp,34,10,,,Japan,Hiroshima,Ooishidamachi,吉野川市,,,,25,
1386,jp,34,11,,,Japan,Hiroshima,Toukaimura,阿波市,,,,191,
1387,jp,34,12,,,Japan,Hiroshima,Hatsuka,美馬市,,,,115,
1388,jp,34,13,,,Japan,Hiroshima,Akitakata,三好市,,,,26,
1389,jp,34,14,,,Japan,Hiroshima,Edashima,勝浦郡勝浦町,,,,21,
1390,jp,34,15,,,Japan,Hiroshima,Akifuchuu,勝浦郡上勝町,,,,52,
1391,jp,34,16,,,Japan,Hiroshima,Akikaita,名東郡佐那河内村,,,,31,
1392,jp,34,17,,,Japan,Hiroshima,Akikumano,名西郡石井町,,,,23,
1393,jp,34,18,,,Japan,Hiroshima,Akisaka,名西郡神山町,,,,12,
1394,jp,34,19,,,Japan,Hiroshima,Marumorimachi,那賀郡那賀町,,,,5,
1395,jp,34,20,,,Japan,Hiroshima,Kitahiroshima,海部郡牟岐町,,,,17,
1396,jp,34,21,,,Japan,Hiroshima,Oosakikamishima,海部郡美波町,,,,7,
1397,jp,34,22,,,Japan,Hiroshima,Sera,海部郡海陽町,,,,15,
1398,jp,34,23,,,Japan,Hiroshima,Kagamiishimachi,板野郡松茂町,,,,8,
1399,jp,35,,,,Japan,Yamaguchi,,板野郡北島町,,,,1293,
1400,jp,35,01,,,Japan,Yamaguchi,Shimonoseki,板野郡藍住町,,,,243,
1401,jp,35,02,,,Japan,Yamaguchi,Ube,板野郡板野町,,,,156,
1402,jp,35,03,,,Japan,Yamaguchi,Yamaguchi,板野郡上板町,,,,186,
1403,jp,35,04,,,Japan,Yamaguchi,Hagi,美馬郡つるぎ町,,,,42,
1404,jp,35,05,,,Japan,Yamaguchi,Houfu,三好郡東みよし町,,,,113,
1405,jp,35,06,,,Japan,Yamaguchi,Kudamatsu,高松市,,,,57,
1406,jp,35,07,,,Japan,Yamaguchi,Iwakuni,丸亀市,,,,125,
1407,jp,35,08,,,Japan,Yamaguchi,Hikari,坂出市,,,,48,
1408,jp,35,09,,,Japan,Yamaguchi,Nagato,善通寺市,,,,30,
1409,jp,35,10,,,Japan,Yamaguchi,Yanai,観音寺市,,,,29,
1410,jp,35,11,,,Japan,Yamaguchi,Mine,さぬき市,,,,21,
1411,jp,35,12,,,Japan,Yamaguchi,Shuunan,東かがわ市,,,,135,
1412,jp,35,13,,,Japan,Yamaguchi,Sanyouonoda,三豊市,,,,59,
1413,jp,35,14,,,Japan,Yamaguchi,Ooshimasuouooshima,小豆郡土庄町,,,,14,
1414,jp,35,15,,,Japan,Yamaguchi,Nishikichou,小豆郡小豆島町,,,,6,
1415,jp,35,16,,,Japan,Yamaguchi,Koudachou,木田郡三木町,,,,2,
1416,jp,35,17,,,Japan,Yamaguchi,Tabuse,香川郡直島町,,,,14,
1417,jp,35,18,,,Japan,Yamaguchi,Heizei,綾歌郡宇多津町,,,,11,
1418,jp,35,19,,,Japan,Yamaguchi,Abuabu,綾歌郡綾川町,,,,3,
1419,jp,36,,,,Japan,Tokushima,,仲多度郡琴平町,,,,700,
1420,jp,36,01,,,Japan,Tokushima,Tokushima,仲多度郡多度津町,,,,245,
1421,jp,36,02,,,Japan,Tokushima,Naruto,仲多度郡まんのう町,,,,53,
1422,jp,36,03,,,Japan,Tokushima,Komatsushima,松山市,,,,35,
1423,jp,36,04,,,Japan,Tokushima,Anan,今治市,,,,68,
1424,jp,36,05,,,Japan,Tokushima,Gawa,宇和島市,,,,38,
1425,jp,36,06,,,Japan,Tokushima,Awa,八幡浜市,,,,34,
1426,jp,36,07,,,Japan,Tokushima,Mima,新居浜市,,,,26,
1427,jp,36,08,,,Japan,Tokushima,Miyoshi,西条市,,,,22,
1428,jp,36,09,,,Japan,Tokushima,Katsuura,大洲市,,,,5,
1429,jp,36,10,,,Japan,Tokushima,Kamikatsu,伊予市,,,,1,
1430,jp,36,11,,,Japan,Tokushima,Mibumachi,四国中央市,,,,2,
1431,jp,36,12,,,Japan,Tokushima,Fujisakimachi,西予市,,,,25,
1432,jp,36,13,,,Japan,Tokushima,Kourimachi,東温市,,,,5,
1433,jp,36,14,,,Japan,Tokushima,Kanayamachou,越智郡上島町,,,,7,
1434,jp,36,15,,,Japan,Tokushima,Mugi,上浮穴郡久万高原町,,,,3,
1435,jp,36,16,,,Japan,Tokushima,Minami,伊予郡松前町,,,,6,
1436,jp,36,17,,,Japan,Tokushima,Esashimachi,伊予郡砥部町,,,,8,
1437,jp,36,18,,,Japan,Tokushima,Matsushige,喜多郡内子町,,,,14,
1438,jp,36,19,,,Japan,Tokushima,Gojoumemachi,西宇和郡伊方町,,,,24,
1439,jp,36,20,,,Japan,Tokushima,Aizumi,北宇和郡松野町,,,,35,
1440,jp,36,21,,,Japan,Tokushima,Yamamotomachi,北宇和郡鬼北町,,,,13,
1441,jp,36,22,,,Japan,Tokushima,Saijoumachi,南宇和郡愛南町,,,,11,
1442,jp,36,23,,,Japan,Tokushima,Mimatsurugi,高知市,,,,7,
1443,jp,36,24,,,Japan,Tokushima,Miyoshihigashimiyoshi,室戸市,,,,13,
1444,jp,37,,,,Japan,Kagawa,,安芸市,,,,940,
1445,jp,37,01,,,Japan,Kagawa,Takamatsu,南国市,,,,418,
1446,jp,37,02,,,Japan,Kagawa,Marugame,土佐市,,,,111,
1447,jp,37,03,,,Japan,Kagawa,Sakaide,須崎市,,,,50,
1448,jp,37,04,,,Japan,Kagawa,Zentsuuji,宿毛市,,,,30,
1449,jp,37,05,,,Japan,Kagawa,Kan'Onji,土佐清水市,,,,56,
1450,jp,37,06,,,Japan,Kagawa,Imaganemachi,四万十市,,,,44,
1451,jp,37,07,,,Japan,Kagawa,Higashikagawa,香南市,,,,27,
1452,jp,37,08,,,Japan,Kagawa,Mitoyo,香美市,,,,60,
1453,jp,37,09,,,Japan,Kagawa,Tonoshou,安芸郡東洋町,,,,12,
1454,jp,37,10,,,Japan,Kagawa,Shouzushima,安芸郡奈半利町,,,,13,
1455,jp,37,11,,,Japan,Kagawa,Kidamiki,安芸郡田野町,,,,27,
1456,jp,37,12,,,Japan,Kagawa,Naoshima,安芸郡安田町,,,,3,
1457,jp,37,13,,,Japan,Kagawa,Utatsu,安芸郡北川村,,,,18,
1458,jp,37,14,,,Japan,Kagawa,Setanamachi,安芸郡馬路村,,,,23,
1459,jp,37,15,,,Japan,Kagawa,Kotohira,安芸郡芸西村,,,,8,
1460,jp,37,16,,,Japan,Kagawa,Tadotsu,長岡郡本山町,,,,22,
1461,jp,37,17,,,Japan,Kagawa,Mannou,長岡郡大豊町,,,,17,
1462,jp,38,,,,Japan,Ehime,,土佐郡土佐町,,,,1296,
1463,jp,38,01,,,Japan,Ehime,Matsuyama,土佐郡大川村,,,,497,
1464,jp,38,02,,,Japan,Ehime,Imabari,吾川郡いの町,,,,148,
1465,jp,38,03,,,Japan,Ehime,Uwashima,吾川郡仁淀川町,,,,67,
1466,jp,38,04,,,Japan,Ehime,Yawatahama,高岡郡中土佐町,,,,30,
1467,jp,38,05,,,Japan,Ehime,Niihama,高岡郡佐川町,,,,113,
1468,jp,38,06,,,Japan,Ehime,Saijou,高岡郡越知町,,,,103,
1469,jp,38,07,,,Japan,Ehime,Oozu,高岡郡檮原町,,,,39,
1470,jp,38,08,,,Japan,Ehime,Iyo,高岡郡日高村,,,,35,
1471,jp,38,09,,,Japan,Ehime,Shikokuchuuou,高岡郡津野町,,,,81,
1472,jp,38,10,,,Japan,Ehime,Seiyo,高岡郡四万十町,,,,34,
1473,jp,38,11,,,Japan,Ehime,Touon,幡多郡大月町,,,,33,
1474,jp,38,12,,,Japan,Ehime,Kinkesakimachi,幡多郡三原村,,,,6,
1475,jp,38,13,,,Japan,Ehime,Nakumakougen,幡多郡黒潮町,,,,7,
1476,jp,38,14,,,Japan,Ehime,Iyomatsumae,北九州市,,,,30,
1477,jp,38,15,,,Japan,Ehime,Iyotobe,福岡市,,,,20,
1478,jp,38,16,,,Japan,Ehime,Kitauchiko,大牟田市,,,,15,
1479,jp,38,17,,,Japan,Ehime,Itayanagimachi,久留米市,,,,8,
1480,jp,38,18,,,Japan,Ehime,Matsuno,直方市,,,,3,
1481,jp,38,19,,,Japan,Ehime,Takahatamachi,飯塚市,,,,9,
1482,jp,38,20,,,Japan,Ehime,Ainan,田川市,,,,19,
1483,jp,39,,,,Japan,Kochi,,柳川市,,,,665,
1484,jp,39,01,,,Japan,Kochi,Kouchi,八女市,,,,312,
1485,jp,39,02,,,Japan,Kochi,Muroto,筑後市,,,,11,
1486,jp,39,03,,,Japan,Kochi,Aki,大川市,,,,16,
1487,jp,39,04,,,Japan,Kochi,Nangoku,行橋市,,,,46,
1488,jp,39,05,,,Japan,Kochi,Tosa,豊前市,,,,26,
1489,jp,39,06,,,Japan,Kochi,Susaki,中間市,,,,19,
1490,jp,39,07,,,Japan,Kochi,Sukumo,小郡市,,,,18,
1491,jp,39,08,,,Japan,Kochi,Tosashimizu,筑紫野市,,,,12,
1492,jp,39,09,,,Japan,Kochi,Shimanto,春日市,,,,31,
1493,jp,39,10,,,Japan,Kochi,Kounan,大野城市,,,,33,
1494,jp,39,11,,,Japan,Kochi,Kami,宗像市,,,,25,
1495,jp,39,12,,,Japan,Kochi,Akitouyou,太宰府市,,,,2,
1496,jp,39,13,,,Japan,Kochi,Akinahari,古賀市,,,,3,
1497,jp,39,14,,,Japan,Kochi,Akitano,福津市,,,,2,
1498,jp,39,15,,,Japan,Kochi,Akiyasuda,うきは市,,,,2,
1499,jp,39,16,,,Japan,Kochi,Akikitagawa,宮若市,,,,1,
1500,jp,39,17,,,Japan,Kochi,Akiumaji,嘉麻市,,,,1,
1501,jp,39,18,,,Japan,Kochi,Akigeisei,朝倉市,,,,4,
1502,jp,39,19,,,Japan,Kochi,Shimamakimura,みやま市,,,,3,
1503,jp,39,20,,,Japan,Kochi,Taihou,糸島市,,,,3,
1504,jp,39,21,,,Japan,Kochi,Tosatosa,那珂川市,,,,3,
1505,jp,39,22,,,Japan,Kochi,Tosaookawa,糟屋郡宇美町,,,,0,
1506,jp,39,23,,,Japan,Kochi,Ino,糟屋郡篠栗町,,,,21,
1507,jp,39,24,,,Japan,Kochi,Niyodogawa,糟屋郡志免町,,,,4,
1508,jp,39,25,,,Japan,Kochi,Nakatosa,糟屋郡須惠町,,,,6,
1509,jp,39,26,,,Japan,Kochi,Sagawa,糟屋郡新宮町,,,,12,
1510,jp,39,27,,,Japan,Kochi,Suttsumachi,糟屋郡久山町,,,,5,
1511,jp,39,28,,,Japan,Kochi,Yusuhara,糟屋郡粕屋町,,,,3,
1512,jp,39,29,,,Japan,Kochi,Hidaka,遠賀郡芦屋町,,,,5,
1513,jp,39,30,,,Japan,Kochi,Tsuno,遠賀郡水巻町,,,,5,
1514,jp,39,31,,,Japan,Kochi,Shimanto,遠賀郡岡垣町,,,,15,
1515,jp,39,32,,,Japan,Kochi,Ootsuki,遠賀郡遠賀町,,,,4,
1516,jp,39,33,,,Japan,Kochi,Mihara,鞍手郡小竹町,,,,1,
1517,jp,39,34,,,Japan,Kochi,Kuroshio,鞍手郡鞍手町,,,,10,
1518,jp,40,,,,Japan,Fukuoka,,嘉穂郡桂川町,,,,5087,
1519,jp,40,01,,,Japan,Fukuoka,Kutchanmachi,朝倉郡筑前町,,,,914,
1520,jp,40,02,,,Japan,Fukuoka,Fukuoka,朝倉郡東峰村,,,,1608,
1521,jp,40,03,,,Japan,Fukuoka,Oomuta,三井郡大刀洗町,,,,105,
1522,jp,40,04,,,Japan,Fukuoka,Kurume,三潴郡大木町,,,,300,
1523,jp,40,05,,,Japan,Fukuoka,Noogata,八女郡広川町,,,,55,
1524,jp,40,06,,,Japan,Fukuoka,Iizuka,田川郡香春町,,,,124,
1525,jp,40,07,,,Japan,Fukuoka,Tagawa,田川郡添田町,,,,45,
1526,jp,40,08,,,Japan,Fukuoka,Yanagawa,田川郡糸田町,,,,62,
1527,jp,40,09,,,Japan,Fukuoka,Yame,田川郡川崎町,,,,60,
1528,jp,40,10,,,Japan,Fukuoka,Kyouwamachi,田川郡大任町,,,,49,
1529,jp,40,11,,,Japan,Fukuoka,Ookawa,田川郡赤村,,,,31,
1530,jp,40,12,,,Japan,Fukuoka,Yukuhashi,田川郡福智町,,,,72,
1531,jp,40,13,,,Japan,Fukuoka,Buzen,京都郡苅田町,,,,23,
1532,jp,40,14,,,Japan,Fukuoka,Chuukan,京都郡みやこ町,,,,39,
1533,jp,40,15,,,Japan,Fukuoka,Nohejimachi,築上郡吉富町,,,,60,
1534,jp,40,16,,,Japan,Fukuoka,Matsushimamachi,築上郡上毛町,,,,106,
1535,jp,40,17,,,Japan,Fukuoka,Ogunimachi,築上郡築上町,,,,112,
1536,jp,40,18,,,Japan,Fukuoka,Oonojou,佐賀市,,,,104,
1537,jp,40,19,,,Japan,Fukuoka,Munakata,唐津市,,,,97,
1538,jp,40,20,,,Japan,Fukuoka,Dazaifu,鳥栖市,,,,72,
1539,jp,40,21,,,Japan,Fukuoka,Kitashiobaramura,多久市,,,,59,
1540,jp,40,22,,,Japan,Fukuoka,Fukutsu,伊万里市,,,,69,
1541,jp,40,23,,,Japan,Fukuoka,Shichinohemachi,武雄市,,,,27,
1542,jp,40,24,,,Japan,Fukuoka,Miyawaka,鹿島市,,,,26,
1543,jp,40,25,,,Japan,Fukuoka,Shiratakamachi,小城市,,,,34,
1544,jp,40,26,,,Japan,Fukuoka,Asakura,嬉野市,,,,50,
1545,jp,40,27,,,Japan,Fukuoka,Miyama,神埼市,,,,34,
1546,jp,40,28,,,Japan,Fukuoka,Iwanaimachi,神埼郡吉野ヶ里町,,,,104,
1547,jp,40,29,,,Japan,Fukuoka,Hiraizumimachi,三養基郡基山町,,,,49,
1548,jp,40,30,,,Japan,Fukuoka,Umi,三養基郡上峰町,,,,37,
1549,jp,40,31,,,Japan,Fukuoka,Sasaguri,三養基郡みやき町,,,,31,
1550,jp,40,32,,,Japan,Fukuoka,Shime,東松浦郡玄海町,,,,46,
1551,jp,40,33,,,Japan,Fukuoka,Iidemachi,西松浦郡有田町,,,,29,
1552,jp,40,34,,,Japan,Fukuoka,Shinguu,杵島郡大町町,,,,33,
1553,jp,40,35,,,Japan,Fukuoka,Hisayama,杵島郡江北町,,,,9,
1554,jp,40,36,,,Japan,Fukuoka,Hakumura,杵島郡白石町,,,,49,
1555,jp,40,37,,,Japan,Fukuoka,Ashiya,藤津郡太良町,,,,13,
1556,jp,40,38,,,Japan,Fukuoka,Mizumaki,長崎市,,,,28,
1557,jp,40,39,,,Japan,Fukuoka,Okagaki,佐世保市,,,,31,
1558,jp,40,40,,,Japan,Fukuoka,Onga,島原市,,,,19,
1559,jp,40,41,,,Japan,Fukuoka,Shichigahamamachi,諫早市,,,,7,
1560,jp,40,42,,,Japan,Fukuoka,Kurate,大村市,,,,15,
1561,jp,40,43,,,Japan,Fukuoka,Katsuragawa,平戸市,,,,13,
1562,jp,40,44,,,Japan,Fukuoka,Kamoenaimura,松浦市,,,,31,
1563,jp,40,45,,,Japan,Fukuoka,Touhou,対馬市,,,,2,
1564,jp,40,46,,,Japan,Fukuoka,Tachiarai,壱岐市,,,,16,
1565,jp,40,47,,,Japan,Fukuoka,Iboku,五島市,,,,14,
1566,jp,40,48,,,Japan,Fukuoka,Yamehirokawa,西海市,,,,19,
1567,jp,40,49,,,Japan,Fukuoka,Koushun,雲仙市,,,,10,
1568,jp,40,50,,,Japan,Fukuoka,Soeda,南島原市,,,,8,
1569,jp,40,51,,,Japan,Fukuoka,Itoda,西彼杵郡長与町,,,,8,
1570,jp,40,52,,,Japan,Fukuoka,Shakotanmachi,西彼杵郡時津町,,,,15,
1571,jp,40,53,,,Japan,Fukuoka,Tainin,東彼杵郡東彼杵町,,,,5,
1572,jp,40,54,,,Japan,Fukuoka,Aka,東彼杵郡川棚町,,,,3,
1573,jp,40,55,,,Japan,Fukuoka,Nishiaizumachi,東彼杵郡波佐見町,,,,21,
1574,jp,40,56,,,Japan,Fukuoka,Karida,北松浦郡小値賀町,,,,38,
1575,jp,40,57,,,Japan,Fukuoka,Miyako,北松浦郡佐々町,,,,18,
1576,jp,40,58,,,Japan,Fukuoka,Rokunohemachi,南松浦郡新上五島町,,,,7,
1577,jp,40,59,,,Japan,Fukuoka,Uwage,熊本市,,,,7,
1578,jp,40,60,,,Japan,Fukuoka,Chikujou,八代市,,,,16,
1579,jp,41,,,,Japan,Saga,,人吉市,,,,794,
1580,jp,41,01,,,Japan,Saga,Saga,荒尾市,,,,226,
1581,jp,41,02,,,Japan,Saga,Karatsu,水俣市,,,,114,
1582,jp,41,03,,,Japan,Saga,Tosu,玉名市,,,,75,
1583,jp,41,04,,,Japan,Saga,Taku,山鹿市,,,,18,
1584,jp,41,05,,,Japan,Saga,Imari,菊池市,,,,52,
1585,jp,41,06,,,Japan,Saga,Takeo,宇土市,,,,47,
1586,jp,41,07,,,Japan,Saga,Kashima,上天草市,,,,27,
1587,jp,41,08,,,Japan,Saga,Ogi,宇城市,,,,44,
1588,jp,41,09,,,Japan,Saga,Ureshino,阿蘇市,,,,24,
1589,jp,41,10,,,Japan,Saga,Kanzaki,天草市,,,,30,
1590,jp,41,11,,,Japan,Saga,Nakagawamachi,合志市,,,,16,
1591,jp,41,12,,,Japan,Saga,Rokuketokoromura,下益城郡美里町,,,,18,
1592,jp,41,13,,,Japan,Saga,Kamimine,玉名郡玉東町,,,,10,
1593,jp,41,14,,,Japan,Saga,Miyaki,玉名郡南関町,,,,26,
1594,jp,41,15,,,Japan,Saga,Genkai,玉名郡長洲町,,,,5,
1595,jp,41,16,,,Japan,Saga,Arida,玉名郡和水町,,,,19,
1596,jp,41,17,,,Japan,Saga,Dai,菊池郡大津町,,,,6,
1597,jp,41,18,,,Japan,Saga,Kouhoku,菊池郡菊陽町,,,,10,
1598,jp,41,19,,,Japan,Saga,Shiroishi,阿蘇郡南小国町,,,,21,
1599,jp,41,20,,,Japan,Saga,Tarou,阿蘇郡小国町,,,,8,
1600,jp,42,,,,Japan,Nagasaki,,阿蘇郡産山村,,,,1274,
1601,jp,42,01,,,Japan,Nagasaki,Nagasaki,阿蘇郡高森町,,,,391,
1602,jp,42,02,,,Japan,Nagasaki,Sasebo,阿蘇郡西原村,,,,234,
1603,jp,42,03,,,Japan,Nagasaki,Shimabara,阿蘇郡南阿蘇村,,,,42,
1604,jp,42,04,,,Japan,Nagasaki,Isahaya,上益城郡御船町,,,,133,
1605,jp,42,05,,,Japan,Nagasaki,Dai,上益城郡嘉島町,,,,100,
1606,jp,42,06,,,Japan,Nagasaki,Hirado,上益城郡益城町,,,,28,
1607,jp,42,07,,,Japan,Nagasaki,Matsuura,上益城郡甲佐町,,,,20,
1608,jp,42,08,,,Japan,Nagasaki,Tsushima,上益城郡山都町,,,,27,
1609,jp,42,09,,,Japan,Nagasaki,Ichishi,八代郡氷川町,,,,24,
1610,jp,42,10,,,Japan,Nagasaki,Gotou,葦北郡芦北町,,,,34,
1611,jp,42,11,,,Japan,Nagasaki,Yamatochou,葦北郡津奈木町,,,,25,
1612,jp,42,12,,,Japan,Nagasaki,Unzen,球磨郡錦町,,,,41,
1613,jp,42,13,,,Japan,Nagasaki,Nantouhara,球磨郡多良木町,,,,41,
1614,jp,42,14,,,Japan,Nagasaki,Nagayo,球磨郡湯前町,,,,39,
1615,jp,42,15,,,Japan,Nagasaki,Tokitsu,球磨郡水上村,,,,29,
1616,jp,42,16,,,Japan,Nagasaki,Higashisonogi,球磨郡相良村,,,,7,
1617,jp,42,17,,,Japan,Nagasaki,Aizubangemachi,球磨郡五木村,,,,13,
1618,jp,42,18,,,Japan,Nagasaki,Hasami,球磨郡山江村,,,,14,
1619,jp,42,19,,,Japan,Nagasaki,Ojika,球磨郡球磨村,,,,2,
1620,jp,42,20,,,Japan,Nagasaki,Sassa,球磨郡あさぎり町,,,,14,
1621,jp,42,21,,,Japan,Nagasaki,Shinuegotou,天草郡苓北町,,,,17,
1622,jp,43,,,,Japan,Kumamoto,,大分市,,,,1716,
1623,jp,43,01,,,Japan,Kumamoto,Kumamoto,別府市,,,,731,
1624,jp,43,02,,,Japan,Kumamoto,Yatsushiro,中津市,,,,120,
1625,jp,43,03,,,Japan,Kumamoto,Tsukigatamachi,日田市,,,,30,
1626,jp,43,04,,,Japan,Kumamoto,Arao,佐伯市,,,,49,
1627,jp,43,05,,,Japan,Kumamoto,Minamata,臼杵市,,,,22,
1628,jp,43,06,,,Japan,Kumamoto,Tamana,津久見市,,,,63,
1629,jp,43,07,,,Japan,Kumamoto,Yamaga,竹田市,,,,48,
1630,jp,43,08,,,Japan,Kumamoto,Kikuchi,豊後高田市,,,,47,
1631,jp,43,09,,,Japan,Kumamoto,Uto,杵築市,,,,36,
1632,jp,43,10,,,Japan,Kumamoto,Kamiamakusa,宇佐市,,,,24,
1633,jp,43,11,,,Japan,Kumamoto,Urausumachi,豊後大野市,,,,56,
1634,jp,43,12,,,Japan,Kumamoto,Aso,由布市,,,,24,
1635,jp,43,13,,,Japan,Kumamoto,Amakusa,国東市,,,,72,
1636,jp,43,14,,,Japan,Kumamoto,Hayamachou,東国東郡姫島村,,,,65,
1637,jp,43,15,,,Japan,Kumamoto,Misato,速見郡日出町,,,,9,
1638,jp,43,16,,,Japan,Kumamoto,Tamanagyokutou,玖珠郡九重町,,,,5,
1639,jp,43,17,,,Japan,Kumamoto,Tamananankan,玖珠郡玖珠町,,,,9,
1640,jp,43,18,,,Japan,Kumamoto,Tamanachoushuu,宮崎市,,,,15,
1641,jp,43,19,,,Japan,Kumamoto,Tamananagomi,都城市,,,,9,
1642,jp,43,20,,,Japan,Kumamoto,Shintotsukawamachi,延岡市,,,,36,
1643,jp,43,21,,,Japan,Kumamoto,Fuchuumachi,日南市,,,,44,
1644,jp,43,22,,,Japan,Kumamoto,Asominamioguni,小林市,,,,4,
1645,jp,43,23,,,Japan,Kumamoto,Asoshoukoku,日向市,,,,6,
1646,jp,43,24,,,Japan,Kumamoto,Asoubuyama,串間市,,,,1,
1647,jp,43,25,,,Japan,Kumamoto,Asotakamori,西都市,,,,6,
1648,jp,43,26,,,Japan,Kumamoto,Asonishihara,えびの市,,,,7,
1649,jp,43,27,,,Japan,Kumamoto,Asominamiaso,北諸県郡三股町,,,,10,
1650,jp,43,28,,,Japan,Kumamoto,Mifune,西諸県郡高原町,,,,17,
1651,jp,43,29,,,Japan,Kumamoto,Kashima,東諸県郡国富町,,,,10,
1652,jp,43,30,,,Japan,Kumamoto,Mashiki,東諸県郡綾町,,,,34,
1653,jp,43,31,,,Japan,Kumamoto,Kousa,児湯郡高鍋町,,,,10,
1654,jp,43,32,,,Japan,Kumamoto,Yamato,児湯郡新富町,,,,13,
1655,jp,43,33,,,Japan,Kumamoto,Hikawa,児湯郡西米良村,,,,11,
1656,jp,43,34,,,Japan,Kumamoto,Ashikita,児湯郡木城町,,,,15,
1657,jp,43,35,,,Japan,Kumamoto,Kisomisakichou,児湯郡川南町,,,,4,
1658,jp,43,36,,,Japan,Kumamoto,Kumanishiki,児湯郡都農町,,,,10,
1659,jp,43,37,,,Japan,Kumamoto,Kumataragi,東臼杵郡門川町,,,,8,
1660,jp,43,38,,,Japan,Kumamoto,Moseushimachi,東臼杵郡諸塚村,,,,3,
1661,jp,43,39,,,Japan,Kumamoto,Kumasuijou,東臼杵郡椎葉村,,,,2,
1662,jp,43,40,,,Japan,Kumamoto,Kumasagara,東臼杵郡美郷町,,,,4,
1663,jp,43,41,,,Japan,Kumamoto,Kumaitsuki,西臼杵郡高千穂町,,,,1,
1664,jp,43,42,,,Japan,Kumamoto,Kumayamae,西臼杵郡日之影町,,,,3,
1665,jp,43,43,,,Japan,Kumamoto,Kumakuma,西臼杵郡五ヶ瀬町,,,,3,
1666,jp,43,44,,,Japan,Kumamoto,Kumaasagiri,鹿児島市,,,,14,
1667,jp,43,45,,,Japan,Kumamoto,Amakusareihoku,鹿屋市,,,,6,
1668,jp,44,,,,Japan,Oita,,枕崎市,,,,1102,
1669,jp,44,01,,,Japan,Oita,Ooita,阿久根市,,,,473,
1670,jp,44,02,,,Japan,Oita,Beppu,出水市,,,,112,
1671,jp,44,03,,,Japan,Oita,Nakatsu,指宿市,,,,82,
1672,jp,44,04,,,Japan,Oita,Hita,西之表市,,,,60,
1673,jp,44,05,,,Japan,Oita,Saeki,垂水市,,,,64,
1674,jp,44,06,,,Japan,Oita,Usuki,薩摩川内市,,,,35,
1675,jp,44,07,,,Japan,Oita,Tsukumi,日置市,,,,15,
1676,jp,44,08,,,Japan,Oita,Takeda,曽於市,,,,19,
1677,jp,44,09,,,Japan,Oita,Bungotakada,霧島市,,,,22,
1678,jp,44,10,,,Japan,Oita,Sumitamachi,いちき串木野市,,,,26,
1679,jp,44,11,,,Japan,Oita,Aikawamachi,南さつま市,,,,52,
1680,jp,44,12,,,Japan,Oita,Bungooono,志布志市,,,,32,
1681,jp,44,13,,,Japan,Oita,Yuu,奄美市,,,,34,
1682,jp,44,14,,,Japan,Oita,Sannohemachi,南九州市,,,,25,
1683,jp,44,15,,,Japan,Oita,Himejima,伊佐市,,,,2,
1684,jp,44,16,,,Japan,Oita,Hinode,姶良市,,,,28,
1685,jp,44,17,,,Japan,Oita,Kokonoe,鹿児島郡三島村,,,,8,
1686,jp,44,18,,,Japan,Oita,Kusu,鹿児島郡十島村,,,,14,
1687,jp,45,,,,Japan,Miyazaki,,薩摩郡さつま町,,,,1048,
1688,jp,45,01,,,Japan,Miyazaki,Miyazaki,出水郡長島町,,,,395,
1689,jp,45,02,,,Japan,Miyazaki,Tomishiro,姶良郡湧水町,,,,163,
1690,jp,45,03,,,Japan,Miyazaki,Shingoumura,曽於郡大崎町,,,,114,
1691,jp,45,04,,,Japan,Miyazaki,Nichinan,肝属郡東串良町,,,,48,
1692,jp,45,05,,,Japan,Miyazaki,Kobayashi,肝属郡錦江町,,,,42,
1693,jp,45,06,,,Japan,Miyazaki,Hyuuga,肝属郡南大隅町,,,,58,
1694,jp,45,07,,,Japan,Miyazaki,Kushima,肝属郡肝付町,,,,16,
1695,jp,45,08,,,Japan,Miyazaki,Saito,熊毛郡中種子町,,,,28,
1696,jp,45,09,,,Japan,Miyazaki,Ebino,熊毛郡南種子町,,,,17,
1697,jp,45,10,,,Japan,Miyazaki,Mimata,熊毛郡屋久島町,,,,26,
1698,jp,45,11,,,Japan,Miyazaki,Kougen,大島郡大和村,,,,8,
1699,jp,45,12,,,Japan,Miyazaki,Kunitomi,大島郡宇検村,,,,18,
1700,jp,45,13,,,Japan,Miyazaki,Aya,大島郡瀬戸内町,,,,7,
1701,jp,45,14,,,Japan,Miyazaki,Takanabe,大島郡龍郷町,,,,19,
1702,jp,45,15,,,Japan,Miyazaki,Shintomi,大島郡喜界町,,,,16,
1703,jp,45,16,,,Japan,Miyazaki,Nishimera,大島郡徳之島町,,,,1,
1704,jp,45,17,,,Japan,Miyazaki,Kishiro,大島郡天城町,,,,5,
1705,jp,45,18,,,Japan,Miyazaki,Kawaminami,大島郡伊仙町,,,,15,
1706,jp,45,19,,,Japan,Miyazaki,Tsuno,大島郡和泊町,,,,10,
1707,jp,45,20,,,Japan,Miyazaki,Kadogawa,大島郡知名町,,,,17,
1708,jp,45,21,,,Japan,Miyazaki,Morotsuka,大島郡与論町,,,,1,
1709,jp,45,22,,,Japan,Miyazaki,Shiiba,那覇市,,,,2,
1710,jp,45,23,,,Japan,Miyazaki,Misato,宜野湾市,,,,5,
1711,jp,45,24,,,Japan,Miyazaki,Takasumachi,石垣市,,,,11,
1712,jp,45,25,,,Japan,Miyazaki,Hinokage,浦添市,,,,3,
1713,jp,45,26,,,Japan,Miyazaki,Gokese,名護市,,,,3,
1714,jp,46,,,,Japan,Kagoshima,,糸満市,,,,1559,
1715,jp,46,01,,,Japan,Kagoshima,Shima,沖縄市,,,,591,
1716,jp,46,02,,,Japan,Kagoshima,Kanoya,豊見城市,,,,99,
1717,jp,46,03,,,Japan,Kagoshima,Makurazaki,うるま市,,,,19,
1718,jp,46,04,,,Japan,Kagoshima,Akune,宮古島市,,,,18,
1719,jp,46,05,,,Japan,Kagoshima,Kamifuranomachi,南城市,,,,51,
1720,jp,46,06,,,Japan,Kagoshima,Ibusuki,国頭郡国頭村,,,,37,
1721,jp,46,07,,,Japan,Kagoshima,Nishinoomote,国頭郡大宜味村,,,,14,
1722,jp,46,08,,,Japan,Kagoshima,Tarumi,国頭郡東村,,,,13,
1723,jp,46,09,,,Japan,Kagoshima,Satsumasendai,国頭郡今帰仁村,,,,91,
1724,jp,46,10,,,Japan,Kagoshima,Hioki,国頭郡本部町,,,,46,
1725,jp,46,11,,,Japan,Kagoshima,Yusamachi,国頭郡恩納村,,,,32,
1726,jp,46,12,,,Japan,Kagoshima,Kirishima,国頭郡宜野座村,,,,123,
1727,jp,46,13,,,Japan,Kagoshima,Nakafuranomachi,国頭郡金武町,,,,26,
1728,jp,46,14,,,Japan,Kagoshima,Ootsuchimachi,国頭郡伊江村,,,,31,
1729,jp,46,15,,,Japan,Kagoshima,Shibushi,中頭郡読谷村,,,,29,
1730,jp,46,16,,,Japan,Kagoshima,Saigoumura,中頭郡嘉手納町,,,,40,
1731,jp,46,17,,,Japan,Kagoshima,Minamikyuushuu,中頭郡北谷町,,,,31,
1732,jp,46,18,,,Japan,Kagoshima,Isa,中頭郡北中城村,,,,23,
1733,jp,46,19,,,Japan,Kagoshima,Aira,中頭郡中城村,,,,78,
1734,jp,46,20,,,Japan,Kagoshima,Shimamishima,中頭郡西原町,,,,0,
1735,jp,46,21,,,Japan,Kagoshima,Minamifuranomachi,島尻郡与那原町,,,,1,
1736,jp,46,22,,,Japan,Kagoshima,Satsumasatsuma,島尻郡南風原町,,,,19,
1737,jp,46,23,,,Japan,Kagoshima,Shussuinagashima,島尻郡渡嘉敷村,,,,9,
1738,jp,46,24,,,Japan,Kagoshima,Airayuusui,島尻郡座間味村,,,,8,
1739,jp,46,25,,,Japan,Kagoshima,Soodaisaki,島尻郡粟国村,,,,12,
1740,jp,46,26,,,Japan,Kagoshima,Higashikushira,島尻郡渡名喜村,,,,6,
1741,jp,46,27,,,Japan,Kagoshima,Kinkou,島尻郡南大東村,,,,6,
1742,jp,46,28,,,Japan,Kagoshima,Minamioosumi,島尻郡北大東村,,,,6,
1743,jp,46,29,,,Japan,Kagoshima,Kimotsuki,島尻郡伊平屋村,,,,14,
1744,jp,46,30,,,Japan,Kagoshima,Shimukappumura,島尻郡伊是名村,,,,7,
1745,jp,46,31,,,Japan,Kagoshima,Ugomachi,島尻郡久米島町,,,,5,
1746,jp,46,32,,,Japan,Kagoshima,Yakushima,島尻郡八重瀬町,,,,11,
1747,jp,46,33,,,Japan,Kagoshima,Ooshimayamato,宮古郡多良間村,,,,1,
1748,jp,46,34,,,Japan,Kagoshima,Ooshimauken,八重山郡竹富町,,,,2,
1749,jp,46,35,,,Japan,Kagoshima,Ooshimasetouchi,八重山郡与那国町,,,,8,
1750,jp,46,36,,,Japan,Kagoshima,Ooshimatatsugou,,,,,6,
1751,jp,46,37,,,Japan,Kagoshima,Ooshimakikai,,,,,6,
1752,jp,46,38,,,Japan,Kagoshima,Ooshimanoriyukishima,,,,,10,
1753,jp,46,39,,,Japan,Kagoshima,Ooshimaamagi,,,,,5,
1754,jp,46,40,,,Japan,Kagoshima,Higashinarusemura,雄勝郡東成瀬村,,,,6,
1755,jp,46,41,,,Japan,Kagoshima,Izumisakimura,西白河郡泉崎村,,,,6,
1756,jp,46,42,,,Japan,Kagoshima,Ooshimachimei,,,,,5,
1757,jp,46,43,,,Japan,Kagoshima,Ooshimayoron,,,,,5,
1758,jp,47,,,,Japan,Okinawa,,,,,,1484,
1759,jp,47,01,,,Japan,Okinawa,Naha,,,,,313,
1760,jp,47,02,,,Japan,Okinawa,Otoineppumura,中川郡音威子府村,,,,100,
1761,jp,47,03,,,Japan,Okinawa,Ishigaki,,,,,50,
1762,jp,47,04,,,Japan,Okinawa,Urasoe,,,,,115,
1763,jp,47,05,,,Japan,Okinawa,Nago,,,,,65,
1764,jp,47,06,,,Japan,Okinawa,Itoman,,,,,62,
1765,jp,47,07,,,Japan,Okinawa,Okinawa,,,,,142,
1766,jp,47,08,,,Japan,Okinawa,Tomigusuku,,,,,66,
1767,jp,47,09,,,Japan,Okinawa,Uruma,,,,,127,
1768,jp,47,10,,,Japan,Okinawa,Miyakoshima,,,,,56,
1769,jp,47,11,,,Japan,Okinawa,Nakagawamachi,中川郡中川町,,,,47,
1770,jp,47,12,,,Japan,Okinawa,Kunigami,,,,,4,
1771,jp,47,13,,,Japan,Okinawa,Oogimi,,,,,3,
1772,jp,47,14,,,Japan,Okinawa,Higashi,,,,,2,
1773,jp,47,15,,,Japan,Okinawa,Nakijin,,,,,9,
1774,jp,47,16,,,Japan,Okinawa,Honbu,,,,,13,
1775,jp,47,17,,,Japan,Okinawa,Onna,,,,,11,
1776,jp,47,18,,,Japan,Okinawa,Ginoza,,,,,6,
1777,jp,47,19,,,Japan,Okinawa,Kanatake,,,,,11,
1778,jp,47,20,,,Japan,Okinawa,Ie,,,,,4,
1779,jp,47,21,,,Japan,Okinawa,Nakazuyomitan,,,,,42,
1780,jp,47,22,,,Japan,Okinawa,Nakazukadena,,,,,13,
1781,jp,47,23,,,Japan,Okinawa,Nakazukitatani,,,,,29,
1782,jp,47,24,,,Japan,Okinawa,Nakazukitanakagusuku,,,,,18,
1783,jp,47,25,,,Japan,Okinawa,Nakazunakagusuku,,,,,23,
1784,jp,47,26,,,Japan,Okinawa,Nakazunishihara,,,,,36,
1785,jp,47,27,,,Japan,Okinawa,Yonabaru,,,,,20,
1786,jp,47,28,,,Japan,Okinawa,Haebara,,,,,41,
1787,jp,47,29,,,Japan,Okinawa,Horokanaimachi,雨竜郡幌加内町,,,,1,
1788,jp,47,30,,,Japan,Okinawa,Zamami,,,,,1,
1789,jp,47,31,,,Japan,Okinawa,Aguni,,,,,1,
1790,jp,47,32,,,Japan,Okinawa,Tonaki,,,,,0,
1791,jp,47,33,,,Japan,Okinawa,Minamidaitou,,,,,1,
1792,jp,47,34,,,Japan,Okinawa,Kitadaitou,,,,,1,
1793,jp,47,35,,,Japan,Okinawa,Iheya,,,,,1,
1794,jp,47,36,,,Japan,Okinawa,Izena,,,,,1,
1795,jp,47,37,,,Japan,Okinawa,Kumeshima,,,,,7,
1796,jp,47,38,,,Japan,Okinawa,Yaese,,,,,33,
1797,jp,47,39,,,Japan,Okinawa,Miyakotarama,,,,,1,
1798,jp,47,40,,,Japan,Okinawa,Yaeyamataketomi,,,,,4,
1799,jp,47,41,,,Japan,Okinawa,Yaeyamayonakuni,,,,,2,
