a1,a2,a3,a4,a5,a6,"Num","x1","x2","x3","x4","x5","x1Name","x2Name","x3Name","x4Name","x5Name","account","subArea","Population(K)","GNI(M$)"
11002,北海道,,5044825,1,,1,,,,,,,,,,,,,,
11002,北海道,札幌市,1955678,1,1002,2,,,,,,,,,,,,,,
12025,北海道,函館市,236515,1,2025,3,,,,,,,,,,,,,,
12033,北海道,小樽市,104432,1,2033,4,,,,,,,,,,,,,,
12041,北海道,旭川市,316183,1,2041,5,,,,,,,,,,,,,,
12050,北海道,室蘭市,74855,1,2050,6,,,,,,,,,,,,,,
12068,北海道,釧路市,154271,1,2068,7,,,,,,,,,,,,,,
12076,北海道,帯広市,160810,1,2076,8,,,,,,,,,,,,,,
12084,北海道,北見市,110046,1,2084,9,,,,,,,,,,,,,,
12092,北海道,夕張市,6107,1,2092,10,,,,,,,,,,,,,,
12106,北海道,岩見沢市,74204,1,2106,11,,,,,,,,,,,,,,
12114,北海道,網走市,32199,1,2114,12,,,,,,,,,,,,,,
12122,北海道,留萌市,18169,1,2122,13,,,,,,,,,,,,,,
12131,北海道,苫小牧市,165590,1,2131,14,,,,,,,,,,,,,,
12149,北海道,稚内市,30336,1,2149,15,,,,,,,,,,,,,,
12157,北海道,美唄市,18427,1,2157,16,,,,,,,,,,,,,,
12165,北海道,芦別市,11243,1,2165,17,,,,,,,,,,,,,,
12173,北海道,江別市,118055,1,2173,18,,,,,,,,,,,,,,
12181,北海道,赤平市,8464,1,2181,19,,,,,,,,,,,,,,
12190,北海道,紋別市,19760,1,2190,20,,,,,,,,,,,,,,
12203,北海道,士別市,16440,1,2203,21,,,,,,,,,,,,,,
12211,北海道,名寄市,24742,1,2211,22,,,,,,,,,,,,,,
12220,北海道,三笠市,7268,1,2220,23,,,,,,,,,,,,,,
12238,北海道,根室市,22468,1,2238,24,,,,,,,,,,,,,,
12246,北海道,千歳市,97355,1,2246,25,,,,,,,,,,,,,,
12254,北海道,滝川市,36515,1,2254,26,,,,,,,,,,,,,,
12262,北海道,砂川市,15231,1,2262,27,,,,,,,,,,,,,,
12271,北海道,歌志内市,2584,1,2271,28,,,,,,,,,,,,,,
12289,北海道,深川市,18329,1,2289,29,,,,,,,,,,,,,,
12297,北海道,富良野市,19624,1,2297,30,,,,,,,,,,,,,,
12301,北海道,登別市,43615,1,2301,31,,,,,,,,,,,,,,
12319,北海道,恵庭市,70446,1,2319,32,,,,,,,,,,,,,,
12335,北海道,伊達市,31208,1,2335,33,,,,,,,,,,,,,,
12343,北海道,北広島市,56495,1,2343,34,,,,,,,,,,,,,,
12351,北海道,石狩市,57143,1,2351,35,,,,,,,,,,,,,,
12360,北海道,北斗市,42810,1,2360,36,,,,,,,,,,,,,,
13030,北海道,当別町,15113,1,3030,37,,,,,,,,,,,,,,
13048,北海道,新篠津村,2730,1,3048,38,,,,,,,,,,,,,,
13315,北海道,松前町,5818,1,3315,39,,,,,,,,,,,,,,
13323,北海道,福島町,3378,1,3323,40,,,,,,,,,,,,,,
13331,北海道,知内町,3783,1,3331,41,,,,,,,,,,,,,,
13340,北海道,木古内町,3528,1,3340,42,,,,,,,,,,,,,,
13374,北海道,七飯町,27139,1,3374,43,,,,,,,,,,,,,,
13439,北海道,鹿部町,3508,1,3439,44,,,,,,,,,,,,,,
13455,北海道,森町,13582,1,3455,45,,,,,,,,,,,,,,
13463,北海道,八雲町,14514,1,3463,46,,,,,,,,,,,,,,
13471,北海道,長万部町,4696,1,3471,47,,,,,,,,,,,,,,
13617,北海道,江差町,6607,1,3617,48,,,,,,,,,,,,,,
13625,北海道,上ノ国町,4133,1,3625,49,,,,,,,,,,,,,,
13633,北海道,厚沢部町,3269,1,3633,50,,,,,,,,,,,,,,
13641,北海道,乙部町,3107,1,3641,51,,,,,,,,,,,,,,
13676,北海道,奥尻町,2138,1,3676,52,,,,,,,,,,,,,,
13706,北海道,今金町,4444,1,3706,53,,,,,,,,,,,,,,
13714,北海道,せたな町,6730,1,3714,54,,,,,,,,,,,,,,
13919,北海道,島牧村,1246,1,3919,55,,,,,,,,,,,,,,
13927,北海道,寿都町,2629,1,3927,56,,,,,,,,,,,,,,
13935,北海道,黒松内町,2446,1,3935,57,,,,,,,,,,,,,,
13943,北海道,蘭越町,4501,1,3943,58,,,,,,,,,,,,,,
13951,北海道,ニセコ町,5551,1,3951,59,,,,,,,,,,,,,,
13960,北海道,真狩村,1938,1,3960,60,,,,,,,,,,,,,,
13978,北海道,留寿都村,2018,1,3978,61,,,,,,,,,,,,,,
13986,北海道,喜茂別町,1928,1,3986,62,,,,,,,,,,,,,,
13994,北海道,京極町,2776,1,3994,63,,,,,,,,,,,,,,
14001,北海道,倶知安町,17120,1,4001,64,,,,,,,,,,,,,,
14010,北海道,共和町,5364,1,4010,65,,,,,,,,,,,,,,
14028,北海道,岩内町,10913,1,4028,66,,,,,,,,,,,,,,
14036,北海道,泊村,1420,1,4036,67,,,,,,,,,,,,,,
14044,北海道,神恵内村,740,1,4044,68,,,,,,,,,,,,,,
14052,北海道,積丹町,1702,1,4052,69,,,,,,,,,,,,,,
14061,北海道,古平町,2589,1,4061,70,,,,,,,,,,,,,,
14079,北海道,仁木町,3051,1,4079,71,,,,,,,,,,,,,,
14087,北海道,余市町,16954,1,4087,72,,,,,,,,,,,,,,
14095,北海道,赤井川村,1492,1,4095,73,,,,,,,,,,,,,,
14231,北海道,南幌町,7933,1,4231,74,,,,,,,,,,,,,,
14249,北海道,奈井江町,4704,1,4249,75,,,,,,,,,,,,,,
14257,北海道,上砂川町,2360,1,4257,76,,,,,,,,,,,,,,
14273,北海道,由仁町,4527,1,4273,77,,,,,,,,,,,,,,
14281,北海道,長沼町,9937,1,4281,78,,,,,,,,,,,,,,
14290,北海道,栗山町,10653,1,4290,79,,,,,,,,,,,,,,
14303,北海道,月形町,2732,1,4303,80,,,,,,,,,,,,,,
14311,北海道,浦臼町,1577,1,4311,81,,,,,,,,,,,,,,
14320,北海道,新十津川町,6229,1,4320,82,,,,,,,,,,,,,,
14338,北海道,妹背牛町,2565,1,4338,83,,,,,,,,,,,,,,
14346,北海道,秩父別町,2182,1,4346,84,,,,,,,,,,,,,,
14362,北海道,雨竜町,2044,1,4362,85,,,,,,,,,,,,,,
14371,北海道,北竜町,1593,1,4371,86,,,,,,,,,,,,,,
14389,北海道,沼田町,2798,1,4389,87,,,,,,,,,,,,,,
14524,北海道,鷹栖町,6463,1,4524,88,,,,,,,,,,,,,,
14532,北海道,東神楽町,9775,1,4532,89,,,,,,,,,,,,,,
14541,北海道,当麻町,6054,1,4541,90,,,,,,,,,,,,,,
14559,北海道,比布町,3425,1,4559,91,,,,,,,,,,,,,,
14567,北海道,愛別町,2418,1,4567,,,,,,,,,,,,,,,
14575,北海道,上川町,3085,1,4575,,,,,,,,,,,,,,,
14583,北海道,東川町,8673,1,4583,,,,,,,,,,,,,,,
14591,北海道,美瑛町,9283,1,4591,,,,,,,,,,,,,,,
14605,北海道,上富良野町,9706,1,4605,,,,,,,,,,,,,,,
14613,北海道,中富良野町,4486,1,4613,,,,,,,,,,,,,,,
14621,北海道,南富良野町,2236,1,4621,,,,,,,,,,,,,,,
14630,北海道,占冠村,1590,1,4630,,,,,,,,,,,,,,,
14648,北海道,和寒町,2807,1,4648,,,,,,,,,,,,,,,
14656,北海道,剣淵町,2728,1,4656,,,,,,,,,,,,,,,
14681,北海道,下川町,2836,1,4681,,,,,,,,,,,,,,,
14699,北海道,美深町,3681,1,4699,,,,,,,,,,,,,,,
14702,北海道,音威子府村,601,1,4702,,,,,,,,,,,,,,,
14711,北海道,中川町,1269,1,4711,,,,,,,,,,,,,,,
14729,北海道,幌加内町,1222,1,4729,,,,,,,,,,,,,,,
14818,北海道,増毛町,3620,1,4818,,,,,,,,,,,,,,,
14826,北海道,小平町,2664,1,4826,,,,,,,,,,,,,,,
14834,北海道,苫前町,2666,1,4834,,,,,,,,,,,,,,,
14842,北海道,羽幌町,5945,1,4842,,,,,,,,,,,,,,,
14851,北海道,初山別村,1005,1,4851,,,,,,,,,,,,,,,
14869,北海道,遠別町,2258,1,4869,,,,,,,,,,,,,,,
14877,北海道,天塩町,2642,1,4877,,,,,,,,,,,,,,,
15113,北海道,猿払村,2589,1,5113,,,,,,,,,,,,,,,
15121,北海道,浜頓別町,3221,1,5121,,,,,,,,,,,,,,,
15130,北海道,中頓別町,1472,1,5130,,,,,,,,,,,,,,,
15148,北海道,枝幸町,7199,1,5148,,,,,,,,,,,,,,,
15164,北海道,豊富町,3515,1,5164,,,,,,,,,,,,,,,
15172,北海道,礼文町,2183,1,5172,,,,,,,,,,,,,,,
15181,北海道,利尻町,1830,1,5181,,,,,,,,,,,,,,,
15199,北海道,利尻富士町,2151,1,5199,,,,,,,,,,,,,,,
15202,北海道,幌延町,2042,1,5202,,,,,,,,,,,,,,,
15431,北海道,美幌町,17329,1,5431,,,,,,,,,,,,,,,
15440,北海道,津別町,3970,1,5440,,,,,,,,,,,,,,,
15458,北海道,斜里町,10513,1,5458,,,,,,,,,,,,,,,
15466,北海道,清里町,3622,1,5466,,,,,,,,,,,,,,,
15474,北海道,小清水町,4342,1,5474,,,,,,,,,,,,,,,
15491,北海道,訓子府町,4448,1,5491,,,,,,,,,,,,,,,
15504,北海道,置戸町,2543,1,5504,,,,,,,,,,,,,,,
15521,北海道,佐呂間町,4646,1,5521,,,,,,,,,,,,,,,
15555,北海道,遠軽町,17646,1,5555,,,,,,,,,,,,,,,
15598,北海道,湧別町,7901,1,5598,,,,,,,,,,,,,,,
15601,北海道,滝上町,2208,1,5601,,,,,,,,,,,,,,,
15610,北海道,興部町,3495,1,5610,,,,,,,,,,,,,,,
15628,北海道,西興部村,956,1,5628,,,,,,,,,,,,,,,
15636,北海道,雄武町,4033,1,5636,,,,,,,,,,,,,,,
15644,北海道,大空町,6441,1,5644,,,,,,,,,,,,,,,
15717,北海道,豊浦町,3491,1,5717,,,,,,,,,,,,,,,
15750,北海道,壮瞥町,2313,1,5750,,,,,,,,,,,,,,,
15784,北海道,白老町,15095,1,5784,,,,,,,,,,,,,,,
15814,北海道,厚真町,4227,1,5814,,,,,,,,,,,,,,,
15849,北海道,洞爺湖町,7906,1,5849,,,,,,,,,,,,,,,
15857,北海道,安平町,7214,1,5857,,,,,,,,,,,,,,,
15865,北海道,むかわ町,7221,1,5865,,,,,,,,,,,,,,,
16012,北海道,日高町,10904,1,6012,,,,,,,,,,,,,,,
16021,北海道,平取町,4435,1,6021,,,,,,,,,,,,,,,
16047,北海道,新冠町,5011,1,6047,,,,,,,,,,,,,,,
16071,北海道,浦河町,11231,1,6071,,,,,,,,,,,,,,,
16080,北海道,様似町,3777,1,6080,,,,,,,,,,,,,,,
16098,北海道,えりも町,4060,1,6098,,,,,,,,,,,,,,,
16101,北海道,新ひだか町,20229,1,6101,,,,,,,,,,,,,,,
16314,北海道,音更町,42683,1,6314,,,,,,,,,,,,,,,
16322,北海道,士幌町,5690,1,6322,,,,,,,,,,,,,,,
16331,北海道,上士幌町,4758,1,6331,,,,,,,,,,,,,,,
16349,北海道,鹿追町,4928,1,6349,,,,,,,,,,,,,,,
16357,北海道,新得町,5503,1,6357,,,,,,,,,,,,,,,
16365,北海道,清水町,8755,1,6365,,,,,,,,,,,,,,,
16373,北海道,芽室町,17773,1,6373,,,,,,,,,,,,,,,
16381,北海道,中札内村,3823,1,6381,,,,,,,,,,,,,,,
16390,北海道,更別村,3084,1,6390,,,,,,,,,,,,,,,
16411,北海道,大樹町,5266,1,6411,,,,,,,,,,,,,,,
16420,北海道,広尾町,5880,1,6420,,,,,,,,,,,,,,,
16438,北海道,幕別町,25269,1,6438,,,,,,,,,,,,,,,
16446,北海道,池田町,5906,1,6446,,,,,,,,,,,,,,,
16454,北海道,豊頃町,2878,1,6454,,,,,,,,,,,,,,,
16462,北海道,本別町,6046,1,6462,,,,,,,,,,,,,,,
16471,北海道,足寄町,5952,1,6471,,,,,,,,,,,,,,,
16489,北海道,陸別町,2120,1,6489,,,,,,,,,,,,,,,
16497,北海道,浦幌町,4108,1,6497,,,,,,,,,,,,,,,
16616,北海道,釧路町,18380,1,6616,,,,,,,,,,,,,,,
16624,北海道,厚岸町,8195,1,6624,,,,,,,,,,,,,,,
16632,北海道,浜中町,5246,1,6632,,,,,,,,,,,,,,,
16641,北海道,標茶町,6836,1,6641,,,,,,,,,,,,,,,
16659,北海道,弟子屈町,6432,1,6659,,,,,,,,,,,,,,,
16675,北海道,鶴居村,2432,1,6675,,,,,,,,,,,,,,,
16683,北海道,白糠町,7003,1,6683,,,,,,,,,,,,,,,
16918,北海道,別海町,13964,1,6918,,,,,,,,,,,,,,,
16926,北海道,中標津町,22257,1,6926,,,,,,,,,,,,,,,
16934,北海道,標津町,4798,1,6934,,,,,,,,,,,,,,,
16942,北海道,羅臼町,4267,1,6942,,,,,,,,,,,,,,,
16951,北海道,色丹村,0,1,6951,,,,,,,,,,,,,,,
16969,北海道,泊村,0,1,6969,,,,,,,,,,,,,,,
16977,北海道,留夜別村,0,1,6977,,,,,,,,,,,,,,,
16985,北海道,留別村,0,1,6985,,,,,,,,,,,,,,,
16993,北海道,紗那村,0,1,6993,,,,,,,,,,,,,,,
17001,北海道,蘂取村,0,1,7001,,,,,,,,,,,,,,,
22012,青森県,,1185767,2,,,,,,,,,,,,,,,,
22012,青森県,青森市,263512,2,2012,,,,,,,,,,,,,,,
22021,青森県,弘前市,159488,2,2021,,,,,,,,,,,,,,,
22039,青森県,八戸市,215080,2,2039,,,,,,,,,,,,,,,
22047,青森県,黒石市,30428,2,2047,,,,,,,,,,,,,,,
22055,青森県,五所川原市,49811,2,2055,,,,,,,,,,,,,,,
22063,青森県,十和田市,57361,2,2063,,,,,,,,,,,,,,,
22071,青森県,三沢市,37380,2,2071,,,,,,,,,,,,,,,
22080,青森県,むつ市,51606,2,2080,,,,,,,,,,,,,,,
22098,青森県,つがる市,28806,2,2098,,,,,,,,,,,,,,,
22101,青森県,平川市,29353,2,2101,,,,,,,,,,,,,,,
23019,青森県,平内町,9730,2,3019,,,,,,,,,,,,,,,
23035,青森県,今別町,2096,2,3035,,,,,,,,,,,,,,,
23043,青森県,蓬田村,2434,2,3043,,,,,,,,,,,,,,,
23078,青森県,外ヶ浜町,4996,2,3078,,,,,,,,,,,,,,,
23213,青森県,鰺ヶ沢町,8505,2,3213,,,,,,,,,,,,,,,
23230,青森県,深浦町,6803,2,3230,,,,,,,,,,,,,,,
23434,青森県,西目屋村,1210,2,3434,,,,,,,,,,,,,,,
23612,青森県,藤崎町,14300,2,3612,,,,,,,,,,,,,,,
23621,青森県,大鰐町,8231,2,3621,,,,,,,,,,,,,,,
23671,青森県,田舎館村,7239,2,3671,,,,,,,,,,,,,,,
23817,青森県,板柳町,12198,2,3817,,,,,,,,,,,,,,,
23841,青森県,鶴田町,11540,2,3841,,,,,,,,,,,,,,,
23876,青森県,中泊町,9417,2,3876,,,,,,,,,,,,,,,
24015,青森県,野辺地町,11855,2,4015,,,,,,,,,,,,,,,
24023,青森県,七戸町,14014,2,4023,,,,,,,,,,,,,,,
24058,青森県,六戸町,10551,2,4058,,,,,,,,,,,,,,,
24066,青森県,横浜町,4048,2,4066,,,,,,,,,,,,,,,
24082,青森県,東北町,16005,2,4082,,,,,,,,,,,,,,,
24112,青森県,六ヶ所村,9628,2,4112,,,,,,,,,,,,,,,
24121,青森県,おいらせ町,25182,2,4121,,,,,,,,,,,,,,,
24236,青森県,大間町,4649,2,4236,,,,,,,,,,,,,,,
24244,青森県,東通村,5553,2,4244,,,,,,,,,,,,,,,
24252,青森県,風間浦村,1554,2,4252,,,,,,,,,,,,,,,
24261,青森県,佐井村,1628,2,4261,,,,,,,,,,,,,,,
24414,青森県,三戸町,8767,2,4414,,,,,,,,,,,,,,,
24422,青森県,五戸町,15285,2,4422,,,,,,,,,,,,,,,
24431,青森県,田子町,4718,2,4431,,,,,,,,,,,,,,,
24457,青森県,南部町,16185,2,4457,,,,,,,,,,,,,,,
24465,青森県,階上町,12562,2,4465,,,,,,,,,,,,,,,
24503,青森県,新郷村,2059,2,4503,,,,,,,,,,,,,,,
32018,岩手県,,1153900,3,,,,,,,,,,,,,,,,
32018,岩手県,盛岡市,277423,3,2018,,,,,,,,,,,,,,,
32026,岩手県,宮古市,45632,3,2026,,,,,,,,,,,,,,,
32034,岩手県,大船渡市,32059,3,2034,,,,,,,,,,,,,,,
32051,岩手県,花巻市,89867,3,2051,,,,,,,,,,,,,,,
32069,岩手県,北上市,91090,3,2069,,,,,,,,,,,,,,,
32077,岩手県,久慈市,31216,3,2077,,,,,,,,,,,,,,,
32085,岩手県,遠野市,23930,3,2085,,,,,,,,,,,,,,,
32093,岩手県,一関市,105505,3,2093,,,,,,,,,,,,,,,
32107,岩手県,陸前高田市,17226,3,2107,,,,,,,,,,,,,,,
32115,岩手県,釜石市,28934,3,2115,,,,,,,,,,,,,,,
32131,岩手県,二戸市,24157,3,2131,,,,,,,,,,,,,,,
32140,岩手県,八幡平市,23179,3,2140,,,,,,,,,,,,,,,
32158,岩手県,奥州市,107798,3,2158,,,,,,,,,,,,,,,
32166,岩手県,滝沢市,54413,3,2166,,,,,,,,,,,,,,,
33014,岩手県,雫石町,14995,3,3014,,,,,,,,,,,,,,,
33022,岩手県,葛巻町,5293,3,3022,,,,,,,,,,,,,,,
33031,岩手県,岩手町,11542,3,3031,,,,,,,,,,,,,,,
33219,岩手県,紫波町,32684,3,3219,,,,,,,,,,,,,,,
33227,岩手県,矢巾町,26160,3,3227,,,,,,,,,,,,,,,
33669,岩手県,西和賀町,4659,3,3669,,,,,,,,,,,,,,,
33812,岩手県,金ケ崎町,15119,3,3812,,,,,,,,,,,,,,,
34029,岩手県,平泉町,6734,3,4029,,,,,,,,,,,,,,,
34410,岩手県,住田町,4681,3,4410,,,,,,,,,,,,,,,
34614,岩手県,大槌町,10492,3,4614,,,,,,,,,,,,,,,
34827,岩手県,山田町,13854,3,4827,,,,,,,,,,,,,,,
34835,岩手県,岩泉町,7843,3,4835,,,,,,,,,,,,,,,
34843,岩手県,田野畑村,2888,3,4843,,,,,,,,,,,,,,,
34851,岩手県,普代村,2293,3,4851,,,,,,,,,,,,,,,
35017,岩手県,軽米町,7907,3,5017,,,,,,,,,,,,,,,
35033,岩手県,野田村,3901,3,5033,,,,,,,,,,,,,,,
35068,岩手県,九戸村,5084,3,5068,,,,,,,,,,,,,,,
35076,岩手県,洋野町,14739,3,5076,,,,,,,,,,,,,,,
35246,岩手県,一戸町,10603,3,5246,,,,,,,,,,,,,,,
41009,宮城県,,2224980,4,,,,,,,,,,,,,,,,
41009,宮城県,仙台市,1064142,4,1009,,,,,,,,,,,,,,,
42021,宮城県,石巻市,132447,4,2021,,,,,,,,,,,,,,,
42030,宮城県,塩竈市,51726,4,2030,,,,,,,,,,,,,,,
42056,宮城県,気仙沼市,56300,4,2056,,,,,,,,,,,,,,,
42064,宮城県,白石市,30569,4,2064,,,,,,,,,,,,,,,
42072,宮城県,名取市,79792,4,2072,,,,,,,,,,,,,,,
42081,宮城県,角田市,26469,4,2081,,,,,,,,,,,,,,,
42099,宮城県,多賀城市,61628,4,2099,,,,,,,,,,,,,,,
42111,宮城県,岩沼市,43137,4,2111,,,,,,,,,,,,,,,
42129,宮城県,登米市,71919,4,2129,,,,,,,,,,,,,,,
42137,宮城県,栗原市,60518,4,2137,,,,,,,,,,,,,,,
42145,宮城県,東松島市,37875,4,2145,,,,,,,,,,,,,,,
42153,宮城県,大崎市,122035,4,2153,,,,,,,,,,,,,,,
42161,宮城県,富谷市,52452,4,2161,,,,,,,,,,,,,,,
43010,宮城県,蔵王町,10916,4,3010,,,,,,,,,,,,,,,
43028,宮城県,七ヶ宿町,1213,4,3028,,,,,,,,,,,,,,,
43214,宮城県,大河原町,23297,4,3214,,,,,,,,,,,,,,,
43222,宮城県,村田町,9816,4,3222,,,,,,,,,,,,,,,
43231,宮城県,柴田町,36331,4,3231,,,,,,,,,,,,,,,
43249,宮城県,川崎町,7938,4,3249,,,,,,,,,,,,,,,
43419,宮城県,丸森町,11571,4,3419,,,,,,,,,,,,,,,
43613,宮城県,亘理町,32825,4,3613,,,,,,,,,,,,,,,
43621,宮城県,山元町,11427,4,3621,,,,,,,,,,,,,,,
44016,宮城県,松島町,12885,4,4016,,,,,,,,,,,,,,,
44041,宮城県,七ヶ浜町,17553,4,4041,,,,,,,,,,,,,,,
44067,宮城県,利府町,35863,4,4067,,,,,,,,,,,,,,,
44211,宮城県,大和町,27861,4,4211,,,,,,,,,,,,,,,
44229,宮城県,大郷町,7480,4,4229,,,,,,,,,,,,,,,
44245,宮城県,大衡村,5539,4,4245,,,,,,,,,,,,,,,
44440,宮城県,色麻町,6103,4,4440,,,,,,,,,,,,,,,
44458,宮城県,加美町,20970,4,4458,,,,,,,,,,,,,,,
45012,宮城県,涌谷町,14249,4,5012,,,,,,,,,,,,,,,
45055,宮城県,美里町,22826,4,5055,,,,,,,,,,,,,,,
45811,宮城県,女川町,5810,4,5811,,,,,,,,,,,,,,,
46060,宮城県,南三陸町,11498,4,6060,,,,,,,,,,,,,,,
52019,秋田県,,907593,5,,,,,,,,,,,,,,,,
52019,秋田県,秋田市,293729,5,2019,,,,,,,,,,,,,,,
52027,秋田県,能代市,47247,5,2027,,,,,,,,,,,,,,,
52035,秋田県,横手市,80777,5,2035,,,,,,,,,,,,,,,
52043,秋田県,大館市,65492,5,2043,,,,,,,,,,,,,,,
52060,秋田県,男鹿市,23355,5,2060,,,,,,,,,,,,,,,
52078,秋田県,湯沢市,39484,5,2078,,,,,,,,,,,,,,,
52094,秋田県,鹿角市,27069,5,2094,,,,,,,,,,,,,,,
52108,秋田県,由利本荘市,70409,5,2108,,,,,,,,,,,,,,,
52116,秋田県,潟上市,31271,5,2116,,,,,,,,,,,,,,,
52124,秋田県,大仙市,73794,5,2124,,,,,,,,,,,,,,,
52132,秋田県,北秋田市,27834,5,2132,,,,,,,,,,,,,,,
52141,秋田県,にかほ市,22075,5,2141,,,,,,,,,,,,,,,
52159,秋田県,仙北市,22859,5,2159,,,,,,,,,,,,,,,
53031,秋田県,小坂町,4421,5,3031,,,,,,,,,,,,,,,
53279,秋田県,上小阿仁村,1869,5,3279,,,,,,,,,,,,,,,
53465,秋田県,藤里町,2746,5,3465,,,,,,,,,,,,,,,
53481,秋田県,三種町,14170,5,3481,,,,,,,,,,,,,,,
53490,秋田県,八峰町,6086,5,3490,,,,,,,,,,,,,,,
53619,秋田県,五城目町,7814,5,3619,,,,,,,,,,,,,,,
53635,秋田県,八郎潟町,5176,5,3635,,,,,,,,,,,,,,,
53660,秋田県,井川町,4157,5,3660,,,,,,,,,,,,,,,
53686,秋田県,大潟村,2945,5,3686,,,,,,,,,,,,,,,
54348,秋田県,美郷町,17444,5,4348,,,,,,,,,,,,,,,
54631,秋田県,羽後町,13036,5,4631,,,,,,,,,,,,,,,
54640,秋田県,東成瀬村,2334,5,4640,,,,,,,,,,,,,,,
62014,山形県,,1012355,6,,,,,,,,,,,,,,,,
62014,山形県,山形市,236164,6,2014,,,,,,,,,,,,,,,
62022,山形県,米沢市,74629,6,2022,,,,,,,,,,,,,,,
62031,山形県,鶴岡市,116731,6,2031,,,,,,,,,,,,,,,
62049,山形県,酒田市,93924,6,2049,,,,,,,,,,,,,,,
62057,山形県,新庄市,32362,6,2057,,,,,,,,,,,,,,,
62065,山形県,寒河江市,39417,6,2065,,,,,,,,,,,,,,,
62073,山形県,上山市,27584,6,2073,,,,,,,,,,,,,,,
62081,山形県,村山市,21299,6,2081,,,,,,,,,,,,,,,
62090,山形県,長井市,24420,6,2090,,,,,,,,,,,,,,,
62103,山形県,天童市,60204,6,2103,,,,,,,,,,,,,,,
62111,山形県,東根市,47631,6,2111,,,,,,,,,,,,,,,
62120,山形県,尾花沢市,13529,6,2120,,,,,,,,,,,,,,,
62138,山形県,南陽市,29070,6,2138,,,,,,,,,,,,,,,
63011,山形県,山辺町,13344,6,3011,,,,,,,,,,,,,,,
63029,山形県,中山町,10455,6,3029,,,,,,,,,,,,,,,
63215,山形県,河北町,16809,6,3215,,,,,,,,,,,,,,,
63223,山形県,西川町,4536,6,3223,,,,,,,,,,,,,,,
63231,山形県,朝日町,5782,6,3231,,,,,,,,,,,,,,,
63240,山形県,大江町,7062,6,3240,,,,,,,,,,,,,,,
63410,山形県,大石田町,5979,6,3410,,,,,,,,,,,,,,,
63614,山形県,金山町,4691,6,3614,,,,,,,,,,,,,,,
63622,山形県,最上町,7358,6,3622,,,,,,,,,,,,,,,
63631,山形県,舟形町,4662,6,3631,,,,,,,,,,,,,,,
63649,山形県,真室川町,6481,6,3649,,,,,,,,,,,,,,,
63657,山形県,大蔵村,2760,6,3657,,,,,,,,,,,,,,,
63665,山形県,鮭川村,3659,6,3665,,,,,,,,,,,,,,,
63673,山形県,戸沢村,3850,6,3673,,,,,,,,,,,,,,,
63819,山形県,高畠町,21306,6,3819,,,,,,,,,,,,,,,
63827,山形県,川西町,13385,6,3827,,,,,,,,,,,,,,,
64017,山形県,小国町,6537,6,4017,,,,,,,,,,,,,,,
64025,山形県,白鷹町,12222,6,4025,,,,,,,,,,,,,,,
64033,山形県,飯豊町,6203,6,4033,,,,,,,,,,,,,,,
64262,山形県,三川町,7009,6,4262,,,,,,,,,,,,,,,
64289,山形県,庄内町,19144,6,4289,,,,,,,,,,,,,,,
64611,山形県,遊佐町,12157,6,4611,,,,,,,,,,,,,,,
72010,福島県,,1771314,7,,,,,,,,,,,,,,,,
72010,福島県,福島市,264652,7,2010,,,,,,,,,,,,,,,
72028,福島県,会津若松市,110841,7,2028,,,,,,,,,,,,,,,
72036,福島県,郡山市,312433,7,2036,,,,,,,,,,,,,,,
72044,福島県,いわき市,303171,7,2044,,,,,,,,,,,,,,,
72052,福島県,白河市,57085,7,2052,,,,,,,,,,,,,,,
72079,福島県,須賀川市,72918,7,2079,,,,,,,,,,,,,,,
72087,福島県,喜多方市,43519,7,2087,,,,,,,,,,,,,,,
72095,福島県,相馬市,32261,7,2095,,,,,,,,,,,,,,,
72109,福島県,二本松市,50358,7,2109,,,,,,,,,,,,,,,
72117,福島県,田村市,32982,7,2117,,,,,,,,,,,,,,,
72125,福島県,南相馬市,55774,7,2125,,,,,,,,,,,,,,,
72133,福島県,伊達市,55997,7,2133,,,,,,,,,,,,,,,
72141,福島県,本宮市,29712,7,2141,,,,,,,,,,,,,,,
73016,福島県,桑折町,10951,7,3016,,,,,,,,,,,,,,,
73032,福島県,国見町,8095,7,3032,,,,,,,,,,,,,,,
73083,福島県,川俣町,11412,7,3083,,,,,,,,,,,,,,,
73229,福島県,大玉村,8817,7,3229,,,,,,,,,,,,,,,
73423,福島県,鏡石町,12356,7,3423,,,,,,,,,,,,,,,
73440,福島県,天栄村,5171,7,3440,,,,,,,,,,,,,,,
73628,福島県,下郷町,4792,7,3628,,,,,,,,,,,,,,,
73644,福島県,檜枝岐村,484,7,3644,,,,,,,,,,,,,,,
73679,福島県,只見町,3690,7,3679,,,,,,,,,,,,,,,
73687,福島県,南会津町,13349,7,3687,,,,,,,,,,,,,,,
74021,福島県,北塩原村,2394,7,4021,,,,,,,,,,,,,,,
74055,福島県,西会津町,5408,7,4055,,,,,,,,,,,,,,,
74071,福島県,磐梯町,3151,7,4071,,,,,,,,,,,,,,,
74080,福島県,猪苗代町,12552,7,4080,,,,,,,,,,,,,,,
74217,福島県,会津坂下町,14217,7,4217,,,,,,,,,,,,,,,
74225,福島県,湯川村,2980,7,4225,,,,,,,,,,,,,,,
74233,福島県,柳津町,2841,7,4233,,,,,,,,,,,,,,,
74446,福島県,三島町,1327,7,4446,,,,,,,,,,,,,,,
74454,福島県,金山町,1749,7,4454,,,,,,,,,,,,,,,
74462,福島県,昭和村,1085,7,4462,,,,,,,,,,,,,,,
74471,福島県,会津美里町,18117,7,4471,,,,,,,,,,,,,,,
74616,福島県,西郷村,20616,7,4616,,,,,,,,,,,,,,,
74641,福島県,泉崎村,6092,7,4641,,,,,,,,,,,,,,,
74659,福島県,中島村,4732,7,4659,,,,,,,,,,,,,,,
74667,福島県,矢吹町,16807,7,4667,,,,,,,,,,,,,,,
74811,福島県,棚倉町,12789,7,4811,,,,,,,,,,,,,,,
74829,福島県,矢祭町,5145,7,4829,,,,,,,,,,,,,,,
74837,福島県,塙町,7821,7,4837,,,,,,,,,,,,,,,
74845,福島県,鮫川村,2846,7,4845,,,,,,,,,,,,,,,
75019,福島県,石川町,13654,7,5019,,,,,,,,,,,,,,,
75027,福島県,玉川村,6050,7,5027,,,,,,,,,,,,,,,
75035,福島県,平田村,5352,7,5035,,,,,,,,,,,,,,,
75043,福島県,浅川町,5782,7,5043,,,,,,,,,,,,,,,
75051,福島県,古殿町,4517,7,5051,,,,,,,,,,,,,,,
75213,福島県,三春町,16080,7,5213,,,,,,,,,,,,,,,
75221,福島県,小野町,8864,7,5221,,,,,,,,,,,,,,,
75418,福島県,広野町,4531,7,5418,,,,,,,,,,,,,,,
75426,福島県,楢葉町,6409,7,5426,,,,,,,,,,,,,,,
75434,福島県,富岡町,11316,7,5434,,,,,,,,,,,,,,,
75442,福島県,川内村,2233,7,5442,,,,,,,,,,,,,,,
75451,福島県,大熊町,9944,7,5451,,,,,,,,,,,,,,,
75469,福島県,双葉町,5294,7,5469,,,,,,,,,,,,,,,
75477,福島県,浪江町,14632,7,5477,,,,,,,,,,,,,,,
75485,福島県,葛尾村,1216,7,5485,,,,,,,,,,,,,,,
75612,福島県,新地町,7445,7,5612,,,,,,,,,,,,,,,
75647,福島県,飯舘村,4506,7,5647,,,,,,,,,,,,,,,
82015,茨城県,,2848597,8,,,,,,,,,,,,,,,,
82015,茨城県,水戸市,267467,8,2015,,,,,,,,,,,,,,,
82023,茨城県,日立市,163855,8,2023,,,,,,,,,,,,,,,
82031,茨城県,土浦市,141571,8,2031,,,,,,,,,,,,,,,
82040,茨城県,古河市,139812,8,2040,,,,,,,,,,,,,,,
82058,茨城県,石岡市,69937,8,2058,,,,,,,,,,,,,,,
82074,茨城県,結城市,49528,8,2074,,,,,,,,,,,,,,,
82082,茨城県,龍ケ崎市,74917,8,2082,,,,,,,,,,,,,,,
82104,茨城県,下妻市,42071,8,2104,,,,,,,,,,,,,,,
82112,茨城県,常総市,60596,8,2112,,,,,,,,,,,,,,,
82121,茨城県,常陸太田市,46390,8,2121,,,,,,,,,,,,,,,
82147,茨城県,高萩市,25769,8,2147,,,,,,,,,,,,,,,
82155,茨城県,北茨城市,40014,8,2155,,,,,,,,,,,,,,,
82163,茨城県,笠間市,72567,8,2163,,,,,,,,,,,,,,,
82171,茨城県,取手市,105872,8,2171,,,,,,,,,,,,,,,
82198,茨城県,牛久市,83820,8,2198,,,,,,,,,,,,,,,
82201,茨城県,つくば市,259000,8,2201,,,,,,,,,,,,,,,
82210,茨城県,ひたちなか市,154647,8,2210,,,,,,,,,,,,,,,
82228,茨城県,鹿嶋市,65217,8,2228,,,,,,,,,,,,,,,
82236,茨城県,潮来市,26088,8,2236,,,,,,,,,,,,,,,
82244,茨城県,守谷市,70900,8,2244,,,,,,,,,,,,,,,
82252,茨城県,常陸大宮市,37861,8,2252,,,,,,,,,,,,,,,
82261,茨城県,那珂市,53167,8,2261,,,,,,,,,,,,,,,
82279,茨城県,筑西市,99804,8,2279,,,,,,,,,,,,,,,
82287,茨城県,坂東市,52143,8,2287,,,,,,,,,,,,,,,
82295,茨城県,稲敷市,37012,8,2295,,,,,,,,,,,,,,,
82309,茨城県,かすみがうら市,39893,8,2309,,,,,,,,,,,,,,,
82317,茨城県,桜川市,37635,8,2317,,,,,,,,,,,,,,,
82325,茨城県,神栖市,93786,8,2325,,,,,,,,,,,,,,,
82333,茨城県,行方市,31505,8,2333,,,,,,,,,,,,,,,
82341,茨城県,鉾田市,46537,8,2341,,,,,,,,,,,,,,,
82350,茨城県,つくばみらい市,53503,8,2350,,,,,,,,,,,,,,,
82368,茨城県,小美玉市,48482,8,2368,,,,,,,,,,,,,,,
83020,茨城県,茨城町,30523,8,3020,,,,,,,,,,,,,,,
83097,茨城県,大洗町,15461,8,3097,,,,,,,,,,,,,,,
83101,茨城県,城里町,17708,8,3101,,,,,,,,,,,,,,,
83411,茨城県,東海村,38151,8,3411,,,,,,,,,,,,,,,
83640,茨城県,大子町,14516,8,3640,,,,,,,,,,,,,,,
84425,茨城県,美浦村,14156,8,4425,,,,,,,,,,,,,,,
84433,茨城県,阿見町,49643,8,4433,,,,,,,,,,,,,,,
84476,茨城県,河内町,7791,8,4476,,,,,,,,,,,,,,,
85219,茨城県,八千代町,21082,8,5219,,,,,,,,,,,,,,,
85421,茨城県,五霞町,7933,8,5421,,,,,,,,,,,,,,,
85464,茨城県,境町,24769,8,5464,,,,,,,,,,,,,,,
85642,茨城県,利根町,15498,8,5642,,,,,,,,,,,,,,,
92011,栃木県,,1904173,9,,,,,,,,,,,,,,,,
92011,栃木県,宇都宮市,514595,9,2011,,,,,,,,,,,,,,,
92029,栃木県,足利市,140055,9,2029,,,,,,,,,,,,,,,
92037,栃木県,栃木市,153088,9,2037,,,,,,,,,,,,,,,
92045,栃木県,佐野市,112988,9,2045,,,,,,,,,,,,,,,
92053,栃木県,鹿沼市,92895,9,2053,,,,,,,,,,,,,,,
92061,栃木県,日光市,75281,9,2061,,,,,,,,,,,,,,,
92088,栃木県,小山市,166874,9,2088,,,,,,,,,,,,,,,
92096,栃木県,真岡市,78284,9,2096,,,,,,,,,,,,,,,
92100,栃木県,大田原市,68053,9,2100,,,,,,,,,,,,,,,
92118,栃木県,矢板市,30117,9,2118,,,,,,,,,,,,,,,
92134,栃木県,那須塩原市,115611,9,2134,,,,,,,,,,,,,,,
92142,栃木県,さくら市,43760,9,2142,,,,,,,,,,,,,,,
92151,栃木県,那須烏山市,23482,9,2151,,,,,,,,,,,,,,,
92169,栃木県,下野市,59728,9,2169,,,,,,,,,,,,,,,
93017,栃木県,上三川町,30748,9,3017,,,,,,,,,,,,,,,
93424,栃木県,益子町,21360,9,3424,,,,,,,,,,,,,,,
93432,栃木県,茂木町,11408,9,3432,,,,,,,,,,,,,,,
93441,栃木県,市貝町,11073,9,3441,,,,,,,,,,,,,,,
93459,栃木県,芳賀町,15377,9,3459,,,,,,,,,,,,,,,
93611,栃木県,壬生町,38140,9,3611,,,,,,,,,,,,,,,
93645,栃木県,野木町,24869,9,3645,,,,,,,,,,,,,,,
93840,栃木県,塩谷町,9796,9,3840,,,,,,,,,,,,,,,
93866,栃木県,高根沢町,28770,9,3866,,,,,,,,,,,,,,,
94072,栃木県,那須町,23697,9,4072,,,,,,,,,,,,,,,
94111,栃木県,那珂川町,14124,9,4111,,,,,,,,,,,,,,,
102016,群馬県,,1907976,10,,,,,,,,,,,,,,,,
102016,群馬県,前橋市,329120,10,2016,,,,,,,,,,,,,,,
102024,群馬県,高崎市,365972,10,2024,,,,,,,,,,,,,,,
102032,群馬県,桐生市,101185,10,2032,,,,,,,,,,,,,,,
102041,群馬県,伊勢崎市,212084,10,2041,,,,,,,,,,,,,,,
102059,群馬県,太田市,223075,10,2059,,,,,,,,,,,,,,,
102067,群馬県,沼田市,43532,10,2067,,,,,,,,,,,,,,,
102075,群馬県,館林市,73667,10,2075,,,,,,,,,,,,,,,
102083,群馬県,渋川市,72090,10,2083,,,,,,,,,,,,,,,
102091,群馬県,藤岡市,61551,10,2091,,,,,,,,,,,,,,,
102105,群馬県,富岡市,45172,10,2105,,,,,,,,,,,,,,,
102113,群馬県,安中市,53790,10,2113,,,,,,,,,,,,,,,
102121,群馬県,みどり市,48470,10,2121,,,,,,,,,,,,,,,
103446,群馬県,榛東村,14634,10,3446,,,,,,,,,,,,,,,
103454,群馬県,吉岡町,22643,10,3454,,,,,,,,,,,,,,,
103667,群馬県,上野村,1011,10,3667,,,,,,,,,,,,,,,
103675,群馬県,神流町,1511,10,3675,,,,,,,,,,,,,,,
103829,群馬県,下仁田町,6133,10,3829,,,,,,,,,,,,,,,
103837,群馬県,南牧村,1427,10,3837,,,,,,,,,,,,,,,
103845,群馬県,甘楽町,12368,10,3845,,,,,,,,,,,,,,,
104213,群馬県,中之条町,14326,10,4213,,,,,,,,,,,,,,,
104248,群馬県,長野原町,5082,10,4248,,,,,,,,,,,,,,,
104256,群馬県,嬬恋村,9073,10,4256,,,,,,,,,,,,,,,
104264,群馬県,草津町,6055,10,4264,,,,,,,,,,,,,,,
104281,群馬県,高山村,3260,10,4281,,,,,,,,,,,,,,,
104299,群馬県,東吾妻町,12061,10,4299,,,,,,,,,,,,,,,
104434,群馬県,片品村,3928,10,4434,,,,,,,,,,,,,,,
104442,群馬県,川場村,2973,10,4442,,,,,,,,,,,,,,,
104485,群馬県,昭和村,6938,10,4485,,,,,,,,,,,,,,,
104493,群馬県,みなかみ町,16954,10,4493,,,,,,,,,,,,,,,
104647,群馬県,玉村町,35620,10,4647,,,,,,,,,,,,,,,
105210,群馬県,板倉町,13461,10,5210,,,,,,,,,,,,,,,
105228,群馬県,明和町,10751,10,5228,,,,,,,,,,,,,,,
105236,群馬県,千代田町,10848,10,5236,,,,,,,,,,,,,,,
105244,群馬県,大泉町,41653,10,5244,,,,,,,,,,,,,,,
105252,群馬県,邑楽町,25558,10,5252,,,,,,,,,,,,,,,
111007,埼玉県,,7374294,11,,,,,,,,,,,,,,,,
111007,埼玉県,さいたま市,1350500,11,1007,,,,,,,,,,,,,,,
112011,埼玉県,川越市,352805,11,2011,,,,,,,,,,,,,,,
112020,埼玉県,熊谷市,190927,11,2020,,,,,,,,,,,,,,,
112038,埼玉県,川口市,607447,11,2038,,,,,,,,,,,,,,,
112062,埼玉県,行田市,77854,11,2062,,,,,,,,,,,,,,,
112071,埼玉県,秩父市,57212,11,2071,,,,,,,,,,,,,,,
112089,埼玉県,所沢市,342520,11,2089,,,,,,,,,,,,,,,
112097,埼玉県,飯能市,77963,11,2097,,,,,,,,,,,,,,,
112101,埼玉県,加須市,112018,11,2101,,,,,,,,,,,,,,,
112119,埼玉県,本庄市,76783,11,2119,,,,,,,,,,,,,,,
112127,埼玉県,東松山市,91256,11,2127,,,,,,,,,,,,,,,
112143,埼玉県,春日部市,229656,11,2143,,,,,,,,,,,,,,,
112151,埼玉県,狭山市,148221,11,2151,,,,,,,,,,,,,,,
112160,埼玉県,羽生市,53696,11,2160,,,,,,,,,,,,,,,
112178,埼玉県,鴻巣市,117564,11,2178,,,,,,,,,,,,,,,
112186,埼玉県,深谷市,140809,11,2186,,,,,,,,,,,,,,,
112194,埼玉県,上尾市,230066,11,2194,,,,,,,,,,,,,,,
112216,埼玉県,草加市,251992,11,2216,,,,,,,,,,,,,,,
112224,埼玉県,越谷市,342327,11,2224,,,,,,,,,,,,,,,
112232,埼玉県,蕨市,76342,11,2232,,,,,,,,,,,,,,,
112241,埼玉県,戸田市,142070,11,2241,,,,,,,,,,,,,,,
112259,埼玉県,入間市,143412,11,2259,,,,,,,,,,,,,,,
112275,埼玉県,朝霞市,145938,11,2275,,,,,,,,,,,,,,,
112283,埼玉県,志木市,76153,11,2283,,,,,,,,,,,,,,,
112291,埼玉県,和光市,84890,11,2291,,,,,,,,,,,,,,,
112305,埼玉県,新座市,166412,11,2305,,,,,,,,,,,,,,,
112313,埼玉県,桶川市,74172,11,2313,,,,,,,,,,,,,,,
112321,埼玉県,久喜市,150976,11,2321,,,,,,,,,,,,,,,
112330,埼玉県,北本市,65274,11,2330,,,,,,,,,,,,,,,
112348,埼玉県,八潮市,93655,11,2348,,,,,,,,,,,,,,,
112356,埼玉県,富士見市,113404,11,2356,,,,,,,,,,,,,,,
112372,埼玉県,三郷市,142152,11,2372,,,,,,,,,,,,,,,
112381,埼玉県,蓮田市,61111,11,2381,,,,,,,,,,,,,,,
112399,埼玉県,坂戸市,99632,11,2399,,,,,,,,,,,,,,,
112402,埼玉県,幸手市,48801,11,2402,,,,,,,,,,,,,,,
112411,埼玉県,鶴ヶ島市,69836,11,2411,,,,,,,,,,,,,,,
112429,埼玉県,日高市,54192,11,2429,,,,,,,,,,,,,,,
112437,埼玉県,吉川市,72396,11,2437,,,,,,,,,,,,,,,
112453,埼玉県,ふじみ野市,114559,11,2453,,,,,,,,,,,,,,,
112461,埼玉県,白岡市,52404,11,2461,,,,,,,,,,,,,,,
113018,埼玉県,伊奈町,45042,11,3018,,,,,,,,,,,,,,,
113247,埼玉県,三芳町,37377,11,3247,,,,,,,,,,,,,,,
113263,埼玉県,毛呂山町,32043,11,3263,,,,,,,,,,,,,,,
113271,埼玉県,越生町,10757,11,3271,,,,,,,,,,,,,,,
113417,埼玉県,滑川町,19757,11,3417,,,,,,,,,,,,,,,
113425,埼玉県,嵐山町,17328,11,3425,,,,,,,,,,,,,,,
113433,埼玉県,小川町,27448,11,3433,,,,,,,,,,,,,,,
113468,埼玉県,川島町,18671,11,3468,,,,,,,,,,,,,,,
113476,埼玉県,吉見町,17620,11,3476,,,,,,,,,,,,,,,
113484,埼玉県,鳩山町,12782,11,3484,,,,,,,,,,,,,,,
113492,埼玉県,ときがわ町,10220,11,3492,,,,,,,,,,,,,,,
113611,埼玉県,横瀬町,7601,11,3611,,,,,,,,,,,,,,,
113620,埼玉県,皆野町,8878,11,3620,,,,,,,,,,,,,,,
113638,埼玉県,長瀞町,6367,11,3638,,,,,,,,,,,,,,,
113654,埼玉県,小鹿野町,10061,11,3654,,,,,,,,,,,,,,,
113697,埼玉県,東秩父村,2406,11,3697,,,,,,,,,,,,,,,
113816,埼玉県,美里町,10685,11,3816,,,,,,,,,,,,,,,
113832,埼玉県,神川町,12759,11,3832,,,,,,,,,,,,,,,
113859,埼玉県,上里町,30530,11,3859,,,,,,,,,,,,,,,
114081,埼玉県,寄居町,31675,11,4081,,,,,,,,,,,,,,,
114421,埼玉県,宮代町,33471,11,4421,,,,,,,,,,,,,,,
114642,埼玉県,杉戸町,43562,11,4642,,,,,,,,,,,,,,,
114651,埼玉県,松伏町,27857,11,4651,,,,,,,,,,,,,,,
121002,千葉県,,6311579,12,,,,,,,,,,,,,,,,
121002,千葉県,千葉市,983896,12,1002,,,,,,,,,,,,,,,
122025,千葉県,銚子市,53986,12,2025,,,,,,,,,,,,,,,
122033,千葉県,市川市,494720,12,2033,,,,,,,,,,,,,,,
122041,千葉県,船橋市,649393,12,2041,,,,,,,,,,,,,,,
122050,千葉県,館山市,43554,12,2050,,,,,,,,,,,,,,,
122068,千葉県,木更津市,136843,12,2068,,,,,,,,,,,,,,,
122076,千葉県,松戸市,500395,12,2076,,,,,,,,,,,,,,,
122084,千葉県,野田市,153538,12,2084,,,,,,,,,,,,,,,
122106,千葉県,茂原市,85861,12,2106,,,,,,,,,,,,,,,
122114,千葉県,成田市,133099,12,2114,,,,,,,,,,,,,,,
122122,千葉県,佐倉市,169506,12,2122,,,,,,,,,,,,,,,
122131,千葉県,東金市,56524,12,2131,,,,,,,,,,,,,,,
122157,千葉県,旭市,61986,12,2157,,,,,,,,,,,,,,,
122165,千葉県,習志野市,175105,12,2165,,,,,,,,,,,,,,,
122173,千葉県,柏市,437634,12,2173,,,,,,,,,,,,,,,
122181,千葉県,勝浦市,15213,12,2181,,,,,,,,,,,,,,,
122190,千葉県,市原市,266861,12,2190,,,,,,,,,,,,,,,
122203,千葉県,流山市,212562,12,2203,,,,,,,,,,,,,,,
122211,千葉県,八千代市,206692,12,2211,,,,,,,,,,,,,,,
122220,千葉県,我孫子市,131317,12,2220,,,,,,,,,,,,,,,
122238,千葉県,鴨川市,30209,12,2238,,,,,,,,,,,,,,,
122246,千葉県,鎌ケ谷市,109757,12,2246,,,,,,,,,,,,,,,
122254,千葉県,君津市,79520,12,2254,,,,,,,,,,,,,,,
122262,千葉県,富津市,40427,12,2262,,,,,,,,,,,,,,,
122271,千葉県,浦安市,171322,12,2271,,,,,,,,,,,,,,,
122289,千葉県,四街道市,96424,12,2289,,,,,,,,,,,,,,,
122297,千葉県,袖ケ浦市,66091,12,2297,,,,,,,,,,,,,,,
122301,千葉県,八街市,66631,12,2301,,,,,,,,,,,,,,,
122319,千葉県,印西市,111731,12,2319,,,,,,,,,,,,,,,
122327,千葉県,白井市,62218,12,2327,,,,,,,,,,,,,,,
122335,千葉県,富里市,49999,12,2335,,,,,,,,,,,,,,,
122343,千葉県,南房総市,34066,12,2343,,,,,,,,,,,,,,,
122351,千葉県,匝瑳市,33294,12,2351,,,,,,,,,,,,,,,
122360,千葉県,香取市,69575,12,2360,,,,,,,,,,,,,,,
122378,千葉県,山武市,47745,12,2378,,,,,,,,,,,,,,,
122386,千葉県,いすみ市,34705,12,2386,,,,,,,,,,,,,,,
122394,千葉県,大網白里市,47660,12,2394,,,,,,,,,,,,,,,
123226,千葉県,酒々井町,20095,12,3226,,,,,,,,,,,,,,,
123293,千葉県,栄町,19624,12,3293,,,,,,,,,,,,,,,
123421,千葉県,神崎町,5634,12,3421,,,,,,,,,,,,,,,
123471,千葉県,多古町,13426,12,3471,,,,,,,,,,,,,,,
123498,千葉県,東庄町,12607,12,3498,,,,,,,,,,,,,,,
124036,千葉県,九十九里町,14004,12,4036,,,,,,,,,,,,,,,
124095,千葉県,芝山町,6644,12,4095,,,,,,,,,,,,,,,
124109,千葉県,横芝光町,22095,12,4109,,,,,,,,,,,,,,,
124214,千葉県,一宮町,12294,12,4214,,,,,,,,,,,,,,,
124222,千葉県,睦沢町,6549,12,4222,,,,,,,,,,,,,,,
124231,千葉県,長生村,13269,12,4231,,,,,,,,,,,,,,,
124249,千葉県,白子町,10376,12,4249,,,,,,,,,,,,,,,
124265,千葉県,長柄町,6233,12,4265,,,,,,,,,,,,,,,
124273,千葉県,長南町,7074,12,4273,,,,,,,,,,,,,,,
124419,千葉県,大多喜町,8005,12,4419,,,,,,,,,,,,,,,
124435,千葉県,御宿町,6912,12,4435,,,,,,,,,,,,,,,
124630,千葉県,鋸南町,6679,12,4630,,,,,,,,,,,,,,,
131016,東京都,,14002534,13,,,,,,,,,,,,,,,,
131016,東京都,千代田区,68835,13,1016,,,,,,,,,,,,,,,
131024,東京都,中央区,187404,13,1024,,,,,,,,,,,,,,,
131032,東京都,港区,267780,13,1032,,,,,,,,,,,,,,,
131041,東京都,新宿区,352717,13,1041,,,,,,,,,,,,,,,
131059,東京都,文京区,235345,13,1059,,,,,,,,,,,,,,,
131067,東京都,台東区,216084,13,1067,,,,,,,,,,,,,,,
131075,東京都,墨田区,287302,13,1075,,,,,,,,,,,,,,,
131083,東京都,江東区,541685,13,1083,,,,,,,,,,,,,,,
131091,東京都,品川区,412786,13,1091,,,,,,,,,,,,,,,
131105,東京都,目黒区,281400,13,1105,,,,,,,,,,,,,,,
131113,東京都,大田区,740519,13,1113,,,,,,,,,,,,,,,
131121,東京都,世田谷区,923210,13,1121,,,,,,,,,,,,,,,
131130,東京都,渋谷区,231402,13,1130,,,,,,,,,,,,,,,
131148,東京都,中野区,341322,13,1148,,,,,,,,,,,,,,,
131156,東京都,杉並区,577147,13,1156,,,,,,,,,,,,,,,
131164,東京都,豊島区,294644,13,1164,,,,,,,,,,,,,,,
131172,東京都,北区,362089,13,1172,,,,,,,,,,,,,,,
131181,東京都,荒川区,222278,13,1181,,,,,,,,,,,,,,,
131199,東京都,板橋区,578914,13,1199,,,,,,,,,,,,,,,
131202,東京都,練馬区,745927,13,1202,,,,,,,,,,,,,,,
131211,東京都,足立区,698276,13,1211,,,,,,,,,,,,,,,
131229,東京都,葛飾区,469916,13,1229,,,,,,,,,,,,,,,
131237,東京都,江戸川区,693570,13,1237,,,,,,,,,,,,,,,
132012,東京都,八王子市,559083,13,2012,,,,,,,,,,,,,,,
132021,東京都,立川市,186257,13,2021,,,,,,,,,,,,,,,
132039,東京都,武蔵野市,148034,13,2039,,,,,,,,,,,,,,,
132047,東京都,三鷹市,190497,13,2047,,,,,,,,,,,,,,,
132055,東京都,青梅市,129105,13,2055,,,,,,,,,,,,,,,
132063,東京都,府中市,260998,13,2063,,,,,,,,,,,,,,,
132071,東京都,昭島市,115632,13,2071,,,,,,,,,,,,,,,
132080,東京都,調布市,239348,13,2080,,,,,,,,,,,,,,,
132098,東京都,町田市,430170,13,2098,,,,,,,,,,,,,,,
132101,東京都,小金井市,125174,13,2101,,,,,,,,,,,,,,,
132110,東京都,小平市,196799,13,2110,,,,,,,,,,,,,,,
132128,東京都,日野市,188477,13,2128,,,,,,,,,,,,,,,
132136,東京都,東村山市,151795,13,2136,,,,,,,,,,,,,,,
132144,東京都,国分寺市,129500,13,2144,,,,,,,,,,,,,,,
132152,東京都,国立市,76079,13,2152,,,,,,,,,,,,,,,
132187,東京都,福生市,56582,13,2187,,,,,,,,,,,,,,,
132195,東京都,狛江市,82048,13,2195,,,,,,,,,,,,,,,
132209,東京都,東大和市,84996,13,2209,,,,,,,,,,,,,,,
132217,東京都,清瀬市,75011,13,2217,,,,,,,,,,,,,,,
132225,東京都,東久留米市,116325,13,2225,,,,,,,,,,,,,,,
132233,東京都,武蔵村山市,70696,13,2233,,,,,,,,,,,,,,,
132241,東京都,多摩市,148084,13,2241,,,,,,,,,,,,,,,
132250,東京都,稲城市,93916,13,2250,,,,,,,,,,,,,,,
132276,東京都,羽村市,54126,13,2276,,,,,,,,,,,,,,,
132284,東京都,あきる野市,79244,13,2284,,,,,,,,,,,,,,,
132292,東京都,西東京市,206245,13,2292,,,,,,,,,,,,,,,
133035,東京都,瑞穂町,32013,13,3035,,,,,,,,,,,,,,,
133051,東京都,日の出町,16061,13,3051,,,,,,,,,,,,,,,
133078,東京都,檜原村,1923,13,3078,,,,,,,,,,,,,,,
133086,東京都,奥多摩町,4492,13,3086,,,,,,,,,,,,,,,
133612,東京都,大島町,6813,13,3612,,,,,,,,,,,,,,,
133621,東京都,利島村,300,13,3621,,,,,,,,,,,,,,,
133639,東京都,新島村,2415,13,3639,,,,,,,,,,,,,,,
133647,東京都,神津島村,1737,13,3647,,,,,,,,,,,,,,,
133817,東京都,三宅村,2211,13,3817,,,,,,,,,,,,,,,
133825,東京都,御蔵島村,302,13,3825,,,,,,,,,,,,,,,
134015,東京都,八丈町,6838,13,4015,,,,,,,,,,,,,,,
134023,東京都,青ヶ島村,160,13,4023,,,,,,,,,,,,,,,
134210,東京都,小笠原村,2496,13,4210,,,,,,,,,,,,,,,
141003,神奈川県,,9202559,14,,,,,,,,,,,,,,,,
141003,神奈川県,横浜市,3753398,14,1003,,,,,,,,,,,,,,,
141305,神奈川県,川崎市,1535141,14,1305,,,,,,,,,,,,,,,
141500,神奈川県,相模原市,716494,14,1500,,,,,,,,,,,,,,,
142018,神奈川県,横須賀市,379041,14,2018,,,,,,,,,,,,,,,
142034,神奈川県,平塚市,256549,14,2034,,,,,,,,,,,,,,,
142042,神奈川県,鎌倉市,174535,14,2042,,,,,,,,,,,,,,,
142051,神奈川県,藤沢市,445041,14,2051,,,,,,,,,,,,,,,
142069,神奈川県,小田原市,186464,14,2069,,,,,,,,,,,,,,,
142077,神奈川県,茅ヶ崎市,247345,14,2077,,,,,,,,,,,,,,,
142085,神奈川県,逗子市,57827,14,2085,,,,,,,,,,,,,,,
142107,神奈川県,三浦市,39842,14,2107,,,,,,,,,,,,,,,
142115,神奈川県,秦野市,158573,14,2115,,,,,,,,,,,,,,,
142123,神奈川県,厚木市,223424,14,2123,,,,,,,,,,,,,,,
142131,神奈川県,大和市,245750,14,2131,,,,,,,,,,,,,,,
142140,神奈川県,伊勢原市,99816,14,2140,,,,,,,,,,,,,,,
142158,神奈川県,海老名市,140763,14,2158,,,,,,,,,,,,,,,
142166,神奈川県,座間市,131219,14,2166,,,,,,,,,,,,,,,
142174,神奈川県,南足柄市,40164,14,2174,,,,,,,,,,,,,,,
142182,神奈川県,綾瀬市,83952,14,2182,,,,,,,,,,,,,,,
143014,神奈川県,葉山町,31813,14,3014,,,,,,,,,,,,,,,
143219,神奈川県,寒川町,48997,14,3219,,,,,,,,,,,,,,,
143413,神奈川県,大磯町,31757,14,3413,,,,,,,,,,,,,,,
143421,神奈川県,二宮町,27415,14,3421,,,,,,,,,,,,,,,
143618,神奈川県,中井町,8901,14,3618,,,,,,,,,,,,,,,
143626,神奈川県,大井町,17426,14,3626,,,,,,,,,,,,,,,
143634,神奈川県,松田町,10419,14,3634,,,,,,,,,,,,,,,
143642,神奈川県,山北町,9263,14,3642,,,,,,,,,,,,,,,
143669,神奈川県,開成町,18566,14,3669,,,,,,,,,,,,,,,
143821,神奈川県,箱根町,10835,14,3821,,,,,,,,,,,,,,,
143839,神奈川県,真鶴町,6553,14,3839,,,,,,,,,,,,,,,
143847,神奈川県,湯河原町,23183,14,3847,,,,,,,,,,,,,,,
144011,神奈川県,愛川町,39377,14,4011,,,,,,,,,,,,,,,
144029,神奈川県,清川村,2716,14,4029,,,,,,,,,,,,,,,
151009,新潟県,,2110754,15,,,,,,,,,,,,,,,,
151009,新潟県,新潟市,761503,15,1009,,,,,,,,,,,,,,,
152021,新潟県,長岡市,255261,15,2021,,,,,,,,,,,,,,,
152048,新潟県,三条市,91178,15,2048,,,,,,,,,,,,,,,
152056,新潟県,柏崎市,76217,15,2056,,,,,,,,,,,,,,,
152064,新潟県,新発田市,91677,15,2064,,,,,,,,,,,,,,,
152081,新潟県,小千谷市,32602,15,2081,,,,,,,,,,,,,,,
152099,新潟県,加茂市,24079,15,2099,,,,,,,,,,,,,,,
152102,新潟県,十日町市,47124,15,2102,,,,,,,,,,,,,,,
152111,新潟県,見附市,38061,15,2111,,,,,,,,,,,,,,,
152129,新潟県,村上市,53492,15,2129,,,,,,,,,,,,,,,
152137,新潟県,燕市,75935,15,2137,,,,,,,,,,,,,,,
152161,新潟県,糸魚川市,38041,15,2161,,,,,,,,,,,,,,,
152170,新潟県,妙高市,29514,15,2170,,,,,,,,,,,,,,,
152188,新潟県,五泉市,45690,15,2188,,,,,,,,,,,,,,,
152226,新潟県,上越市,180440,15,2226,,,,,,,,,,,,,,,
152234,新潟県,阿賀野市,39165,15,2234,,,,,,,,,,,,,,,
152242,新潟県,佐渡市,48103,15,2242,,,,,,,,,,,,,,,
152251,新潟県,魚沼市,32522,15,2251,,,,,,,,,,,,,,,
152269,新潟県,南魚沼市,52376,15,2269,,,,,,,,,,,,,,,
152277,新潟県,胎内市,26791,15,2277,,,,,,,,,,,,,,,
153079,新潟県,聖籠町,13986,15,3079,,,,,,,,,,,,,,,
153427,新潟県,弥彦村,7534,15,3427,,,,,,,,,,,,,,,
153613,新潟県,田上町,10581,15,3613,,,,,,,,,,,,,,,
153851,新潟県,阿賀町,9047,15,3851,,,,,,,,,,,,,,,
154059,新潟県,出雲崎町,3886,15,4059,,,,,,,,,,,,,,,
154610,新潟県,湯沢町,8268,15,4610,,,,,,,,,,,,,,,
154822,新潟県,津南町,8456,15,4822,,,,,,,,,,,,,,,
155047,新潟県,刈羽村,4222,15,5047,,,,,,,,,,,,,,,
155811,新潟県,関川村,4691,15,5811,,,,,,,,,,,,,,,
155861,新潟県,粟島浦村,312,15,5861,,,,,,,,,,,,,,,
162019,富山県,,1008536,16,,,,,,,,,,,,,,,,
162019,富山県,富山市,403757,16,2019,,,,,,,,,,,,,,,
162027,富山県,高岡市,162672,16,2027,,,,,,,,,,,,,,,
162043,富山県,魚津市,38617,16,2043,,,,,,,,,,,,,,,
162051,富山県,氷見市,42167,16,2051,,,,,,,,,,,,,,,
162060,富山県,滑川市,32489,16,2060,,,,,,,,,,,,,,,
162078,富山県,黒部市,39155,16,2078,,,,,,,,,,,,,,,
162086,富山県,砺波市,46674,16,2086,,,,,,,,,,,,,,,
162094,富山県,小矢部市,27857,16,2094,,,,,,,,,,,,,,,
162108,富山県,南砺市,46071,16,2108,,,,,,,,,,,,,,,
162116,富山県,射水市,90184,16,2116,,,,,,,,,,,,,,,
163210,富山県,舟橋村,3313,16,3210,,,,,,,,,,,,,,,
163228,富山県,上市町,18657,16,3228,,,,,,,,,,,,,,,
163236,富山県,立山町,24294,16,3236,,,,,,,,,,,,,,,
163422,富山県,入善町,22256,16,3422,,,,,,,,,,,,,,,
163431,富山県,朝日町,10373,16,3431,,,,,,,,,,,,,,,
172014,石川県,,1098121,17,,,,,,,,,,,,,,,,
172014,石川県,金沢市,443123,17,2014,,,,,,,,,,,,,,,
172022,石川県,七尾市,46500,17,2022,,,,,,,,,,,,,,,
172031,石川県,小松市,105475,17,2031,,,,,,,,,,,,,,,
172049,石川県,輪島市,20928,17,2049,,,,,,,,,,,,,,,
172057,石川県,珠洲市,11374,17,2057,,,,,,,,,,,,,,,
172065,石川県,加賀市,61703,17,2065,,,,,,,,,,,,,,,
172073,石川県,羽咋市,19585,17,2073,,,,,,,,,,,,,,,
172090,石川県,かほく市,36200,17,2090,,,,,,,,,,,,,,,
172103,石川県,白山市,112524,17,2103,,,,,,,,,,,,,,,
172111,石川県,能美市,49704,17,2111,,,,,,,,,,,,,,,
172120,石川県,野々市市,54583,17,2120,,,,,,,,,,,,,,,
173240,石川県,川北町,6041,17,3240,,,,,,,,,,,,,,,
173614,石川県,津幡町,37521,17,3614,,,,,,,,,,,,,,,
173657,石川県,内灘町,25662,17,3657,,,,,,,,,,,,,,,
173843,石川県,志賀町,17609,17,3843,,,,,,,,,,,,,,,
173860,石川県,宝達志水町,11822,17,3860,,,,,,,,,,,,,,,
174076,石川県,中能登町,16529,17,4076,,,,,,,,,,,,,,,
174611,石川県,穴水町,6907,17,4611,,,,,,,,,,,,,,,
174637,石川県,能登町,14331,17,4637,,,,,,,,,,,,,,,
182010,福井県,,746690,18,,,,,,,,,,,,,,,,
182010,福井県,福井市,254029,18,2010,,,,,,,,,,,,,,,
182028,福井県,敦賀市,62382,18,2028,,,,,,,,,,,,,,,
182044,福井県,小浜市,27644,18,2044,,,,,,,,,,,,,,,
182052,福井県,大野市,29821,18,2052,,,,,,,,,,,,,,,
182061,福井県,勝山市,21056,18,2061,,,,,,,,,,,,,,,
182079,福井県,鯖江市,68302,18,2079,,,,,,,,,,,,,,,
182087,福井県,あわら市,26306,18,2087,,,,,,,,,,,,,,,
182095,福井県,越前市,80418,18,2095,,,,,,,,,,,,,,,
182109,福井県,坂井市,88430,18,2109,,,,,,,,,,,,,,,
183229,福井県,永平寺町,17644,18,3229,,,,,,,,,,,,,,,
183822,福井県,池田町,2186,18,3822,,,,,,,,,,,,,,,
184047,福井県,南越前町,9448,18,4047,,,,,,,,,,,,,,,
184233,福井県,越前町,19769,18,4233,,,,,,,,,,,,,,,
184420,福井県,美浜町,8676,18,4420,,,,,,,,,,,,,,,
184811,福井県,高浜町,9544,18,4811,,,,,,,,,,,,,,,
184837,福井県,おおい町,7681,18,4837,,,,,,,,,,,,,,,
185019,福井県,若狭町,13354,18,5019,,,,,,,,,,,,,,,
192015,山梨県,,801056,19,,,,,,,,,,,,,,,,
192015,山梨県,甲府市,183850,19,2015,,,,,,,,,,,,,,,
192023,山梨県,富士吉田市,46364,19,2023,,,,,,,,,,,,,,,
192040,山梨県,都留市,28509,19,2040,,,,,,,,,,,,,,,
192058,山梨県,山梨市,32710,19,2058,,,,,,,,,,,,,,,
192066,山梨県,大月市,21314,19,2066,,,,,,,,,,,,,,,
192074,山梨県,韮崎市,27798,19,2074,,,,,,,,,,,,,,,
192082,山梨県,南アルプス市,71726,19,2082,,,,,,,,,,,,,,,
192091,山梨県,北杜市,45380,19,2091,,,,,,,,,,,,,,,
192104,山梨県,甲斐市,76370,19,2104,,,,,,,,,,,,,,,
192112,山梨県,笛吹市,66857,19,2112,,,,,,,,,,,,,,,
192121,山梨県,上野原市,21208,19,2121,,,,,,,,,,,,,,,
192139,山梨県,甲州市,29079,19,2139,,,,,,,,,,,,,,,
192147,山梨県,中央市,30597,19,2147,,,,,,,,,,,,,,,
193461,山梨県,市川三郷町,14434,19,3461,,,,,,,,,,,,,,,
193640,山梨県,早川町,859,19,3640,,,,,,,,,,,,,,,
193658,山梨県,身延町,9677,19,3658,,,,,,,,,,,,,,,
193666,山梨県,南部町,6765,19,3666,,,,,,,,,,,,,,,
193682,山梨県,富士川町,13926,19,3682,,,,,,,,,,,,,,,
193844,山梨県,昭和町,21387,19,3844,,,,,,,,,,,,,,,
194221,山梨県,道志村,1509,19,4221,,,,,,,,,,,,,,,
194239,山梨県,西桂町,3888,19,4239,,,,,,,,,,,,,,,
194247,山梨県,忍野村,9737,19,4247,,,,,,,,,,,,,,,
194255,山梨県,山中湖村,5822,19,4255,,,,,,,,,,,,,,,
194298,山梨県,鳴沢村,3058,19,4298,,,,,,,,,,,,,,,
194301,山梨県,富士河口湖町,27115,19,4301,,,,,,,,,,,,,,,
194425,山梨県,小菅村,616,19,4425,,,,,,,,,,,,,,,
194433,山梨県,丹波山村,501,19,4433,,,,,,,,,,,,,,,
202011,長野県,,2012399,20,,,,,,,,,,,,,,,,
202011,長野県,長野市,362609,20,2011,,,,,,,,,,,,,,,
202029,長野県,松本市,234111,20,2029,,,,,,,,,,,,,,,
202037,長野県,上田市,151540,20,2037,,,,,,,,,,,,,,,
202045,長野県,岡谷市,46469,20,2045,,,,,,,,,,,,,,,
202053,長野県,飯田市,94944,20,2053,,,,,,,,,,,,,,,
202061,長野県,諏訪市,47559,20,2061,,,,,,,,,,,,,,,
202070,長野県,須坂市,49149,20,2070,,,,,,,,,,,,,,,
202088,長野県,小諸市,41248,20,2088,,,,,,,,,,,,,,,
202096,長野県,伊那市,64901,20,2096,,,,,,,,,,,,,,,
202100,長野県,駒ヶ根市,31325,20,2100,,,,,,,,,,,,,,,
202118,長野県,中野市,42162,20,2118,,,,,,,,,,,,,,,
202126,長野県,大町市,25301,20,2126,,,,,,,,,,,,,,,
202134,長野県,飯山市,18812,20,2134,,,,,,,,,,,,,,,
202142,長野県,茅野市,54066,20,2142,,,,,,,,,,,,,,,
202151,長野県,塩尻市,65205,20,2151,,,,,,,,,,,,,,,
202177,長野県,佐久市,97380,20,2177,,,,,,,,,,,,,,,
202185,長野県,千曲市,58845,20,2185,,,,,,,,,,,,,,,
202193,長野県,東御市,28958,20,2193,,,,,,,,,,,,,,,
202207,長野県,安曇野市,95868,20,2207,,,,,,,,,,,,,,,
203033,長野県,小海町,4196,20,3033,,,,,,,,,,,,,,,
203041,長野県,川上村,3631,20,3041,,,,,,,,,,,,,,,
203050,長野県,南牧村,2977,20,3050,,,,,,,,,,,,,,,
203068,長野県,南相木村,926,20,3068,,,,,,,,,,,,,,,
203076,長野県,北相木村,647,20,3076,,,,,,,,,,,,,,,
203092,長野県,佐久穂町,10179,20,3092,,,,,,,,,,,,,,,
203211,長野県,軽井沢町,21752,20,3211,,,,,,,,,,,,,,,
203238,長野県,御代田町,16770,20,3238,,,,,,,,,,,,,,,
203246,長野県,立科町,6674,20,3246,,,,,,,,,,,,,,,
203491,長野県,青木村,4086,20,3491,,,,,,,,,,,,,,,
203505,長野県,長和町,5514,20,3505,,,,,,,,,,,,,,,
203611,長野県,下諏訪町,18470,20,3611,,,,,,,,,,,,,,,
203629,長野県,富士見町,14107,20,3629,,,,,,,,,,,,,,,
203637,長野県,原村,8090,20,3637,,,,,,,,,,,,,,,
203823,長野県,辰野町,18009,20,3823,,,,,,,,,,,,,,,
203831,長野県,箕輪町,24387,20,3831,,,,,,,,,,,,,,,
203840,長野県,飯島町,8863,20,3840,,,,,,,,,,,,,,,
203858,長野県,南箕輪村,16051,20,3858,,,,,,,,,,,,,,,
203866,長野県,中川村,4620,20,3866,,,,,,,,,,,,,,,
203882,長野県,宮田村,8743,20,3882,,,,,,,,,,,,,,,
204021,長野県,松川町,12445,20,4021,,,,,,,,,,,,,,,
204030,長野県,高森町,12606,20,4030,,,,,,,,,,,,,,,
204048,長野県,阿南町,3931,20,4048,,,,,,,,,,,,,,,
204072,長野県,阿智村,5941,20,4072,,,,,,,,,,,,,,,
204099,長野県,平谷村,377,20,4099,,,,,,,,,,,,,,,
204102,長野県,根羽村,806,20,4102,,,,,,,,,,,,,,,
204111,長野県,下條村,3421,20,4111,,,,,,,,,,,,,,,
204129,長野県,売木村,472,20,4129,,,,,,,,,,,,,,,
204137,長野県,天龍村,1028,20,4137,,,,,,,,,,,,,,,
204145,長野県,泰阜村,1426,20,4145,,,,,,,,,,,,,,,
204153,長野県,喬木村,5888,20,4153,,,,,,,,,,,,,,,
204161,長野県,豊丘村,6501,20,4161,,,,,,,,,,,,,,,
204170,長野県,大鹿村,868,20,4170,,,,,,,,,,,,,,,
204226,長野県,上松町,3930,20,4226,,,,,,,,,,,,,,,
204234,長野県,南木曽町,3674,20,4234,,,,,,,,,,,,,,,
204251,長野県,木祖村,2516,20,4251,,,,,,,,,,,,,,,
204293,長野県,王滝村,640,20,4293,,,,,,,,,,,,,,,
204307,長野県,大桑村,3206,20,4307,,,,,,,,,,,,,,,
204323,長野県,木曽町,9817,20,4323,,,,,,,,,,,,,,,
204463,長野県,麻績村,2412,20,4463,,,,,,,,,,,,,,,
204480,長野県,生坂村,1615,20,4480,,,,,,,,,,,,,,,
204501,長野県,山形村,8486,20,4501,,,,,,,,,,,,,,,
204510,長野県,朝日村,4263,20,4510,,,,,,,,,,,,,,,
204528,長野県,筑北村,3976,20,4528,,,,,,,,,,,,,,,
204811,長野県,池田町,9114,20,4811,,,,,,,,,,,,,,,
204820,長野県,松川村,9648,20,4820,,,,,,,,,,,,,,,
204854,長野県,白馬村,9525,20,4854,,,,,,,,,,,,,,,
204862,長野県,小谷村,2811,20,4862,,,,,,,,,,,,,,,
205214,長野県,坂城町,13872,20,5214,,,,,,,,,,,,,,,
205419,長野県,小布施町,10987,20,5419,,,,,,,,,,,,,,,
205435,長野県,高山村,6413,20,5435,,,,,,,,,,,,,,,
205613,長野県,山ノ内町,11229,20,5613,,,,,,,,,,,,,,,
205621,長野県,木島平村,4237,20,5621,,,,,,,,,,,,,,,
205630,長野県,野沢温泉村,3582,20,5630,,,,,,,,,,,,,,,
205834,長野県,信濃町,7560,20,5834,,,,,,,,,,,,,,,
205885,長野県,小川村,2198,20,5885,,,,,,,,,,,,,,,
205907,長野県,飯綱町,10274,20,5907,,,,,,,,,,,,,,,
206024,長野県,栄村,1560,20,6024,,,,,,,,,,,,,,,
212016,岐阜県,,1951292,21,,,,,,,,,,,,,,,,
212016,岐阜県,岐阜市,399127,21,2016,,,,,,,,,,,,,,,
212024,岐阜県,大垣市,156912,21,2024,,,,,,,,,,,,,,,
212032,岐阜県,高山市,82486,21,2032,,,,,,,,,,,,,,,
212041,岐阜県,多治見市,105048,21,2041,,,,,,,,,,,,,,,
212059,岐阜県,関市,83930,21,2059,,,,,,,,,,,,,,,
212067,岐阜県,中津川市,73535,21,2067,,,,,,,,,,,,,,,
212075,岐阜県,美濃市,18991,21,2075,,,,,,,,,,,,,,,
212083,岐阜県,瑞浪市,35279,21,2083,,,,,,,,,,,,,,,
212091,岐阜県,羽島市,66517,21,2091,,,,,,,,,,,,,,,
212105,岐阜県,恵那市,46054,21,2105,,,,,,,,,,,,,,,
212113,岐阜県,美濃加茂市,57595,21,2113,,,,,,,,,,,,,,,
212121,岐阜県,土岐市,54243,21,2121,,,,,,,,,,,,,,,
212130,岐阜県,各務原市,144195,21,2130,,,,,,,,,,,,,,,
212148,岐阜県,可児市,99779,21,2148,,,,,,,,,,,,,,,
212156,岐阜県,山県市,24767,21,2156,,,,,,,,,,,,,,,
212164,岐阜県,瑞穂市,56343,21,2164,,,,,,,,,,,,,,,
212172,岐阜県,飛騨市,21674,21,2172,,,,,,,,,,,,,,,
212181,岐阜県,本巣市,32885,21,2181,,,,,,,,,,,,,,,
212199,岐阜県,郡上市,37728,21,2199,,,,,,,,,,,,,,,
212202,岐阜県,下呂市,28915,21,2202,,,,,,,,,,,,,,,
212211,岐阜県,海津市,31505,21,2211,,,,,,,,,,,,,,,
213021,岐阜県,岐南町,26366,21,3021,,,,,,,,,,,,,,,
213039,岐阜県,笠松町,21829,21,3039,,,,,,,,,,,,,,,
213411,岐阜県,養老町,25971,21,3411,,,,,,,,,,,,,,,
213616,岐阜県,垂井町,25746,21,3616,,,,,,,,,,,,,,,
213624,岐阜県,関ケ原町,6135,21,3624,,,,,,,,,,,,,,,
213811,岐阜県,神戸町,18210,21,3811,,,,,,,,,,,,,,,
213829,岐阜県,輪之内町,9086,21,3829,,,,,,,,,,,,,,,
213837,岐阜県,安八町,14456,21,3837,,,,,,,,,,,,,,,
214019,岐阜県,揖斐川町,18633,21,4019,,,,,,,,,,,,,,,
214035,岐阜県,大野町,21449,21,4035,,,,,,,,,,,,,,,
214043,岐阜県,池田町,22461,21,4043,,,,,,,,,,,,,,,
214213,岐阜県,北方町,18568,21,4213,,,,,,,,,,,,,,,
215015,岐阜県,坂祝町,8264,21,5015,,,,,,,,,,,,,,,
215023,岐阜県,富加町,5884,21,5023,,,,,,,,,,,,,,,
215031,岐阜県,川辺町,9761,21,5031,,,,,,,,,,,,,,,
215040,岐阜県,七宗町,3186,21,5040,,,,,,,,,,,,,,,
215058,岐阜県,八百津町,9861,21,5058,,,,,,,,,,,,,,,
215066,岐阜県,白川町,6914,21,5066,,,,,,,,,,,,,,,
215074,岐阜県,東白川村,2011,21,5074,,,,,,,,,,,,,,,
215210,岐阜県,御嵩町,17523,21,5210,,,,,,,,,,,,,,,
216046,岐阜県,白川村,1470,21,6046,,,,,,,,,,,,,,,
221007,静岡県,,3575704,22,,,,,,,,,,,,,,,,
221007,静岡県,静岡市,672775,22,1007,,,,,,,,,,,,,,,
221309,静岡県,浜松市,783924,22,1309,,,,,,,,,,,,,,,
222038,静岡県,沼津市,185758,22,2038,,,,,,,,,,,,,,,
222054,静岡県,熱海市,33290,22,2054,,,,,,,,,,,,,,,
222062,静岡県,三島市,104961,22,2062,,,,,,,,,,,,,,,
222071,静岡県,富士宮市,126857,22,2071,,,,,,,,,,,,,,,
222089,静岡県,伊東市,64438,22,2089,,,,,,,,,,,,,,,
222097,静岡県,島田市,94747,22,2097,,,,,,,,,,,,,,,
222101,静岡県,富士市,246491,22,2101,,,,,,,,,,,,,,,
222119,静岡県,磐田市,165426,22,2119,,,,,,,,,,,,,,,
222127,静岡県,焼津市,135294,22,2127,,,,,,,,,,,,,,,
222135,静岡県,掛川市,115126,22,2135,,,,,,,,,,,,,,,
222143,静岡県,藤枝市,139870,22,2143,,,,,,,,,,,,,,,
222151,静岡県,御殿場市,83487,22,2151,,,,,,,,,,,,,,,
222160,静岡県,袋井市,87941,22,2160,,,,,,,,,,,,,,,
222194,静岡県,下田市,19282,22,2194,,,,,,,,,,,,,,,
222208,静岡県,裾野市,48688,22,2208,,,,,,,,,,,,,,,
222216,静岡県,湖西市,57216,22,2216,,,,,,,,,,,,,,,
222224,静岡県,伊豆市,27748,22,2224,,,,,,,,,,,,,,,
222232,静岡県,御前崎市,29715,22,2232,,,,,,,,,,,,,,,
222241,静岡県,菊川市,47179,22,2241,,,,,,,,,,,,,,,
222259,静岡県,伊豆の国市,45983,22,2259,,,,,,,,,,,,,,,
222267,静岡県,牧之原市,42326,22,2267,,,,,,,,,,,,,,,
223018,静岡県,東伊豆町,11093,22,3018,,,,,,,,,,,,,,,
223026,静岡県,河津町,6398,22,3026,,,,,,,,,,,,,,,
223042,静岡県,南伊豆町,7340,22,3042,,,,,,,,,,,,,,,
223051,静岡県,松崎町,5658,22,3051,,,,,,,,,,,,,,,
223069,静岡県,西伊豆町,6639,22,3069,,,,,,,,,,,,,,,
223255,静岡県,函南町,36105,22,3255,,,,,,,,,,,,,,,
223417,静岡県,清水町,31637,22,3417,,,,,,,,,,,,,,,
223425,静岡県,長泉町,43705,22,3425,,,,,,,,,,,,,,,
223441,静岡県,小山町,16975,22,3441,,,,,,,,,,,,,,,
224243,静岡県,吉田町,28964,22,4243,,,,,,,,,,,,,,,
224294,静岡県,川根本町,5700,22,4294,,,,,,,,,,,,,,,
224618,静岡県,森町,16968,22,4618,,,,,,,,,,,,,,,
231002,愛知県,,7483755,23,,,,,,,,,,,,,,,,
231002,愛知県,名古屋市,2303004,23,1002,,,,,,,,,,,,,,,
232017,愛知県,豊橋市,366089,23,2017,,,,,,,,,,,,,,,
232025,愛知県,岡崎市,382656,23,2025,,,,,,,,,,,,,,,
232033,愛知県,一宮市,376861,23,2033,,,,,,,,,,,,,,,
232041,愛知県,瀬戸市,126274,23,2041,,,,,,,,,,,,,,,
232050,愛知県,半田市,116209,23,2050,,,,,,,,,,,,,,,
232068,愛知県,春日井市,305902,23,2068,,,,,,,,,,,,,,,
232076,愛知県,豊川市,185900,23,2076,,,,,,,,,,,,,,,
232084,愛知県,津島市,59566,23,2084,,,,,,,,,,,,,,,
232092,愛知県,碧南市,72242,23,2092,,,,,,,,,,,,,,,
232106,愛知県,刈谷市,152984,23,2106,,,,,,,,,,,,,,,
232114,愛知県,豊田市,414750,23,2114,,,,,,,,,,,,,,,
232122,愛知県,安城市,187665,23,2122,,,,,,,,,,,,,,,
232131,愛知県,西尾市,169528,23,2131,,,,,,,,,,,,,,,
232149,愛知県,市,77535,23,2149,,,,,,,,,,,,,,,
232157,愛知県,犬山市,71334,23,2157,,,,,,,,,,,,,,,
232165,愛知県,常滑市,58662,23,2165,,,,,,,,,,,,,,,
232173,愛知県,江南市,98124,23,2173,,,,,,,,,,,,,,,
232190,愛知県,小牧市,149025,23,2190,,,,,,,,,,,,,,,
232203,愛知県,稲沢市,132879,23,2203,,,,,,,,,,,,,,,
232211,愛知県,新城市,42375,23,2211,,,,,,,,,,,,,,,
232220,愛知県,東海市,113352,23,2220,,,,,,,,,,,,,,,
232238,愛知県,大府市,93014,23,2238,,,,,,,,,,,,,,,
232246,愛知県,知多市,83017,23,2246,,,,,,,,,,,,,,,
232254,愛知県,知立市,72646,23,2254,,,,,,,,,,,,,,,
232262,愛知県,尾張旭市,83782,23,2262,,,,,,,,,,,,,,,
232271,愛知県,高浜市,49041,23,2271,,,,,,,,,,,,,,,
232289,愛知県,岩倉市,47761,23,2289,,,,,,,,,,,,,,,
232297,愛知県,豊明市,67902,23,2297,,,,,,,,,,,,,,,
232301,愛知県,日進市,94207,23,2301,,,,,,,,,,,,,,,
232319,愛知県,田原市,58270,23,2319,,,,,,,,,,,,,,,
232327,愛知県,愛西市,60457,23,2327,,,,,,,,,,,,,,,
232335,愛知県,清須市,68707,23,2335,,,,,,,,,,,,,,,
232343,愛知県,北名古屋市,85843,23,2343,,,,,,,,,,,,,,,
232351,愛知県,弥富市,43534,23,2351,,,,,,,,,,,,,,,
232360,愛知県,みよし市,61408,23,2360,,,,,,,,,,,,,,,
232378,愛知県,あま市,88393,23,2378,,,,,,,,,,,,,,,
232386,愛知県,長久手市,61512,23,2386,,,,,,,,,,,,,,,
233021,愛知県,東郷町,43928,23,3021,,,,,,,,,,,,,,,
233421,愛知県,豊山町,15984,23,3421,,,,,,,,,,,,,,,
233617,愛知県,大口町,24004,23,3617,,,,,,,,,,,,,,,
233625,愛知県,扶桑町,35043,23,3625,,,,,,,,,,,,,,,
234249,愛知県,大治町,33566,23,4249,,,,,,,,,,,,,,,
234257,愛知県,蟹江町,36824,23,4257,,,,,,,,,,,,,,,
234273,愛知県,飛島村,4713,23,4273,,,,,,,,,,,,,,,
234419,愛知県,阿久比町,28083,23,4419,,,,,,,,,,,,,,,
234427,愛知県,東浦町,50029,23,4427,,,,,,,,,,,,,,,
234451,愛知県,南知多町,15506,23,4451,,,,,,,,,,,,,,,
234460,愛知県,美浜町,20560,23,4460,,,,,,,,,,,,,,,
234478,愛知県,武豊町,43399,23,4478,,,,,,,,,,,,,,,
235016,愛知県,幸田町,42023,23,5016,,,,,,,,,,,,,,,
235610,愛知県,設楽町,4051,23,5610,,,,,,,,,,,,,,,
235628,愛知県,東栄町,2703,23,5628,,,,,,,,,,,,,,,
235636,愛知県,豊根村,929,23,5636,,,,,,,,,,,,,,,
242012,三重県,,1741266,24,,,,,,,,,,,,,,,,
242012,三重県,津市,268388,24,2012,,,,,,,,,,,,,,,
242021,三重県,四日市市,306378,24,2021,,,,,,,,,,,,,,,
242039,三重県,伊勢市,118849,24,2039,,,,,,,,,,,,,,,
242047,三重県,松阪市,156026,24,2047,,,,,,,,,,,,,,,
242055,三重県,桑名市,137978,24,2055,,,,,,,,,,,,,,,
242071,三重県,鈴鹿市,194451,24,2071,,,,,,,,,,,,,,,
242080,三重県,名張市,74229,24,2080,,,,,,,,,,,,,,,
242098,三重県,尾鷲市,15524,24,2098,,,,,,,,,,,,,,,
242101,三重県,亀山市,49130,24,2101,,,,,,,,,,,,,,,
242110,三重県,鳥羽市,16424,24,2110,,,,,,,,,,,,,,,
242128,三重県,熊野市,14981,24,2128,,,,,,,,,,,,,,,
242144,三重県,いなべ市,44507,24,2144,,,,,,,,,,,,,,,
242152,三重県,志摩市,44110,24,2152,,,,,,,,,,,,,,,
242161,三重県,伊賀市,84603,24,2161,,,,,,,,,,,,,,,
243035,三重県,木曽岬町,5875,24,3035,,,,,,,,,,,,,,,
243248,三重県,東員町,25737,24,3248,,,,,,,,,,,,,,,
243418,三重県,菰野町,40758,24,3418,,,,,,,,,,,,,,,
243434,三重県,朝日町,11107,24,3434,,,,,,,,,,,,,,,
243442,三重県,川越町,15745,24,3442,,,,,,,,,,,,,,,
244414,三重県,多気町,13637,24,4414,,,,,,,,,,,,,,,
244422,三重県,明和町,22630,24,4422,,,,,,,,,,,,,,,
244431,三重県,大台町,8204,24,4431,,,,,,,,,,,,,,,
244619,三重県,玉城町,15035,24,4619,,,,,,,,,,,,,,,
244708,三重県,度会町,7556,24,4708,,,,,,,,,,,,,,,
244716,三重県,大紀町,7227,24,4716,,,,,,,,,,,,,,,
244724,三重県,南伊勢町,10489,24,4724,,,,,,,,,,,,,,,
245437,三重県,紀北町,13759,24,5437,,,,,,,,,,,,,,,
245615,三重県,御浜町,7809,24,5615,,,,,,,,,,,,,,,
245623,三重県,紀宝町,10120,24,5623,,,,,,,,,,,,,,,
252018,滋賀県,,1405246,25,,,,,,,,,,,,,,,,
252018,滋賀県,大津市,343600,25,2018,,,,,,,,,,,,,,,
252026,滋賀県,彦根市,110878,25,2026,,,,,,,,,,,,,,,
252034,滋賀県,長浜市,112294,25,2034,,,,,,,,,,,,,,,
252042,滋賀県,近江八幡市,81942,25,2042,,,,,,,,,,,,,,,
252069,滋賀県,草津市,140515,25,2069,,,,,,,,,,,,,,,
252077,滋賀県,守山市,85881,25,2077,,,,,,,,,,,,,,,
252085,滋賀県,栗東市,70412,25,2085,,,,,,,,,,,,,,,
252093,滋賀県,甲賀市,87729,25,2093,,,,,,,,,,,,,,,
252107,滋賀県,野洲市,50607,25,2107,,,,,,,,,,,,,,,
252115,滋賀県,湖南市,54065,25,2115,,,,,,,,,,,,,,,
252123,滋賀県,高島市,45190,25,2123,,,,,,,,,,,,,,,
252131,滋賀県,東近江市,111349,25,2131,,,,,,,,,,,,,,,
252140,滋賀県,米原市,36928,25,2140,,,,,,,,,,,,,,,
253839,滋賀県,日野町,20702,25,3839,,,,,,,,,,,,,,,
253847,滋賀県,竜王町,11239,25,3847,,,,,,,,,,,,,,,
254258,滋賀県,愛荘町,21042,25,4258,,,,,,,,,,,,,,,
254410,滋賀県,豊郷町,7117,25,4410,,,,,,,,,,,,,,,
254428,滋賀県,甲良町,6410,25,4428,,,,,,,,,,,,,,,
254436,滋賀県,多賀町,7346,25,4436,,,,,,,,,,,,,,,
261009,京都府,,2472013,26,,,,,,,,,,,,,,,,
261009,京都府,京都市,1373887,26,1009,,,,,,,,,,,,,,,
262013,京都府,福知山市,74540,26,2013,,,,,,,,,,,,,,,
262021,京都府,舞鶴市,75322,26,2021,,,,,,,,,,,,,,,
262030,京都府,綾部市,31072,26,2030,,,,,,,,,,,,,,,
262048,京都府,宇治市,179582,26,2048,,,,,,,,,,,,,,,
262056,京都府,宮津市,15966,26,2056,,,,,,,,,,,,,,,
262064,京都府,亀岡市,86209,26,2064,,,,,,,,,,,,,,,
262072,京都府,城陽市,73321,26,2072,,,,,,,,,,,,,,,
262081,京都府,向日市,56186,26,2081,,,,,,,,,,,,,,,
262099,京都府,長岡京市,82218,26,2099,,,,,,,,,,,,,,,
262102,京都府,八幡市,68598,26,2102,,,,,,,,,,,,,,,
262111,京都府,京田辺市,72011,26,2111,,,,,,,,,,,,,,,
262129,京都府,京丹後市,50042,26,2129,,,,,,,,,,,,,,,
262137,京都府,南丹市,29531,26,2137,,,,,,,,,,,,,,,
262145,京都府,木津川市,79339,26,2145,,,,,,,,,,,,,,,
263036,京都府,大山崎町,16633,26,3036,,,,,,,,,,,,,,,
263222,京都府,久御山町,15231,26,3222,,,,,,,,,,,,,,,
263435,京都府,井手町,6958,26,3435,,,,,,,,,,,,,,,
263443,京都府,宇治田原町,8688,26,3443,,,,,,,,,,,,,,,
263648,京都府,笠置町,1066,26,3648,,,,,,,,,,,,,,,
263656,京都府,和束町,3377,26,3656,,,,,,,,,,,,,,,
263664,京都府,精華町,36210,26,3664,,,,,,,,,,,,,,,
263672,京都府,南山城村,2379,26,3672,,,,,,,,,,,,,,,
264075,京都府,京丹波町,12384,26,4075,,,,,,,,,,,,,,,
264636,京都府,伊根町,1861,26,4636,,,,,,,,,,,,,,,
264652,京都府,与謝野町,19402,26,4652,,,,,,,,,,,,,,,
271004,大阪府,,8771961,27,,,,,,,,,,,,,,,,
271004,大阪府,大阪市,2778917,27,1004,,,,,,,,,,,,,,,
271403,大阪府,堺市,811993,27,1403,,,,,,,,,,,,,,,
272027,大阪府,岸和田市,186596,27,2027,,,,,,,,,,,,,,,
272035,大阪府,豊中市,405955,27,2035,,,,,,,,,,,,,,,
272043,大阪府,池田市,102636,27,2043,,,,,,,,,,,,,,,
272051,大阪府,吹田市,384506,27,2051,,,,,,,,,,,,,,,
272060,大阪府,泉大津市,72762,27,2060,,,,,,,,,,,,,,,
272078,大阪府,高槻市,345589,27,2078,,,,,,,,,,,,,,,
272086,大阪府,貝塚市,81420,27,2086,,,,,,,,,,,,,,,
272094,大阪府,守口市,140923,27,2094,,,,,,,,,,,,,,,
272108,大阪府,枚方市,392328,27,2108,,,,,,,,,,,,,,,
272116,大阪府,茨木市,286042,27,2116,,,,,,,,,,,,,,,
272124,大阪府,八尾市,259158,27,2124,,,,,,,,,,,,,,,
272132,大阪府,泉佐野市,99318,27,2132,,,,,,,,,,,,,,,
272141,大阪府,富田林市,105715,27,2141,,,,,,,,,,,,,,,
272159,大阪府,寝屋川市,224378,27,2159,,,,,,,,,,,,,,,
272167,大阪府,河内長野市,97912,27,2167,,,,,,,,,,,,,,,
272175,大阪府,松原市,116259,27,2175,,,,,,,,,,,,,,,
272183,大阪府,大東市,115687,27,2183,,,,,,,,,,,,,,,
272191,大阪府,和泉市,182481,27,2191,,,,,,,,,,,,,,,
272205,大阪府,箕面市,139527,27,2205,,,,,,,,,,,,,,,
272213,大阪府,柏原市,66500,27,2213,,,,,,,,,,,,,,,
272221,大阪府,羽曳野市,107406,27,2221,,,,,,,,,,,,,,,
272230,大阪府,門真市,116179,27,2230,,,,,,,,,,,,,,,
272248,大阪府,摂津市,86344,27,2248,,,,,,,,,,,,,,,
272256,大阪府,高石市,55968,27,2256,,,,,,,,,,,,,,,
272264,大阪府,藤井寺市,62304,27,2264,,,,,,,,,,,,,,,
272272,大阪府,東大阪市,477700,27,2272,,,,,,,,,,,,,,,
272281,大阪府,泉南市,58145,27,2281,,,,,,,,,,,,,,,
272299,大阪府,四條畷市,53749,27,2299,,,,,,,,,,,,,,,
272302,大阪府,交野市,77191,27,2302,,,,,,,,,,,,,,,
272311,大阪府,大阪狭山市,57746,27,2311,,,,,,,,,,,,,,,
272329,大阪府,阪南市,50080,27,2329,,,,,,,,,,,,,,,
273015,大阪府,島本町,32247,27,3015,,,,,,,,,,,,,,,
273210,大阪府,豊能町,17804,27,3210,,,,,,,,,,,,,,,
273228,大阪府,能勢町,8940,27,3228,,,,,,,,,,,,,,,
273414,大阪府,忠岡町,16317,27,3414,,,,,,,,,,,,,,,
273619,大阪府,熊取町,42544,27,3619,,,,,,,,,,,,,,,
273627,大阪府,田尻町,8484,27,3627,,,,,,,,,,,,,,,
273660,大阪府,岬町,14295,27,3660,,,,,,,,,,,,,,,
273813,大阪府,太子町,12673,27,3813,,,,,,,,,,,,,,,
273821,大阪府,河南町,14556,27,3821,,,,,,,,,,,,,,,
273830,大阪府,千早赤阪村,4687,27,3830,,,,,,,,,,,,,,,
281000,兵庫県,,5393607,28,,,,,,,,,,,,,,,,
281000,兵庫県,神戸市,1493543,28,1000,,,,,,,,,,,,,,,
282014,兵庫県,姫路市,523181,28,2014,,,,,,,,,,,,,,,
282022,兵庫県,尼崎市,457508,28,2022,,,,,,,,,,,,,,,
282031,兵庫県,明石市,307235,28,2031,,,,,,,,,,,,,,,
282049,兵庫県,西宮市,480818,28,2049,,,,,,,,,,,,,,,
282057,兵庫県,洲本市,40767,28,2057,,,,,,,,,,,,,,,
282065,兵庫県,芦屋市,94007,28,2065,,,,,,,,,,,,,,,
282073,兵庫県,伊丹市,200284,28,2073,,,,,,,,,,,,,,,
282081,兵庫県,相生市,27058,28,2081,,,,,,,,,,,,,,,
282090,兵庫県,豊岡市,75177,28,2090,,,,,,,,,,,,,,,
282103,兵庫県,加古川市,257203,28,2103,,,,,,,,,,,,,,,
282120,兵庫県,赤穂市,44179,28,2120,,,,,,,,,,,,,,,
282138,兵庫県,西脇市,37688,28,2138,,,,,,,,,,,,,,,
282146,兵庫県,宝塚市,227645,28,2146,,,,,,,,,,,,,,,
282154,兵庫県,三木市,73091,28,2154,,,,,,,,,,,,,,,
282162,兵庫県,高砂市,86511,28,2162,,,,,,,,,,,,,,,
282171,兵庫県,川西市,152914,28,2171,,,,,,,,,,,,,,,
282189,兵庫県,小野市,46825,28,2189,,,,,,,,,,,,,,,
282197,兵庫県,三田市,106482,28,2197,,,,,,,,,,,,,,,
282201,兵庫県,加西市,41455,28,2201,,,,,,,,,,,,,,,
282219,兵庫県,丹波篠山市,39095,28,2219,,,,,,,,,,,,,,,
282227,兵庫県,養父市,21005,28,2227,,,,,,,,,,,,,,,
282235,兵庫県,丹波市,60033,28,2235,,,,,,,,,,,,,,,
282243,兵庫県,南あわじ市,43732,28,2243,,,,,,,,,,,,,,,
282251,兵庫県,朝来市,27754,28,2251,,,,,,,,,,,,,,,
282260,兵庫県,淡路市,41364,28,2260,,,,,,,,,,,,,,,
282278,兵庫県,宍粟市,33749,28,2278,,,,,,,,,,,,,,,
282286,兵庫県,加東市,39413,28,2286,,,,,,,,,,,,,,,
282294,兵庫県,たつの市,72271,28,2294,,,,,,,,,,,,,,,
283011,兵庫県,猪名川町,28644,28,3011,,,,,,,,,,,,,,,
283657,兵庫県,多可町,18605,28,3657,,,,,,,,,,,,,,,
283819,兵庫県,稲美町,30491,28,3819,,,,,,,,,,,,,,,
283827,兵庫県,播磨町,34687,28,3827,,,,,,,,,,,,,,,
284424,兵庫県,市川町,10660,28,4424,,,,,,,,,,,,,,,
284432,兵庫県,福崎町,18573,28,4432,,,,,,,,,,,,,,,
284467,兵庫県,神河町,10144,28,4467,,,,,,,,,,,,,,,
284645,兵庫県,太子町,33414,28,4645,,,,,,,,,,,,,,,
284815,兵庫県,上郡町,13543,28,4815,,,,,,,,,,,,,,,
285013,兵庫県,佐用町,14727,28,5013,,,,,,,,,,,,,,,
285854,兵庫県,香美町,15303,28,5854,,,,,,,,,,,,,,,
285862,兵庫県,新温泉町,12829,28,5862,,,,,,,,,,,,,,,
292010,奈良県,,1303867,29,,,,,,,,,,,,,,,,
292010,奈良県,奈良市,347187,29,2010,,,,,,,,,,,,,,,
292028,奈良県,大和高田市,61818,29,2028,,,,,,,,,,,,,,,
292036,奈良県,山市,82598,29,2036,,,,,,,,,,,,,,,
292044,奈良県,天理市,60686,29,2044,,,,,,,,,,,,,,,
292052,奈良県,橿原市,118556,29,2052,,,,,,,,,,,,,,,
292061,奈良県,桜井市,54272,29,2061,,,,,,,,,,,,,,,
292079,奈良県,五條市,26900,29,2079,,,,,,,,,,,,,,,
292087,奈良県,御所市,23144,29,2087,,,,,,,,,,,,,,,
292095,奈良県,生駒市,116553,29,2095,,,,,,,,,,,,,,,
292109,奈良県,香芝市,78324,29,2109,,,,,,,,,,,,,,,
292117,奈良県,葛城市,37794,29,2117,,,,,,,,,,,,,,,
292125,奈良県,宇陀市,26694,29,2125,,,,,,,,,,,,,,,
293229,奈良県,山添村,3055,29,3229,,,,,,,,,,,,,,,
293423,奈良県,平群町,18142,29,3423,,,,,,,,,,,,,,,
293431,奈良県,三郷町,22349,29,3431,,,,,,,,,,,,,,,
293440,奈良県,斑鳩町,28036,29,3440,,,,,,,,,,,,,,,
293458,奈良県,安堵町,6975,29,3458,,,,,,,,,,,,,,,
293610,奈良県,川西町,7986,29,3610,,,,,,,,,,,,,,,
293628,奈良県,三宅町,6422,29,3628,,,,,,,,,,,,,,,
293636,奈良県,田原本町,31379,29,3636,,,,,,,,,,,,,,,
293857,奈良県,曽爾村,1270,29,3857,,,,,,,,,,,,,,,
293865,奈良県,御杖村,1347,29,3865,,,,,,,,,,,,,,,
294012,奈良県,高取町,6045,29,4012,,,,,,,,,,,,,,,
294021,奈良県,明日香村,5049,29,4021,,,,,,,,,,,,,,,
294241,奈良県,上牧町,21157,29,4241,,,,,,,,,,,,,,,
294250,奈良県,王寺町,23694,29,4250,,,,,,,,,,,,,,,
294268,奈良県,広陵町,35020,29,4268,,,,,,,,,,,,,,,
294276,奈良県,河合町,16614,29,4276,,,,,,,,,,,,,,,
294411,奈良県,吉野町,5834,29,4411,,,,,,,,,,,,,,,
294420,奈良県,大淀町,15797,29,4420,,,,,,,,,,,,,,,
294438,奈良県,下市町,4405,29,4438,,,,,,,,,,,,,,,
294446,奈良県,黒滝村,589,29,4446,,,,,,,,,,,,,,,
294462,奈良県,天川村,1194,29,4462,,,,,,,,,,,,,,,
294471,奈良県,野迫川村,322,29,4471,,,,,,,,,,,,,,,
294497,奈良県,十津川村,2757,29,4497,,,,,,,,,,,,,,,
294501,奈良県,下北山村,796,29,4501,,,,,,,,,,,,,,,
294519,奈良県,上北山村,421,29,4519,,,,,,,,,,,,,,,
294527,奈良県,川上村,1188,29,4527,,,,,,,,,,,,,,,
294535,奈良県,東吉野村,1498,29,4535,,,,,,,,,,,,,,,
302015,和歌山県,,901193,30,,,,,,,,,,,,,,,,
302015,和歌山県,和歌山市,352941,30,2015,,,,,,,,,,,,,,,
302023,和歌山県,海南市,46492,30,2023,,,,,,,,,,,,,,,
302031,和歌山県,橋本市,58792,30,2031,,,,,,,,,,,,,,,
302040,和歌山県,有田市,25230,30,2040,,,,,,,,,,,,,,,
302058,和歌山県,御坊市,21074,30,2058,,,,,,,,,,,,,,,
302066,和歌山県,田辺市,67316,30,2066,,,,,,,,,,,,,,,
302074,和歌山県,新宮市,25822,30,2074,,,,,,,,,,,,,,,
302082,和歌山県,紀の川市,58920,30,2082,,,,,,,,,,,,,,,
302091,和歌山県,岩出市,53900,30,2091,,,,,,,,,,,,,,,
303046,和歌山県,紀美野町,7711,30,3046,,,,,,,,,,,,,,,
303411,和歌山県,かつらぎ町,15299,30,3411,,,,,,,,,,,,,,,
303437,和歌山県,九度山町,3760,30,3437,,,,,,,,,,,,,,,
303445,和歌山県,高野町,2605,30,3445,,,,,,,,,,,,,,,
303615,和歌山県,湯浅町,10731,30,3615,,,,,,,,,,,,,,,
303623,和歌山県,広川町,6403,30,3623,,,,,,,,,,,,,,,
303666,和歌山県,有田川町,24954,30,3666,,,,,,,,,,,,,,,
303810,和歌山県,美浜町,6324,30,3810,,,,,,,,,,,,,,,
303828,和歌山県,日高町,7953,30,3828,,,,,,,,,,,,,,,
303836,和歌山県,由良町,5035,30,3836,,,,,,,,,,,,,,,
303909,和歌山県,印南町,7636,30,3909,,,,,,,,,,,,,,,
303917,和歌山県,みなべ町,11516,30,3917,,,,,,,,,,,,,,,
303925,和歌山県,日高川町,8962,30,3925,,,,,,,,,,,,,,,
304018,和歌山県,白浜町,19753,30,4018,,,,,,,,,,,,,,,
304042,和歌山県,上富田町,15683,30,4042,,,,,,,,,,,,,,,
304069,和歌山県,すさみ町,3471,30,4069,,,,,,,,,,,,,,,
304212,和歌山県,那智勝浦町,13468,30,4212,,,,,,,,,,,,,,,
304221,和歌山県,太地町,2834,30,4221,,,,,,,,,,,,,,,
304247,和歌山県,古座川町,2302,30,4247,,,,,,,,,,,,,,,
304271,和歌山県,北山村,382,30,4271,,,,,,,,,,,,,,,
304280,和歌山県,串本町,13924,30,4280,,,,,,,,,,,,,,,
312011,鳥取県,,534003,31,,,,,,,,,,,,,,,,
312011,鳥取県,鳥取市,179215,31,2011,,,,,,,,,,,,,,,
312029,鳥取県,米子市,144056,31,2029,,,,,,,,,,,,,,,
312037,鳥取県,倉吉市,43663,31,2037,,,,,,,,,,,,,,,
312045,鳥取県,境港市,32469,31,2045,,,,,,,,,,,,,,,
313025,鳥取県,岩美町,10769,31,3025,,,,,,,,,,,,,,,
313254,鳥取県,若桜町,2671,31,3254,,,,,,,,,,,,,,,
313289,鳥取県,智頭町,6129,31,3289,,,,,,,,,,,,,,,
313297,鳥取県,八頭町,15488,31,3297,,,,,,,,,,,,,,,
313645,鳥取県,三朝町,5788,31,3645,,,,,,,,,,,,,,,
313700,鳥取県,湯梨浜町,16219,31,3700,,,,,,,,,,,,,,,
313718,鳥取県,琴浦町,15784,31,3718,,,,,,,,,,,,,,,
313726,鳥取県,北栄町,14127,31,3726,,,,,,,,,,,,,,,
313840,鳥取県,日吉津村,3616,31,3840,,,,,,,,,,,,,,,
313866,鳥取県,大山町,14786,31,3866,,,,,,,,,,,,,,,
313891,鳥取県,南部町,10099,31,3891,,,,,,,,,,,,,,,
313904,鳥取県,伯耆町,10145,31,3904,,,,,,,,,,,,,,,
314013,鳥取県,日南町,3865,31,4013,,,,,,,,,,,,,,,
314021,鳥取県,日野町,2635,31,4021,,,,,,,,,,,,,,,
314030,鳥取県,江府町,2479,31,4030,,,,,,,,,,,,,,,
322016,島根県,,642590,32,,,,,,,,,,,,,,,,
322016,島根県,松江市,194313,32,2016,,,,,,,,,,,,,,,
322024,島根県,浜田市,48576,32,2024,,,,,,,,,,,,,,,
322032,島根県,出雲市,172327,32,2032,,,,,,,,,,,,,,,
322041,島根県,益田市,42986,32,2041,,,,,,,,,,,,,,,
322059,島根県,大田市,31475,32,2059,,,,,,,,,,,,,,,
322067,島根県,安来市,35112,32,2067,,,,,,,,,,,,,,,
322075,島根県,江津市,21202,32,2075,,,,,,,,,,,,,,,
322091,島根県,雲南市,34426,32,2091,,,,,,,,,,,,,,,
323438,島根県,奥出雲町,11077,32,3438,,,,,,,,,,,,,,,
323861,島根県,飯南町,4355,32,3861,,,,,,,,,,,,,,,
324418,島根県,川本町,2982,32,4418,,,,,,,,,,,,,,,
324485,島根県,美郷町,4034,32,4485,,,,,,,,,,,,,,,
324493,島根県,邑南町,9467,32,4493,,,,,,,,,,,,,,,
325015,島根県,津和野町,6373,32,5015,,,,,,,,,,,,,,,
325058,島根県,吉賀町,5571,32,5058,,,,,,,,,,,,,,,
325252,島根県,海士町,2209,32,5252,,,,,,,,,,,,,,,
325261,島根県,西ノ島町,2495,32,5261,,,,,,,,,,,,,,,
325279,島根県,知夫村,574,32,5279,,,,,,,,,,,,,,,
325287,島根県,隠岐の島町,13036,32,5287,,,,,,,,,,,,,,,
331007,岡山県,,1835478,33,,,,,,,,,,,,,,,,
331007,岡山県,岡山市,695690,33,1007,,,,,,,,,,,,,,,
332020,岡山県,倉敷市,473670,33,2020,,,,,,,,,,,,,,,
332038,岡山県,津山市,95030,33,2038,,,,,,,,,,,,,,,
332046,岡山県,玉野市,54130,33,2046,,,,,,,,,,,,,,,
332054,岡山県,笠岡市,44030,33,2054,,,,,,,,,,,,,,,
332071,岡山県,井原市,36670,33,2071,,,,,,,,,,,,,,,
332089,岡山県,総社市,69625,33,2089,,,,,,,,,,,,,,,
332097,岡山県,高梁市,26020,33,2097,,,,,,,,,,,,,,,
332101,岡山県,新見市,25939,33,2101,,,,,,,,,,,,,,,
332119,岡山県,備前市,30816,33,2119,,,,,,,,,,,,,,,
332127,岡山県,瀬戸内市,36160,33,2127,,,,,,,,,,,,,,,
332135,岡山県,赤磐市,42490,33,2135,,,,,,,,,,,,,,,
332143,岡山県,真庭市,40778,33,2143,,,,,,,,,,,,,,,
332151,岡山県,美作市,24886,33,2151,,,,,,,,,,,,,,,
332160,岡山県,浅口市,32525,33,2160,,,,,,,,,,,,,,,
333468,岡山県,和気町,12871,33,3468,,,,,,,,,,,,,,,
334235,岡山県,早島町,12748,33,4235,,,,,,,,,,,,,,,
334456,岡山県,里庄町,10883,33,4456,,,,,,,,,,,,,,,
334618,岡山県,矢掛町,13101,33,4618,,,,,,,,,,,,,,,
335860,岡山県,新庄村,793,33,5860,,,,,,,,,,,,,,,
336068,岡山県,鏡野町,12017,33,6068,,,,,,,,,,,,,,,
336220,岡山県,勝央町,10737,33,6220,,,,,,,,,,,,,,,
336238,岡山県,奈義町,5515,33,6238,,,,,,,,,,,,,,,
336432,岡山県,西粟倉村,1331,33,6432,,,,,,,,,,,,,,,
336637,岡山県,久米南町,4290,33,6637,,,,,,,,,,,,,,,
336661,岡山県,美咲町,12538,33,6661,,,,,,,,,,,,,,,
336815,岡山県,吉備中央町,10195,33,6815,,,,,,,,,,,,,,,
341002,広島県,,2728771,34,,,,,,,,,,,,,,,,
341002,広島県,広島市,1173543,34,1002,,,,,,,,,,,,,,,
342025,広島県,呉市,201242,34,2025,,,,,,,,,,,,,,,
342033,広島県,竹原市,22557,34,2033,,,,,,,,,,,,,,,
342041,広島県,三原市,87075,34,2041,,,,,,,,,,,,,,,
342050,広島県,尾道市,126396,34,2050,,,,,,,,,,,,,,,
342076,広島県,福山市,455028,34,2076,,,,,,,,,,,,,,,
342084,広島県,府中市,35105,34,2084,,,,,,,,,,,,,,,
342092,広島県,三次市,47904,34,2092,,,,,,,,,,,,,,,
342106,広島県,庄原市,31198,34,2106,,,,,,,,,,,,,,,
342114,広島県,大竹市,25353,34,2114,,,,,,,,,,,,,,,
342122,広島県,東広島市,190911,34,2122,,,,,,,,,,,,,,,
342131,広島県,廿日市市,115451,34,2131,,,,,,,,,,,,,,,
342149,広島県,安芸高田市,26041,34,2149,,,,,,,,,,,,,,,
342157,広島県,江田島市,20690,34,2157,,,,,,,,,,,,,,,
343021,広島県,府中町,52074,34,3021,,,,,,,,,,,,,,,
343048,広島県,海田町,30810,34,3048,,,,,,,,,,,,,,,
343072,広島県,熊野町,23475,34,3072,,,,,,,,,,,,,,,
343099,広島県,坂町,12498,34,3099,,,,,,,,,,,,,,,
343684,広島県,安芸太田町,5367,34,3684,,,,,,,,,,,,,,,
343692,広島県,北広島町,16953,34,3692,,,,,,,,,,,,,,,
344311,広島県,大崎上島町,6779,34,4311,,,,,,,,,,,,,,,
344621,広島県,世羅町,14519,34,4621,,,,,,,,,,,,,,,
345458,広島県,神石高原町,7802,34,5458,,,,,,,,,,,,,,,
352012,山口県,,1292956,35,,,,,,,,,,,,,,,,
352012,山口県,下関市,243422,35,2012,,,,,,,,,,,,,,,
352021,山口県,宇部市,156438,35,2021,,,,,,,,,,,,,,,
352039,山口県,山口市,185982,35,2039,,,,,,,,,,,,,,,
352047,山口県,萩市,41637,35,2047,,,,,,,,,,,,,,,
352063,山口県,防府市,113144,35,2063,,,,,,,,,,,,,,,
352071,山口県,下松市,56637,35,2071,,,,,,,,,,,,,,,
352080,山口県,岩国市,124568,35,2080,,,,,,,,,,,,,,,
352101,山口県,光市,48015,35,2101,,,,,,,,,,,,,,,
352110,山口県,長門市,30207,35,2110,,,,,,,,,,,,,,,
352128,山口県,柳井市,29233,35,2128,,,,,,,,,,,,,,,
352136,山口県,美祢市,20921,35,2136,,,,,,,,,,,,,,,
352152,山口県,周南市,134733,35,2152,,,,,,,,,,,,,,,
352161,山口県,山陽小野田市,58871,35,2161,,,,,,,,,,,,,,,
353051,山口県,周防大島町,13537,35,3051,,,,,,,,,,,,,,,
353213,山口県,和木町,5695,35,3213,,,,,,,,,,,,,,,
353418,山口県,上関町,2190,35,3418,,,,,,,,,,,,,,,
353434,山口県,田布施町,14033,35,3434,,,,,,,,,,,,,,,
353442,山口県,平生町,10748,35,3442,,,,,,,,,,,,,,,
355020,山口県,阿武町,2945,35,5020,,,,,,,,,,,,,,,
362018,徳島県,,700409,36,,,,,,,,,,,,,,,,
362018,徳島県,徳島市,244830,36,2018,,,,,,,,,,,,,,,
362026,徳島県,鳴門市,53240,36,2026,,,,,,,,,,,,,,,
362034,徳島県,小松島市,34604,36,2034,,,,,,,,,,,,,,,
362042,徳島県,阿南市,67946,36,2042,,,,,,,,,,,,,,,
362051,徳島県,吉野川市,37558,36,2051,,,,,,,,,,,,,,,
362069,徳島県,阿波市,34188,36,2069,,,,,,,,,,,,,,,
362077,徳島県,美馬市,26264,36,2077,,,,,,,,,,,,,,,
362085,徳島県,三好市,22225,36,2085,,,,,,,,,,,,,,,
363014,徳島県,勝浦町,4570,36,3014,,,,,,,,,,,,,,,
363022,徳島県,上勝町,1337,36,3022,,,,,,,,,,,,,,,
363219,徳島県,佐那河内村,2106,36,3219,,,,,,,,,,,,,,,
363413,徳島県,石井町,24567,36,3413,,,,,,,,,,,,,,,
363421,徳島県,神山町,4673,36,3421,,,,,,,,,,,,,,,
363685,徳島県,那賀町,7060,36,3685,,,,,,,,,,,,,,,
363839,徳島県,牟岐町,3424,36,3839,,,,,,,,,,,,,,,
363871,徳島県,美波町,5711,36,3871,,,,,,,,,,,,,,,
363880,徳島県,海陽町,8199,36,3880,,,,,,,,,,,,,,,
364011,徳島県,松茂町,14356,36,4011,,,,,,,,,,,,,,,
364029,徳島県,北島町,23682,36,4029,,,,,,,,,,,,,,,
364037,徳島県,藍住町,35320,36,4037,,,,,,,,,,,,,,,
364045,徳島県,板野町,12812,36,4045,,,,,,,,,,,,,,,
364053,徳島県,上板町,11140,36,4053,,,,,,,,,,,,,,,
364681,徳島県,つるぎ町,7392,36,4681,,,,,,,,,,,,,,,
364894,徳島県,東みよし町,13205,36,4894,,,,,,,,,,,,,,,
372013,香川県,,939965,37,,,,,,,,,,,,,,,,
372013,香川県,高松市,417660,37,2013,,,,,,,,,,,,,,,
372021,香川県,丸亀市,110803,37,2021,,,,,,,,,,,,,,,
372030,香川県,坂出市,49575,37,2030,,,,,,,,,,,,,,,
372048,香川県,善通寺市,29891,37,2048,,,,,,,,,,,,,,,
372056,香川県,観音寺市,56361,37,2056,,,,,,,,,,,,,,,
372064,香川県,さぬき市,44348,37,2064,,,,,,,,,,,,,,,
372072,香川県,東かがわ市,27353,37,2072,,,,,,,,,,,,,,,
372081,香川県,三豊市,60480,37,2081,,,,,,,,,,,,,,,
373222,香川県,土庄町,12384,37,3222,,,,,,,,,,,,,,,
373249,香川県,小豆島町,13057,37,3249,,,,,,,,,,,,,,,
373419,香川県,三木町,26877,37,3419,,,,,,,,,,,,,,,
373648,香川県,直島町,2896,37,3648,,,,,,,,,,,,,,,
373869,香川県,宇多津町,18305,37,3869,,,,,,,,,,,,,,,
373877,香川県,綾川町,22906,37,3877,,,,,,,,,,,,,,,
374032,香川県,琴平町,8140,37,4032,,,,,,,,,,,,,,,
374041,香川県,多度津町,21813,37,4041,,,,,,,,,,,,,,,
374067,香川県,まんのう町,17116,37,4067,,,,,,,,,,,,,,,
382019,愛媛県,,1296359,38,,,,,,,,,,,,,,,,
382019,愛媛県,松山市,496666,38,2019,,,,,,,,,,,,,,,
382027,愛媛県,今治市,147702,38,2027,,,,,,,,,,,,,,,
382035,愛媛県,宇和島市,66981,38,2035,,,,,,,,,,,,,,,
382043,愛媛県,八幡浜市,30019,38,2043,,,,,,,,,,,,,,,
382051,愛媛県,新居浜市,112724,38,2051,,,,,,,,,,,,,,,
382060,愛媛県,西条市,103413,38,2060,,,,,,,,,,,,,,,
382078,愛媛県,大洲市,39040,38,2078,,,,,,,,,,,,,,,
382108,愛媛県,伊予市,35173,38,2108,,,,,,,,,,,,,,,
382132,愛媛県,四国中央市,80965,38,2132,,,,,,,,,,,,,,,
382141,愛媛県,西予市,33721,38,2141,,,,,,,,,,,,,,,
382159,愛媛県,東温市,32959,38,2159,,,,,,,,,,,,,,,
383562,愛媛県,上島町,6085,38,3562,,,,,,,,,,,,,,,
383864,愛媛県,久万高原町,6889,38,3864,,,,,,,,,,,,,,,
384011,愛媛県,松前町,30195,38,4011,,,,,,,,,,,,,,,
384020,愛媛県,砥部町,20190,38,4020,,,,,,,,,,,,,,,
384224,愛媛県,内子町,14708,38,4224,,,,,,,,,,,,,,,
384429,愛媛県,伊方町,7764,38,4429,,,,,,,,,,,,,,,
384844,愛媛県,松野町,3484,38,4844,,,,,,,,,,,,,,,
384887,愛媛県,鬼北町,9108,38,4887,,,,,,,,,,,,,,,
385069,愛媛県,愛南町,18573,38,5069,,,,,,,,,,,,,,,
392014,高知県,,664863,39,,,,,,,,,,,,,,,,
392014,高知県,高知市,312228,39,2014,,,,,,,,,,,,,,,
392022,高知県,室戸市,11273,39,2022,,,,,,,,,,,,,,,
392031,高知県,安芸市,15555,39,2031,,,,,,,,,,,,,,,
392049,高知県,南国市,45979,39,2049,,,,,,,,,,,,,,,
392057,高知県,土佐市,25646,39,2057,,,,,,,,,,,,,,,
392065,高知県,須崎市,19325,39,2065,,,,,,,,,,,,,,,
392081,高知県,宿毛市,18394,39,2081,,,,,,,,,,,,,,,
392090,高知県,土佐清水市,11591,39,2090,,,,,,,,,,,,,,,
392103,高知県,四万十市,31424,39,2103,,,,,,,,,,,,,,,
392111,高知県,香南市,32585,39,2111,,,,,,,,,,,,,,,
392120,高知県,香美市,24667,39,2120,,,,,,,,,,,,,,,
393011,高知県,東洋町,2059,39,3011,,,,,,,,,,,,,,,
393029,高知県,奈半利町,2858,39,3029,,,,,,,,,,,,,,,
393037,高知県,田野町,2419,39,3037,,,,,,,,,,,,,,,
393045,高知県,安田町,2269,39,3045,,,,,,,,,,,,,,,
393053,高知県,北川村,1177,39,3053,,,,,,,,,,,,,,,
393061,高知県,馬路村,762,39,3061,,,,,,,,,,,,,,,
393070,高知県,芸西村,3570,39,3070,,,,,,,,,,,,,,,
393410,高知県,本山町,3125,39,3410,,,,,,,,,,,,,,,
393444,高知県,大豊町,2961,39,3444,,,,,,,,,,,,,,,
393631,高知県,土佐町,3488,39,3631,,,,,,,,,,,,,,,
393649,高知県,大川村,355,39,3649,,,,,,,,,,,,,,,
393860,高知県,いの町,20829,39,3860,,,,,,,,,,,,,,,
393878,高知県,仁淀川町,4459,39,3878,,,,,,,,,,,,,,,
394017,高知県,中土佐町,5774,39,4017,,,,,,,,,,,,,,,
394025,高知県,佐川町,11805,39,4025,,,,,,,,,,,,,,,
394033,高知県,越知町,4811,39,4033,,,,,,,,,,,,,,,
394050,高知県,檮原町,3084,39,4050,,,,,,,,,,,,,,,
394106,高知県,日高村,4704,39,4106,,,,,,,,,,,,,,,
394114,高知県,津野町,5184,39,4114,,,,,,,,,,,,,,,
394122,高知県,四万十町,14945,39,4122,,,,,,,,,,,,,,,
394246,高知県,大月町,4348,39,4246,,,,,,,,,,,,,,,
394271,高知県,三原村,1355,39,4271,,,,,,,,,,,,,,,
394289,高知県,黒潮町,9855,39,4289,,,,,,,,,,,,,,,
401005,福岡県,,5086957,40,,,,,,,,,,,,,,,,
401005,福岡県,北九州市,913577,40,1005,,,,,,,,,,,,,,,
401307,福岡県,福岡市,1608140,40,1307,,,,,,,,,,,,,,,
402028,福岡県,大牟田市,104688,40,2028,,,,,,,,,,,,,,,
402036,福岡県,久留米市,300199,40,2036,,,,,,,,,,,,,,,
402044,福岡県,直方市,54838,40,2044,,,,,,,,,,,,,,,
402052,福岡県,飯塚市,124118,40,2052,,,,,,,,,,,,,,,
402061,福岡県,田川市,44839,40,2061,,,,,,,,,,,,,,,
402079,福岡県,柳川市,61536,40,2079,,,,,,,,,,,,,,,
402109,福岡県,八女市,59544,40,2109,,,,,,,,,,,,,,,
402117,福岡県,筑後市,49134,40,2117,,,,,,,,,,,,,,,
402125,福岡県,大川市,31147,40,2125,,,,,,,,,,,,,,,
402133,福岡県,行橋市,72254,40,2133,,,,,,,,,,,,,,,
402141,福岡県,豊前市,23322,40,2141,,,,,,,,,,,,,,,
402150,福岡県,中間市,39014,40,2150,,,,,,,,,,,,,,,
402168,福岡県,市,59509,40,2168,,,,,,,,,,,,,,,
402176,福岡県,筑紫野市,106375,40,2176,,,,,,,,,,,,,,,
402184,福岡県,春日市,111919,40,2184,,,,,,,,,,,,,,,
402192,福岡県,大野城市,103537,40,2192,,,,,,,,,,,,,,,
402206,福岡県,宗像市,96869,40,2206,,,,,,,,,,,,,,,
402214,福岡県,太宰府市,71566,40,2214,,,,,,,,,,,,,,,
402231,福岡県,古賀市,59184,40,2231,,,,,,,,,,,,,,,
402249,福岡県,福津市,69201,40,2249,,,,,,,,,,,,,,,
402257,福岡県,うきは市,27382,40,2257,,,,,,,,,,,,,,,
402265,福岡県,宮若市,26092,40,2265,,,,,,,,,,,,,,,
402273,福岡県,嘉麻市,34143,40,2273,,,,,,,,,,,,,,,
402281,福岡県,朝倉市,50024,40,2281,,,,,,,,,,,,,,,
402290,福岡県,みやま市,34291,40,2290,,,,,,,,,,,,,,,
402303,福岡県,糸島市,104175,40,2303,,,,,,,,,,,,,,,
402311,福岡県,那珂川市,49435,40,2311,,,,,,,,,,,,,,,
403415,福岡県,宇美町,36878,40,3415,,,,,,,,,,,,,,,
403423,福岡県,篠栗町,31261,40,3423,,,,,,,,,,,,,,,
403431,福岡県,志免町,46379,40,3431,,,,,,,,,,,,,,,
403440,福岡県,須惠町,29307,40,3440,,,,,,,,,,,,,,,
403458,福岡県,新宮町,32979,40,3458,,,,,,,,,,,,,,,
403482,福岡県,久山町,9410,40,3482,,,,,,,,,,,,,,,
403491,福岡県,粕屋町,48723,40,3491,,,,,,,,,,,,,,,
403814,福岡県,芦屋町,12728,40,3814,,,,,,,,,,,,,,,
403822,福岡県,水巻町,27531,40,3822,,,,,,,,,,,,,,,
403831,福岡県,岡垣町,31460,40,3831,,,,,,,,,,,,,,,
403849,福岡県,遠賀町,18900,40,3849,,,,,,,,,,,,,,,
404012,福岡県,小竹町,6890,40,4012,,,,,,,,,,,,,,,
404021,福岡県,鞍手町,14774,40,4021,,,,,,,,,,,,,,,
404217,福岡県,桂川町,12738,40,4217,,,,,,,,,,,,,,,
404471,福岡県,筑前町,30805,40,4471,,,,,,,,,,,,,,,
404489,福岡県,東峰村,1762,40,4489,,,,,,,,,,,,,,,
405035,福岡県,大刀洗町,16121,40,5035,,,,,,,,,,,,,,,
405221,福岡県,大木町,13653,40,5221,,,,,,,,,,,,,,,
405442,福岡県,広川町,19141,40,5442,,,,,,,,,,,,,,,
406015,福岡県,香春町,9962,40,6015,,,,,,,,,,,,,,,
406023,福岡県,添田町,8311,40,6023,,,,,,,,,,,,,,,
406040,福岡県,糸田町,8269,40,6040,,,,,,,,,,,,,,,
406058,福岡県,川崎町,14804,40,6058,,,,,,,,,,,,,,,
406082,福岡県,大任町,5037,40,6082,,,,,,,,,,,,,,,
406091,福岡県,赤村,2843,40,6091,,,,,,,,,,,,,,,
406104,福岡県,福智町,20888,40,6104,,,,,,,,,,,,,,,
406210,福岡県,苅田町,37553,40,6210,,,,,,,,,,,,,,,
406252,福岡県,みやこ町,17710,40,6252,,,,,,,,,,,,,,,
406422,福岡県,吉富町,6512,40,6422,,,,,,,,,,,,,,,
406465,福岡県,上毛町,7142,40,6465,,,,,,,,,,,,,,,
406473,福岡県,築上町,16434,40,6473,,,,,,,,,,,,,,,
412015,佐賀県,,794252,41,,,,,,,,,,,,,,,,
412015,佐賀県,佐賀市,226481,41,2015,,,,,,,,,,,,,,,
412023,佐賀県,唐津市,113890,41,2023,,,,,,,,,,,,,,,
412031,佐賀県,鳥栖市,74529,41,2031,,,,,,,,,,,,,,,
412040,佐賀県,多久市,17604,41,2040,,,,,,,,,,,,,,,
412058,佐賀県,伊万里市,51664,41,2058,,,,,,,,,,,,,,,
412066,佐賀県,武雄市,46972,41,2066,,,,,,,,,,,,,,,
412074,佐賀県,鹿島市,27242,41,2074,,,,,,,,,,,,,,,
412082,佐賀県,小城市,44063,41,2082,,,,,,,,,,,,,,,
412091,佐賀県,嬉野市,24446,41,2091,,,,,,,,,,,,,,,
412104,佐賀県,神埼市,30185,41,2104,,,,,,,,,,,,,,,
413275,佐賀県,吉野ヶ里町,16162,41,3275,,,,,,,,,,,,,,,
413411,佐賀県,基山町,17565,41,3411,,,,,,,,,,,,,,,
413453,佐賀県,上峰町,9870,41,3453,,,,,,,,,,,,,,,
413461,佐賀県,みやき町,25773,41,3461,,,,,,,,,,,,,,,
413879,佐賀県,玄海町,4825,41,3879,,,,,,,,,,,,,,,
414018,佐賀県,有田町,18539,41,4018,,,,,,,,,,,,,,,
414239,佐賀県,大町町,5941,41,4239,,,,,,,,,,,,,,,
414247,佐賀県,江北町,9617,41,4247,,,,,,,,,,,,,,,
414255,佐賀県,白石町,21010,41,4255,,,,,,,,,,,,,,,
414417,佐賀県,太良町,7874,41,4417,,,,,,,,,,,,,,,
422011,長崎県,,1274371,42,,,,,,,,,,,,,,,,
422011,長崎県,長崎市,390551,42,2011,,,,,,,,,,,,,,,
422029,長崎県,佐世保市,233507,42,2029,,,,,,,,,,,,,,,
422037,長崎県,島原市,42044,42,2037,,,,,,,,,,,,,,,
422045,長崎県,諫早市,133479,42,2045,,,,,,,,,,,,,,,
422053,長崎県,大村市,99694,42,2053,,,,,,,,,,,,,,,
422070,長崎県,平戸市,27908,42,2070,,,,,,,,,,,,,,,
422088,長崎県,松浦市,20439,42,2088,,,,,,,,,,,,,,,
422096,長崎県,対馬市,27102,42,2096,,,,,,,,,,,,,,,
422100,長崎県,壱岐市,23736,42,2100,,,,,,,,,,,,,,,
422118,長崎県,五島市,33739,42,2118,,,,,,,,,,,,,,,
422126,長崎県,西海市,24973,42,2126,,,,,,,,,,,,,,,
422134,長崎県,雲仙市,40724,42,2134,,,,,,,,,,,,,,,
422142,長崎県,南島原市,40640,42,2142,,,,,,,,,,,,,,,
423076,長崎県,長与町,39479,42,3076,,,,,,,,,,,,,,,
423084,長崎県,時津町,29240,42,3084,,,,,,,,,,,,,,,
423211,長崎県,東彼杵町,7348,42,3211,,,,,,,,,,,,,,,
423220,長崎県,川棚町,12948,42,3220,,,,,,,,,,,,,,,
423238,長崎県,波佐見町,14111,42,3238,,,,,,,,,,,,,,,
423831,長崎県,小値賀町,2115,42,3831,,,,,,,,,,,,,,,
423912,長崎県,佐々町,13912,42,3912,,,,,,,,,,,,,,,
424111,長崎県,新上五島町,16682,42,4111,,,,,,,,,,,,,,,
431001,熊本県,,1716360,43,,,,,,,,,,,,,,,,
431001,熊本県,熊本市,731331,43,1001,,,,,,,,,,,,,,,
432024,熊本県,八代市,120023,43,2024,,,,,,,,,,,,,,,
432032,熊本県,人吉市,29742,43,2032,,,,,,,,,,,,,,,
432041,熊本県,荒尾市,49036,43,2041,,,,,,,,,,,,,,,
432059,熊本県,水俣市,21639,43,2059,,,,,,,,,,,,,,,
432067,熊本県,玉名市,62582,43,2067,,,,,,,,,,,,,,,
432083,熊本県,山鹿市,48002,43,2083,,,,,,,,,,,,,,,
432105,熊本県,菊池市,46599,43,2105,,,,,,,,,,,,,,,
432113,熊本県,宇土市,36143,43,2113,,,,,,,,,,,,,,,
432121,熊本県,上天草市,23592,43,2121,,,,,,,,,,,,,,,
432130,熊本県,宇城市,56356,43,2130,,,,,,,,,,,,,,,
432148,熊本県,阿蘇市,24170,43,2148,,,,,,,,,,,,,,,
432156,熊本県,天草市,71920,43,2156,,,,,,,,,,,,,,,
432164,熊本県,合志市,65160,43,2164,,,,,,,,,,,,,,,
433489,熊本県,美里町,8632,43,3489,,,,,,,,,,,,,,,
433641,熊本県,玉東町,5158,43,3641,,,,,,,,,,,,,,,
433675,熊本県,南関町,8657,43,3675,,,,,,,,,,,,,,,
433683,熊本県,長洲町,15220,43,3683,,,,,,,,,,,,,,,
433691,熊本県,和水町,9007,43,3691,,,,,,,,,,,,,,,
434035,熊本県,大津町,36343,43,4035,,,,,,,,,,,,,,,
434043,熊本県,菊陽町,43761,43,4043,,,,,,,,,,,,,,,
434230,熊本県,南小国町,3804,43,4230,,,,,,,,,,,,,,,
434248,熊本県,小国町,6295,43,4248,,,,,,,,,,,,,,,
434256,熊本県,産山村,1361,43,4256,,,,,,,,,,,,,,,
434281,熊本県,高森町,5823,43,4281,,,,,,,,,,,,,,,
434329,熊本県,西原村,7074,43,4329,,,,,,,,,,,,,,,
434337,熊本県,南阿蘇村,10026,43,4337,,,,,,,,,,,,,,,
434418,熊本県,御船町,17270,43,4418,,,,,,,,,,,,,,,
434426,熊本県,嘉島町,10254,43,4426,,,,,,,,,,,,,,,
434434,熊本県,益城町,34107,43,4434,,,,,,,,,,,,,,,
434442,熊本県,甲佐町,9948,43,4442,,,,,,,,,,,,,,,
434477,熊本県,山都町,12887,43,4477,,,,,,,,,,,,,,,
434680,熊本県,氷川町,10742,43,4680,,,,,,,,,,,,,,,
434825,熊本県,芦北町,14877,43,4825,,,,,,,,,,,,,,,
434841,熊本県,津奈木町,4107,43,4841,,,,,,,,,,,,,,,
435015,熊本県,錦町,10033,43,5015,,,,,,,,,,,,,,,
435058,熊本県,多良木町,8321,43,5058,,,,,,,,,,,,,,,
435066,熊本県,湯前町,3445,43,5066,,,,,,,,,,,,,,,
435074,熊本県,水上村,1933,43,5074,,,,,,,,,,,,,,,
435104,熊本県,相良村,3961,43,5104,,,,,,,,,,,,,,,
435112,熊本県,五木村,929,43,5112,,,,,,,,,,,,,,,
435121,熊本県,山江村,3162,43,5121,,,,,,,,,,,,,,,
435139,熊本県,球磨村,2648,43,5139,,,,,,,,,,,,,,,
435147,熊本県,あさぎり町,14058,43,5147,,,,,,,,,,,,,,,
435317,熊本県,苓北町,6222,43,5317,,,,,,,,,,,,,,,
442011,大分県,,1102102,44,,,,,,,,,,,,,,,,
442011,大分県,大分市,472898,44,2011,,,,,,,,,,,,,,,
442020,大分県,別府市,112115,44,2020,,,,,,,,,,,,,,,
442038,大分県,中津市,81524,44,2038,,,,,,,,,,,,,,,
442046,大分県,日田市,60207,44,2046,,,,,,,,,,,,,,,
442054,大分県,佐伯市,64450,44,2054,,,,,,,,,,,,,,,
442062,大分県,臼杵市,34895,44,2062,,,,,,,,,,,,,,,
442071,大分県,津久見市,14980,44,2071,,,,,,,,,,,,,,,
442089,大分県,竹田市,18917,44,2089,,,,,,,,,,,,,,,
442097,大分県,豊後高田市,21748,44,2097,,,,,,,,,,,,,,,
442101,大分県,杵築市,26153,44,2101,,,,,,,,,,,,,,,
442119,大分県,宇佐市,51972,44,2119,,,,,,,,,,,,,,,
442127,大分県,豊後大野市,31998,44,2127,,,,,,,,,,,,,,,
442135,大分県,由布市,33521,44,2135,,,,,,,,,,,,,,,
442143,大分県,国東市,25074,44,2143,,,,,,,,,,,,,,,
443221,大分県,姫島村,1711,44,3221,,,,,,,,,,,,,,,
443417,大分県,日出町,27829,44,3417,,,,,,,,,,,,,,,
444618,大分県,九重町,8302,44,4618,,,,,,,,,,,,,,,
444626,大分県,玖珠町,13808,44,4626,,,,,,,,,,,,,,,
452017,宮崎県,,1048347,45,,,,,,,,,,,,,,,,
452017,宮崎県,宮崎市,394504,45,2017,,,,,,,,,,,,,,,
452025,宮崎県,都城市,162574,45,2025,,,,,,,,,,,,,,,
452033,宮崎県,延岡市,113936,45,2033,,,,,,,,,,,,,,,
452041,宮崎県,日南市,48198,45,2041,,,,,,,,,,,,,,,
452050,宮崎県,小林市,42075,45,2050,,,,,,,,,,,,,,,
452068,宮崎県,日向市,57847,45,2068,,,,,,,,,,,,,,,
452076,宮崎県,串間市,16047,45,2076,,,,,,,,,,,,,,,
452084,宮崎県,西都市,28078,45,2084,,,,,,,,,,,,,,,
452092,宮崎県,えびの市,17067,45,2092,,,,,,,,,,,,,,,
453412,宮崎県,三股町,25684,45,3412,,,,,,,,,,,,,,,
453617,宮崎県,高原町,8393,45,3617,,,,,,,,,,,,,,,
453820,宮崎県,国富町,18243,45,3820,,,,,,,,,,,,,,,
453838,宮崎県,綾町,6785,45,3838,,,,,,,,,,,,,,,
454010,宮崎県,高鍋町,19275,45,4010,,,,,,,,,,,,,,,
454028,宮崎県,新富町,16480,45,4028,,,,,,,,,,,,,,,
454036,宮崎県,西米良村,991,45,4036,,,,,,,,,,,,,,,
454044,宮崎県,木城町,4710,45,4044,,,,,,,,,,,,,,,
454052,宮崎県,川南町,14617,45,4052,,,,,,,,,,,,,,,
454061,宮崎県,都農町,10018,45,4061,,,,,,,,,,,,,,,
454214,宮崎県,門川町,16989,45,4214,,,,,,,,,,,,,,,
454290,宮崎県,諸塚村,1406,45,4290,,,,,,,,,,,,,,,
454303,宮崎県,椎葉村,2406,45,4303,,,,,,,,,,,,,,,
454311,宮崎県,美郷町,4522,45,4311,,,,,,,,,,,,,,,
454419,宮崎県,高千穂町,10805,45,4419,,,,,,,,,,,,,,,
454427,宮崎県,日之影町,3419,45,4427,,,,,,,,,,,,,,,
454435,宮崎県,五ヶ瀬町,3278,45,4435,,,,,,,,,,,,,,,
462012,鹿児島県,,1558920,46,,,,,,,,,,,,,,,,
462012,鹿児島県,鹿児島市,591263,46,2012,,,,,,,,,,,,,,,
462039,鹿児島県,鹿屋市,98626,46,2039,,,,,,,,,,,,,,,
462047,鹿児島県,枕崎市,18898,46,2047,,,,,,,,,,,,,,,
462063,鹿児島県,阿久根市,18147,46,2063,,,,,,,,,,,,,,,
462080,鹿児島県,出水市,51405,46,2080,,,,,,,,,,,,,,,
462101,鹿児島県,指宿市,37207,46,2101,,,,,,,,,,,,,,,
462136,鹿児島県,西之表市,14095,46,2136,,,,,,,,,,,,,,,
462144,鹿児島県,垂水市,12973,46,2144,,,,,,,,,,,,,,,
462152,鹿児島県,薩摩川内市,90536,46,2152,,,,,,,,,,,,,,,
462161,鹿児島県,日置市,46134,46,2161,,,,,,,,,,,,,,,
462179,鹿児島県,曽於市,32185,46,2179,,,,,,,,,,,,,,,
462187,鹿児島県,霧島市,123070,46,2187,,,,,,,,,,,,,,,
462195,鹿児島県,いちき串木野市,25808,46,2195,,,,,,,,,,,,,,,
462209,鹿児島県,南さつま市,31094,46,2209,,,,,,,,,,,,,,,
462217,鹿児島県,志布志市,28693,46,2217,,,,,,,,,,,,,,,
462225,鹿児島県,奄美市,40239,46,2225,,,,,,,,,,,,,,,
462233,鹿児島県,南九州市,31457,46,2233,,,,,,,,,,,,,,,
462241,鹿児島県,伊佐市,22748,46,2241,,,,,,,,,,,,,,,
462250,鹿児島県,姶良市,78123,46,2250,,,,,,,,,,,,,,,
463035,鹿児島県,三島村,344,46,3035,,,,,,,,,,,,,,,
463043,鹿児島県,十島村,673,46,3043,,,,,,,,,,,,,,,
463922,鹿児島県,さつま町,18696,46,3922,,,,,,,,,,,,,,,
464040,鹿児島県,長島町,9399,46,4040,,,,,,,,,,,,,,,
464520,鹿児島県,湧水町,8294,46,4520,,,,,,,,,,,,,,,
464686,鹿児島県,大崎町,11914,46,4686,,,,,,,,,,,,,,,
464821,鹿児島県,東串良町,6361,46,4821,,,,,,,,,,,,,,,
464902,鹿児島県,錦江町,6165,46,4902,,,,,,,,,,,,,,,
464911,鹿児島県,南大隅町,5912,46,4911,,,,,,,,,,,,,,,
464929,鹿児島県,肝付町,13587,46,4929,,,,,,,,,,,,,,,
465011,鹿児島県,中種子町,7102,46,5011,,,,,,,,,,,,,,,
465020,鹿児島県,南種子町,5196,46,5020,,,,,,,,,,,,,,,
465054,鹿児島県,屋久島町,11326,46,5054,,,,,,,,,,,,,,,
465232,鹿児島県,大和村,1384,46,5232,,,,,,,,,,,,,,,
465241,鹿児島県,宇検村,1604,46,5241,,,,,,,,,,,,,,,
465259,鹿児島県,瀬戸内町,8084,46,5259,,,,,,,,,,,,,,,
465275,鹿児島県,龍郷町,6014,46,5275,,,,,,,,,,,,,,,
465291,鹿児島県,喜界町,6307,46,5291,,,,,,,,,,,,,,,
465305,鹿児島県,徳之島町,9844,46,5305,,,,,,,,,,,,,,,
465313,鹿児島県,天城町,5461,46,5313,,,,,,,,,,,,,,,
465321,鹿児島県,伊仙町,6132,46,5321,,,,,,,,,,,,,,,
465330,鹿児島県,和泊町,5975,46,5330,,,,,,,,,,,,,,,
465348,鹿児島県,知名町,5383,46,5348,,,,,,,,,,,,,,,
465356,鹿児島県,与論町,5062,46,5356,,,,,,,,,,,,,,,
472018,沖縄県,,1484081,47,,,,,,,,,,,,,,,,
472018,沖縄県,那覇市,313424,47,2018,,,,,,,,,,,,,,,
472051,沖縄県,宜野湾市,100443,47,2051,,,,,,,,,,,,,,,
472077,沖縄県,石垣市,49830,47,2077,,,,,,,,,,,,,,,
472085,沖縄県,浦添市,115486,47,2085,,,,,,,,,,,,,,,
472093,沖縄県,名護市,64734,47,2093,,,,,,,,,,,,,,,
472107,沖縄県,糸満市,62250,47,2107,,,,,,,,,,,,,,,
472115,沖縄県,沖縄市,141739,47,2115,,,,,,,,,,,,,,,
472123,沖縄県,豊見城市,65889,47,2123,,,,,,,,,,,,,,,
472131,沖縄県,うるま市,126948,47,2131,,,,,,,,,,,,,,,
472140,沖縄県,宮古島市,55656,47,2140,,,,,,,,,,,,,,,
472158,沖縄県,南城市,46929,47,2158,,,,,,,,,,,,,,,
473014,沖縄県,国頭村,4459,47,3014,,,,,,,,,,,,,,,
473022,沖縄県,大宜味村,2910,47,3022,,,,,,,,,,,,,,,
473031,沖縄県,東村,1701,47,3031,,,,,,,,,,,,,,,
473065,沖縄県,今帰仁村,9183,47,3065,,,,,,,,,,,,,,,
473081,沖縄県,本部町,12899,47,3081,,,,,,,,,,,,,,,
473111,沖縄県,恩納村,11316,47,3111,,,,,,,,,,,,,,,
473138,沖縄県,宜野座村,6500,47,3138,,,,,,,,,,,,,,,
473146,沖縄県,金武町,11481,47,3146,,,,,,,,,,,,,,,
473154,沖縄県,伊江村,4268,47,3154,,,,,,,,,,,,,,,
473243,沖縄県,読谷村,42289,47,3243,,,,,,,,,,,,,,,
473251,沖縄県,嘉手納町,12909,47,3251,,,,,,,,,,,,,,,
473260,沖縄県,北谷町,29259,47,3260,,,,,,,,,,,,,,,
473278,沖縄県,北中城村,17951,47,3278,,,,,,,,,,,,,,,
473286,沖縄県,中城村,22683,47,3286,,,,,,,,,,,,,,,
473294,沖縄県,西原町,35659,47,3294,,,,,,,,,,,,,,,
473481,沖縄県,与那原町,19920,47,3481,,,,,,,,,,,,,,,
473502,沖縄県,南風原町,41330,47,3502,,,,,,,,,,,,,,,
473537,沖縄県,渡嘉敷村,665,47,3537,,,,,,,,,,,,,,,
473545,沖縄県,座間味村,873,47,3545,,,,,,,,,,,,,,,
473553,沖縄県,粟国村,676,47,3553,,,,,,,,,,,,,,,
473561,沖縄県,渡名喜村,291,47,3561,,,,,,,,,,,,,,,
473570,沖縄県,南大東村,1227,47,3570,,,,,,,,,,,,,,,
473588,沖縄県,北大東村,544,47,3588,,,,,,,,,,,,,,,
473596,沖縄県,伊平屋村,1191,47,3596,,,,,,,,,,,,,,,
473600,沖縄県,伊是名村,1237,47,3600,,,,,,,,,,,,,,,
473618,沖縄県,久米島町,7140,47,3618,,,,,,,,,,,,,,,
473626,沖縄県,八重瀬町,33255,47,3626,,,,,,,,,,,,,,,
473758,沖縄県,多良間村,1040,47,3758,,,,,,,,,,,,,,,
473812,沖縄県,竹富町,4208,47,3812,,,,,,,,,,,,,,,
473821,沖縄県,与那国町,1689,47,3821,,,,,,,,,,,,,,,
